open_access,year,authors,title,journal,doi,arxiv_id,materials,data_types,wavelength_um,citations,license,entries
True,2026,"Ganzhinov, Mattinen, Vehkamäki",Atomic Layer Deposition of Metallic Molybdenum Dioxide Thin Films Enabling High‐k Rutile Capacitors,Advanced Materials Interfaces,10.1002/admi.70512,,MoO2,tabulated nk,0.191275192-1.687893555,0,http://creativecommons.org/licenses/by/4.0/,main/MoO2/nk/Ganzhinov.yml
True,2026,"Pruszyńska-Karbownik, Fąs, Brańko",Optical Bound States in the Continuum in Subwavelength Gratings Made of an Epitaxial van der Waals Material,ACS Nano,10.1021/acsnano.5c12870,,MoSe2,tabulated n; tabulated nk,0.193-1.690,2,https://creativecommons.org/licenses/by/4.0/,main/MoSe2/nk/Pruszynska-Karbownik-e.yml; main/MoSe2/nk/Pruszynska-Karbownik-o.yml
True,2026,"Choi, Lynch, Chen",Natural hyperbolicity of hexagonal boron nitride in the deep ultraviolet,Nature Communications,10.1038/s41467-026-69536-4,,BN,tabulated nk,0.190-1.000,7,https://creativecommons.org/licenses/by/4.0,main/BN/nk/Choi-e.yml; main/BN/nk/Choi-o.yml
True,2026,"Siefke, Gerold, Shestaeva",Atomic layer deposition for hafnium oxide-based meta-optics in the ultraviolet spectral range,Journal of the European Optical Society-Rapid Publications,10.1051/jeos/2026036,,HfO2,tabulated nk,0.1239842-0.6199210,1,https://creativecommons.org/licenses/by/4.0,main/HfO2/nk/Siefke.yml
True,2026,"Franta, Hroncová, Mureșan",Dispersion models describing coupled systems in doped crystals. II. Infrared phonon excitations in GaAs single crystals and phonon–plasmon coupling in Zn-doped GaAs,Journal of Applied Physics,10.1063/5.0314388,,GaAs,tabulated nk,0.895234-399.638,1,https://creativecommons.org/licenses/by/4.0/,main/GaAs/nk/Franta-300K.yml; main/GaAs/nk/Franta-370K.yml; main/GaAs/nk/Franta-440K.yml
True,2025,"Jin, Aglieri, Jeong",Enhanced Terahertz Spectroscopy of a Monolayer Transition Metal Dichalcogenide,Advanced Functional Materials,10.1002/adfm.202419841,,WSe2,tabulated nk,2.9979e+01-5.9958e+01,4,http://creativecommons.org/licenses/by/4.0/,main/WSe2/nk/Jin.yml
True,2025,"Karaman, Naidu, Bowman",Decoupling Optical and Thermal Dynamics in Dielectric Metasurfaces for Self‐Encoded Photonic Control,Laser & Photonics Reviews,10.1002/lpor.202501014,,Si,tabulated nk,0.210-2.500,8,http://creativecommons.org/licenses/by/4.0/,main/Si/nk/Karaman-120C.yml; main/Si/nk/Karaman-170C.yml; main/Si/nk/Karaman-20C.yml; main/Si/nk/Karaman-220C.yml; main/Si/nk/Karaman-70C.yml
True,2025,"Cheikh, Gonçalves, Labbé",Tailoring structural and optical properties of Ta2O5 thin films via radio frequency magnetron sputtering for high-refractive index transparent materials,Journal of Alloys and Compounds,10.1016/j.jallcom.2025.183273,,Ta2O5,tabulated nk,0.20667-1.24000,11,http://creativecommons.org/licenses/by/4.0/,main/Ta2O5/nk/Cheikh-amorphous-3.28-12-25.yml; main/Ta2O5/nk/Cheikh-amorphous-3.28-16-25.yml; main/Ta2O5/nk/Cheikh-amorphous-3.28-4-25.yml; main/Ta2O5/nk/Cheikh-amorphous-3.28-8-25.yml; main/Ta2O5/nk/Cheikh-amorphous-3.28-8-450.yml; main/Ta2O5/nk/Cheikh-amorphous-3.28-8-550.yml; main/Ta2O5/nk/Cheikh-amorphous-4.38-12-25.yml; main/Ta2O5/nk/Cheikh-amorphous-5.48-12-25.yml; main/Ta2O5/nk/Cheikh-amorphous-6.75-12-25.yml; main/Ta2O5/nk/Cheikh-crystalline-3.28-8-650.yml; main/Ta2O5/nk/Cheikh-crystalline-3.28-8-750.yml; main/Ta2O5/nk/Cheikh-crystalline-3.28-8-850.yml
True,2025,"Franta, Mureșan, Ondračka",Wide spectral range optical characterization of terbium gallium garnet (TGG) single crystal by universal dispersion model,Optics & Laser Technology,10.1016/j.optlastec.2024.111916,,Tb3Ga5O12,tabulated nk,0.119997-400.009,7,http://creativecommons.org/licenses/by/4.0/,main/Tb3Ga5O12/nk/Franta.yml
True,2025,"Slavich, Ermolaev, Zavidovskiy",Germanium disulfide as an alternative high refractive index and transparent material for UV-visible nanophotonics,Light: Science & Applications,10.1038/s41377-025-01886-y,,GeS2,tabulated n; tabulated nk,0.29945-2.04216,11,https://creativecommons.org/licenses/by/4.0,main/GeS2/nk/Slavich-abinitio-alpha.yml; main/GeS2/nk/Slavich-abinitio-beta.yml; main/GeS2/nk/Slavich-abinitio-gamma.yml; main/GeS2/nk/Slavich-alpha.yml; main/GeS2/nk/Slavich-beta.yml; main/GeS2/nk/Slavich-gamma.yml
True,2025,"Chen, Yang, Xie",Broadband measurement of Feibelman’s quantum surface response functions,Proceedings of the National Academy of Sciences,10.1073/pnas.2501121122,,Au,tabulated nk,0.210-0.600,2,https://creativecommons.org/licenses/by-nc-nd/4.0/,main/Au/nk/Chen.yml
True,2025,"Gadras, Bourdon, Fées",Optical refractive index measurements of AlGaAs at high temperature for fully automated molecular beam epitaxy growth of Bragg mirrors,Journal of Physics D: Applied Physics,10.1088/1361-6463/ae172c,,AlAs; GaAs,tabulated nk,4.502291e-01-1.399642e+00,1,https://creativecommons.org/licenses/by/4.0/,main/AlAs/nk/Gadras.yml; main/GaAs/nk/Gadras.yml
True,2025,"van der Linden, Kuzkova, Kraus",Nonlinear refractive index measurements of solids and the impact of B-integral on the phase of generated high-order harmonics,Optics Express,10.1364/oe.579736,,CaF2; KBr; SiO2,tabulated n2,0.804-0.804,2,https://creativecommons.org/licenses/by/4.0/,main/CaF2/n2/VanderLinden.yml; main/KBr/n2/VanderLinden.yml; main/SiO2/n2/VanderLinden.yml
True,2024,"Slavich, Ermolaev, Tatmyshevskiy",Exploring van der Waals materials with high anisotropy: geometrical and optical approaches,Light: Science & Applications,10.1038/s41377-024-01407-3,,As2S3,tabulated n; tabulated nk,0.29875-2.07115,49,https://creativecommons.org/licenses/by/4.0,main/As2S3/nk/Slavich-abinitio-alpha.yml; main/As2S3/nk/Slavich-abinitio-beta.yml; main/As2S3/nk/Slavich-abinitio-gamma.yml; main/As2S3/nk/Slavich-alpha.yml; main/As2S3/nk/Slavich-beta.yml; main/As2S3/nk/Slavich-gamma.yml
True,2023,"Zotev, Wang, Andres‐Penares",Van der Waals Materials for Applications in Nanophotonics,Laser & Photonics Reviews,10.1002/lpor.202200957,,BN; GaS; HfSe2; In2Se3; MnPSe3; MoS2; MoSe2; NiPS3; WS2; WSe2; ZrSe2,tabulated n; tabulated nk,0.3600-1.0000,90,http://creativecommons.org/licenses/by/4.0/,main/BN/nk/Zotev-e.yml; main/BN/nk/Zotev-o.yml; main/GaS/nk/Zotev-e.yml; main/GaS/nk/Zotev-o.yml; main/HfSe2/nk/Zotev-e.yml; main/HfSe2/nk/Zotev-o.yml; main/In2Se3/nk/Zotev.yml; main/MnPSe3/nk/Zotev.yml; main/MoS2/nk/Zotev-e.yml; main/MoS2/nk/Zotev-o.yml; main/MoSe2/nk/Zotev-e.yml; main/MoSe2/nk/Zotev-o.yml; main/NiPS3/nk/Zotev.yml; main/WS2/nk/Zotev-e.yml; main/WS2/nk/Zotev-o.yml; main/WSe2/nk/Zotev-e.yml; main/WSe2/nk/Zotev-o.yml; main/ZrSe2/nk/Zotev-e.yml; main/ZrSe2/nk/Zotev-o.yml
True,2023,"Beliaev, Shkondin, Lavrinenko","Optical properties of plasmonic titanium nitride thin films from ultraviolet to mid-infrared wavelengths deposited by pulsed-DC sputtering, thermal and plasma-enhanced atomic layer deposition",Optical Materials,10.1016/j.optmat.2023.114237,,TiN,tabulated nk,0.21140-20.00000,38,http://creativecommons.org/licenses/by/4.0/,main/TiN/nk/Beliaev-sputtering.yml
True,2023,"Oguntoye, Padmanabha, Hinkle",Continuously Tunable Optical Modulation Using Vanadium Dioxide Huygens Metasurfaces,ACS Applied Materials & Interfaces,10.1021/acsami.3c08493,,VO2,tabulated nk,0.210-2.500,48,https://creativecommons.org/licenses/by/4.0/,main/VO2/nk/Oguntoye-20C.yml; main/VO2/nk/Oguntoye-30C.yml; main/VO2/nk/Oguntoye-40C.yml; main/VO2/nk/Oguntoye-50C.yml; main/VO2/nk/Oguntoye-55C.yml; main/VO2/nk/Oguntoye-60C.yml; main/VO2/nk/Oguntoye-70C.yml; main/VO2/nk/Oguntoye-80C.yml
True,2023,"Perner, Truong, Follman",Simultaneous measurement of mid-infrared refractive indices in thin-film heterostructures: Methodology and results for GaAs/AlGaAs,Physical Review Research,10.1103/physrevresearch.5.033048,,GaAs,formula 1,2.0-7.1,20,https://creativecommons.org/licenses/by/4.0/,main/GaAs/nk/Perner.yml
True,2023,"Franta, Vohánka, Dvořák",Optical Characterization of Gadolinium Fluoride Films Using Universal Dispersion Model,Coatings,10.3390/coatings13020218,,GdF3,tabulated nk,0.119975-142.878,9,https://creativecommons.org/licenses/by/4.0/,main/GdF3/nk/Franta.yml
True,2023,"Ermolaev, Vyslanko, Tselin",Broadband Optical Properties of Bi2Se3,Nanomaterials,10.3390/nano13091460,,Bi2Se3,tabulated nk,0.290-3.300,22,https://creativecommons.org/licenses/by/4.0/,main/Bi2Se3/nk/Ermolaev.yml
True,2022,"Beliaev, Shkondin, Lavrinenko","Optical, structural and composition properties of silicon nitride films deposited by reactive radio-frequency sputtering, low pressure and plasma-enhanced chemical vapor deposition",Thin Solid Films,10.1016/j.tsf.2022.139568,,Si3N4,tabulated nk,0.21140-1.68816,102,http://creativecommons.org/licenses/by/4.0/,main/Si3N4/nk/Beliaev.yml
True,2022,"Munkhbat, Wróbel, Antosiewicz","Optical Constants of Several Multilayer Transition Metal Dichalcogenides Measured by Spectroscopic Ellipsometry in the 300–1700 nm Range: High Index, Anisotropy, and Hyperbolicity",ACS Photonics,10.1021/acsphotonics.2c00433,,MoS2; MoSe2; MoTe2; NbSe2; ReS2; TaS2; TaSe2; WS2; WSe2; WTe2,tabulated n; tabulated nk,3.000000E-01-1.690000E+00,245,https://creativecommons.org/licenses/by/4.0/,main/MoS2/nk/Munkhbat-e.yml; main/MoS2/nk/Munkhbat-o.yml; main/MoSe2/nk/Munkhbat-e.yml; main/MoSe2/nk/Munkhbat-o.yml; main/MoTe2/nk/Munkhbat-e.yml; main/MoTe2/nk/Munkhbat-o.yml; main/NbSe2/nk/Munkhbat-e.yml; main/NbSe2/nk/Munkhbat-o.yml; main/ReS2/nk/Munkhbat-alpha.yml; main/ReS2/nk/Munkhbat-beta.yml; main/ReS2/nk/Munkhbat-gamma.yml; main/TaS2/nk/Munkhbat-e.yml; main/TaS2/nk/Munkhbat-o.yml; main/TaSe2/nk/Munkhbat-e.yml; main/TaSe2/nk/Munkhbat-o.yml; main/WS2/nk/Munkhbat-e.yml; main/WS2/nk/Munkhbat-o.yml; main/WSe2/nk/Munkhbat-e.yml; main/WSe2/nk/Munkhbat-o.yml; main/WTe2/nk/Munkhbat-alpha.yml; main/WTe2/nk/Munkhbat-beta.yml; main/WTe2/nk/Munkhbat-gamma.yml
True,2022,"Ermolaev, Voronin, Baranov",Topological phase singularities in atomically thin high-refractive-index materials,Nature Communications,10.1038/s41467-022-29716-4,,PdSe2,tabulated nk,0.200-10.00,98,https://creativecommons.org/licenses/by/4.0,main/PdSe2/nk/Ermolaev.yml
True,2022,"Guo, Gu, Yu",Broadband and Incident-Angle-Modulation Near-Infrared Polarizers Based on Optically Anisotropic SnSe,Nanomaterials,10.3390/nano13010134,,SnSe,tabulated nk,0.1930-1.6900,11,https://creativecommons.org/licenses/by/4.0/,main/SnSe/nk/Guo-alpha.yml; main/SnSe/nk/Guo-beta.yml; main/SnSe/nk/Guo-gamma.yml
True,2021,"Islam, Synowicki, Ismael","In‐Plane and Out‐of‐Plane Optical Properties of Monolayer, Few‐Layer, and Thin‐Film MoS2 from 190 to 1700 nm and Their Application in Photonic Device Design",Advanced Photonics Research,10.1002/adpr.202000180,,MoS2,tabulated n; tabulated nk,0.190-1.700,95,http://creativecommons.org/licenses/by/4.0/,main/MoS2/nk/Islam-1L.yml; main/MoS2/nk/Islam-e.yml; main/MoS2/nk/Islam-fewL.yml; main/MoS2/nk/Islam-o.yml
True,2021,"Papatryfonos, Angelova, Brimont",Refractive indices of MBE-grown AlxGa(1−x)As ternary alloys in the transparent wavelength region,AIP Advances,10.1063/5.0039631,,GaAs,tabulated nk,0.26049-1.87868,119,https://creativecommons.org/licenses/by/4.0/,main/GaAs/nk/Papatryfonos.yml
True,2021,"Ermolaev, Voronin, Tatmyshevskiy",Broadband Optical Properties of Atomically Thin PtS2 and PtSe2,Nanomaterials,10.3390/nano11123269,,PtS2; PtSe2,tabulated nk,0.245-3.300,32,https://creativecommons.org/licenses/by/4.0/,main/PtS2/nk/Ermolaev.yml; main/PtSe2/nk/Ermolaev.yml
True,2021,"Ermolaev, Yakubovsky, El-Sayed",Broadband Optical Constants and Nonlinear Properties of SnS2 and SnSe2,Nanomaterials,10.3390/nano12010141,,SnS2; SnSe2,tabulated nk,0.300-3.300,48,https://creativecommons.org/licenses/by/4.0/,main/SnS2/nk/Ermolaev.yml; main/SnSe2/nk/Ermolaev.yml
True,2020,"Ermolaev, Stebunov, Vyshnevyy",Broadband optical properties of monolayer and bulk MoS2,npj 2D Materials and Applications,10.1038/s41699-020-0155-x,,MoS2,tabulated n; tabulated nk,0.290-3.300,243,https://creativecommons.org/licenses/by/4.0,main/MoS2/nk/Ermolaev-1L.yml; main/MoS2/nk/Ermolaev-e.yml; main/MoS2/nk/Ermolaev-o.yml
True,2020,"Rosenblatt, Simkhovich, Bartal",Nonmodal Plasmonics: Controlling the Forced Optical Response of Nanostructures,Physical Review X,10.1103/physrevx.10.011071,,Au,tabulated nk,0.300-2.000,42,https://creativecommons.org/licenses/by/4.0/,main/Au/nk/Rosenblatt-11nm.yml; main/Au/nk/Rosenblatt-21nm.yml; main/Au/nk/Rosenblatt-44nm.yml
True,2019,"Hsu, Frisenda, Schmidt","Thickness‐Dependent Refractive Index of 1L, 2L, and 3L MoS2, MoSe2, WS2, and WSe2",Advanced Optical Materials,10.1002/adom.201900239,,MoS2; MoSe2; WS2; WSe2,tabulated nk,0.39697-0.85697,237,http://creativecommons.org/licenses/by-nc/4.0/,main/MoS2/nk/Hsu-1L.yml; main/MoS2/nk/Hsu-2L.yml; main/MoS2/nk/Hsu-3L.yml; main/MoSe2/nk/Hsu-1L.yml; main/MoSe2/nk/Hsu-2L.yml; main/MoSe2/nk/Hsu-3L.yml; main/WS2/nk/Hsu-1L.yml; main/WS2/nk/Hsu-2L.yml; main/WS2/nk/Hsu-3L.yml; main/WSe2/nk/Hsu-1L.yml; main/WSe2/nk/Hsu-2L.yml; main/WSe2/nk/Hsu-3L.yml
True,2019,"Gu, Song, Fang",Layer-dependent dielectric and optical properties of centimeter-scale 2D WSe2: evolution from a single layer to few layers,Nanoscale,10.1039/c9nr04270a,,WSe2,tabulated nk,0.1930-1.6900,80,http://creativecommons.org/licenses/by-nc/3.0/,main/WSe2/nk/Gu-1L.yml; main/WSe2/nk/Gu-2L.yml; main/WSe2/nk/Gu-3L.yml; main/WSe2/nk/Gu-4L.yml; main/WSe2/nk/Gu-5L.yml
True,2018,"Jung, Yoo, Park",Measuring the optical permittivity of two‐dimensional materials withouta priori knowledge of electronic transitions,Nanophotonics,10.1515/nanoph-2018-0120,,MoS2; WS2; WSe2,tabulated nk,0.3813-0.89341,111,http://creativecommons.org/licenses/by/4.0/,main/MoS2/nk/Jung.yml; main/WS2/nk/Jung.yml; main/WSe2/nk/Jung.yml
True,2017,"Chemnitz, Gebhardt, Gaida",Hybrid soliton dynamics in liquid-core fibres,Nature Communications,10.1038/s41467-017-00033-5,,CS2,formula 1,0.3-12,124,https://creativecommons.org/licenses/by/4.0,main/CS2/nk/Chemnitz.yml
True,2017,"Stelling, Singh, Karg",Plasmonic nanomeshes: their ambivalent role as transparent electrodes in organic solar cells,Scientific Reports,10.1038/srep42530,,MoO3; ZnO,tabulated nk,0.30082-0.89945,264,https://creativecommons.org/licenses/by/4.0,main/MoO3/nk/Stelling.yml; main/ZnO/nk/Stelling.yml
True,2016,"Siefke, Kroker, Pfeiffer",Materials Pushing the Application Limits of Wire Grid Polarizers further into the Deep Ultraviolet Spectral Range,Advanced Optical Materials,10.1002/adom.201600250,,TiO2,tabulated nk,0.120181141-125.1227623,459,http://creativecommons.org/licenses/by-nc/4.0/,main/TiO2/nk/Siefke.yml
True,2016,"Jiang, Pillai, Green",Realistic Silver Optical Constants for Plasmonics,Scientific Reports,10.1038/srep30605,,Ag,tabulated nk,0.300-2.000,106,https://creativecommons.org/licenses/by/4.0,main/Ag/nk/Jiang.yml
True,2015,"Zhang, Ma, Wan",Measuring the Refractive Index of Highly Crystalline Monolayer MoS2 with High Confidence,Scientific Reports,10.1038/srep08440,,MoS2,tabulated nk,0.400-0.750,170,https://creativecommons.org/licenses/by/4.0,main/MoS2/nk/Zhang.yml
True,1993,"Ghosal, Ebert, Self","The infrared refractive indices of CHBr3, CCl4 and CS2",Infrared Physics,10.1016/0020-0891(93)90120-v,,CS2,tabulated n,7.3-11.0,16,http://creativecommons.org/licenses/by-nc-nd/4.0/,main/CS2/nk/Ghosal.yml
False,2025,"Geints, Kompanets, Chekalin",Measurements of optical Kerr nonlinearity n2 in compressed gases,Optics Communications,10.1016/j.optcom.2025.132584,,Ar; CO2; N2,tabulated n2,0.80-0.80,0,,main/Ar/n2/Geints-11bar.yml; main/Ar/n2/Geints-5bar.yml; main/CO2/n2/Geints-11bar-500fs.yml; main/CO2/n2/Geints-11bar-50fs.yml; main/CO2/n2/Geints-1bar-500fs.yml; main/CO2/n2/Geints-1bar-50fs.yml; main/CO2/n2/Geints-5bar-500fs.yml; main/CO2/n2/Geints-5bar-50fs.yml; main/N2/n2/Geints-11bar-500fs.yml; main/N2/n2/Geints-11bar-50fs.yml; main/N2/n2/Geints-1bar-500fs.yml; main/N2/n2/Geints-5bar-500fs.yml; main/N2/n2/Geints-5bar-50fs.yml
False,2025,"Klinavičius, Tamulevičienė, Tamulevičius",How to Select the Proper Gold Permittivity for Generating Training Data for Deep Neural Networks for Analysis of the Nanoparticle Colloid Size Distributions from Their UV–Vis–NIR Extinction Spectra?,The Journal of Physical Chemistry C,10.1021/acs.jpcc.5c03973,,Au,tabulated nk,0.400-0.900,6,,main/Au/nk/Klinavicius-11.4nm.yml; main/Au/nk/Klinavicius-19.7nm.yml; main/Au/nk/Klinavicius-30.4nm.yml; main/Au/nk/Klinavicius-40.0nm.yml; main/Au/nk/Klinavicius-7.2nm.yml
False,2025,"Ullberg, Peci, Magnozzi",Achieving High Visibility of Monolayer MoS2 Using Backside-Illuminated Thin Films,Langmuir,10.1021/acs.langmuir.4c05229,,MoS2,tabulated nk,0.23996787-1.49978465,1,,main/MoS2/nk/Ullberg.yml
False,2025,"Wang, Shi, Zheng",Resonant enhancement of the thermoreflectance response of silicon nanodisks,Applied Physics Letters,10.1063/5.0276240,,Si,tabulated nk,0.40000-1.3053,5,,main/Si/nk/Wang-25C.yml; main/Si/nk/Wang-35C.yml; main/Si/nk/Wang-45C.yml; main/Si/nk/Wang-55C.yml; main/Si/nk/Wang-65C.yml
False,2025,"Tharrault, Ayari, Arfaoui",Optical Absorption in Indirect Semiconductor to SemimetalPtSe2 Arises from Direct Transitions,Physical Review Letters,10.1103/physrevlett.134.066901,,PtSe2,tabulated nk,0.41605-1.55038,14,,main/PtSe2/nk/Tharrault-10L.yml; main/PtSe2/nk/Tharrault-12L.yml; main/PtSe2/nk/Tharrault-1L.yml; main/PtSe2/nk/Tharrault-2L.yml; main/PtSe2/nk/Tharrault-3L.yml; main/PtSe2/nk/Tharrault-4L.yml; main/PtSe2/nk/Tharrault-5L.yml; main/PtSe2/nk/Tharrault-6L.yml; main/PtSe2/nk/Tharrault-7L.yml; main/PtSe2/nk/Tharrault-8L.yml
False,2025,"Franta, Vohánka, Dvořák",Wide spectral range optical characterization of tantalum pentoxide (Ta2O5) films by the universal dispersion model,Optical Materials Express,10.1364/ome.550708,,Ta2O5,tabulated nk,0.115976-400.286,15,,main/Ta2O5/nk/Franta-2025.yml
False,2024,"Franta, Hroncová, Dvořák",Wide spectral range optical characterization of niobium pentoxide (Nb2O5) films by universal dispersion model,Optical Materials,10.1016/j.optmat.2024.116133,,Nb2O5,tabulated nk,0.120051-399.362,6,,main/Nb2O5/nk/Franta.yml
False,2024,"Ermolaev, Vyslanko, El-Sayed",Unveiling the broadband optical properties of Bi2Te3: Ultrahigh refractive index and promising applications,Applied Physics Letters,10.1063/5.0219511,,Bi2Te3,tabulated nk,0.450-1.500,11,,main/Bi2Te3/nk/Ermolaev.yml
False,2024,"Tselin, Pogodaeva, Levchenko",Exploring the dielectric function of platinum,Physical Review B,10.1103/physrevb.110.195130,,Pt,tabulated nk,0.190000-3.500000,5,,main/Pt/nk/Tselin.yml
False,2024,"Matteo, Tochitsky, Pigeon","Pulse length effects in the nonresonant long-wave infrared nonlinear optical response of n-Ge, GaAs, and ZnSe",Journal of the Optical Society of America B,10.1364/josab.534031,,GaAs; Ge; ZnSe,tabulated n2,10.6-10.6,3,,main/GaAs/n2/Matteo-200ps.yml; main/GaAs/n2/Matteo-220fs.yml; main/Ge/n2/Matteo-200ps.yml; main/Ge/n2/Matteo-220fs.yml; main/ZnSe/n2/Matteo-200ps.yml; main/ZnSe/n2/Matteo-220fs.yml
False,2024,"Polyanskiy, Pogorelsky, Babzien",Nonlinear refraction and absorption properties of optical materials for high-peak-power long-wave-infrared lasers,Optical Materials Express,10.1364/ome.513971,,AgBr; AgCl; CsI; GaAs; Ge; KBr; NaF; Si; ZnS; ZnSe,formula 1; tabulated n2,9.2-9.2,12,,main/AgBr/n2/Polyanskiy.yml; main/AgBr/nk/Polyanskiy.yml; main/AgCl/n2/Polyanskiy.yml; main/CsI/n2/Polyanskiy.yml; main/GaAs/n2/Polyanskiy.yml; main/Ge/n2/Polyanskiy.yml; main/KBr/n2/Polyanskiy.yml; main/NaF/n2/Polyanskiy.yml; main/Si/n2/Polyanskiy.yml; main/ZnS/n2/Polyanskiy.yml; main/ZnSe/n2/Polyanskiy.yml
False,2024,"Chang, Munera, Lopez-Zelaya",Refractive index measurements of liquids from 0.5 to 2 µm using Rayleigh interferometry,Optical Materials Express,10.1364/ome.519907,,CS2,formula 1,0.4-2.0,21,,main/CS2/nk/Chang.yml
False,2023,"Jolivet, Labbé, Frilay","Structural, optical, and electrical properties of TiO2 thin films deposited by ALD: Impact of the substrate, the deposited thickness and the deposition temperature",Applied Surface Science,10.1016/j.apsusc.2022.155214,,TiO2,tabulated nk,0.20664-0.82656,192,,main/TiO2/nk/Jolivet-amorphous.yml; main/TiO2/nk/Jolivet-anatase.yml
False,2023,"Taylor, Ashcheulov, Hubík",Comparative determination of atomic boron and carrier concentration in highly boron doped nano-crystalline diamond,Diamond and Related Materials,10.1016/j.diamond.2023.109837,,C,tabulated nk,1.929754E-01-1.689784E+00,26,,main/C/nk/Taylor.yml
False,2023,"Beliaev, Shkondin, Lavrinenko",Titanium Nitride Nanotrench Metasurfaces for Mid-infrared Chemical Sensing,ACS Applied Optical Materials,10.1021/acsaom.3c00355,,TiN,tabulated nk,2.00000-20.00000,8,,main/TiN/nk/Beliaev-ALD.yml
False,2023,"Nyakuchena, Juntunen, Shea",Refractive index dispersion measurement in the short-wave infrared range using synthetic phase microscopy,Physical Chemistry Chemical Physics,10.1039/d3cp03158f,,SiO2,formula 5,1.10-1.65,14,,main/SiO2/nk/Nyakuchena.yml
False,2023,"Grudinin, Ermolaev, Baranov",Hexagonal boron nitride nanophotonics: a record-breaking material for the ultraviolet and visible spectral ranges,Materials Horizons,10.1039/d3mh00215b,,BN,tabulated n; tabulated nk,0.19883-2.01331,75,,main/BN/nk/Grudinin-DFT-e.yml; main/BN/nk/Grudinin-DFT-o.yml; main/BN/nk/Grudinin-e.yml; main/BN/nk/Grudinin-o.yml
False,2023,"Stefaniuk, Suffczyński, Wierzbowska","Optical, electronic, and structural properties ofScAlMgO4",Physical Review B,10.1103/physrevb.107.085205,,ScAlMgO4,tabulated nk,0.1930-1.6900,4,,main/ScAlMgO4/nk/Stefaniuk-e.yml; main/ScAlMgO4/nk/Stefaniuk-o.yml
False,2023,"Tikuišis, Dubroka, Uhlířová",Dielectric function of epitaxial quasi-freestanding monolayer graphene on Si-face 6H-SiC in a broad spectral range,Physical Review Materials,10.1103/physrevmaterials.7.044201,,C,tabulated nk,0.2260-4.3977,17,,main/C/nk/Tikuisis.yml
False,2023,"Matteo, Tochitsky, Joshi",Tellurium crystal pumped with ultrafast 10 µm pulses demonstrates a giant nonlinear optical response,Optics Express,10.1364/oe.497186,,Te,tabulated n2,10.6-10.6,3,,main/Te/n2/Matteo-e.yml; main/Te/n2/Matteo-o.yml
False,2023,"Panova, Tselikov, Ermolaev",Broadband optical properties of Ti3C2MXene revisited,Optics Letters,10.1364/ol.503636,,Ti3C2,tabulated nk,0.300-3.300,41,,main/Ti3C2/nk/Panova.yml
False,2023,"Zheng, Wang, Thompson","Temperature-dependent optical properties of monocrystalline CaF2, BaF2, and MgF2",Optical Materials Express,10.1364/ome.496246,,BaF2; CaF2; MgF2,formula 1,0.22-1.7,43,,main/BaF2/nk/Zheng-186C.yml; main/BaF2/nk/Zheng-21C.yml; main/BaF2/nk/Zheng-368C.yml; main/CaF2/nk/Zheng-186C.yml; main/CaF2/nk/Zheng-21C.yml; main/CaF2/nk/Zheng-368C.yml; main/MgF2/nk/Zheng-e-186C.yml; main/MgF2/nk/Zheng-e-21C.yml; main/MgF2/nk/Zheng-e-368C.yml; main/MgF2/nk/Zheng-o-186C.yml; main/MgF2/nk/Zheng-o-21C.yml; main/MgF2/nk/Zheng-o-368C.yml
False,2023,"Frantz, Myers, Clabeau","Optical constants of germanium antimony telluride (GST) in amorphous, crystalline, and intermediate states",Optical Materials Express,10.1364/ome.506019,,Ge2Sb2Te5,tabulated nk,0.35028-29.628,38,,main/Ge2Sb2Te5/nk/Frantz-amorphous.yml; main/Ge2Sb2Te5/nk/Frantz-crystal.yml
False,2022,"Horcholle, Labbé, Portier",Growth and study of Tb3+ doped Nb2O5 thin films by radiofrequency magnetron sputtering: Photoluminescence properties,Applied Surface Science,10.1016/j.apsusc.2022.153711,,Nb2O5,tabulated nk,0.20664-0.82656,27,,main/Nb2O5/nk/Horcholle-400.yml; main/Nb2O5/nk/Horcholle-800.yml
False,2022,"Yao, Shen, Hu",Optical properties of large-size and damage-free polished Lu2O3 single crystal covering the ultraviolet-visible-and near-infrared (UV–VIS–NIR) spectral region,Journal of Alloys and Compounds,10.1016/j.jallcom.2021.162726,,Lu2O3,tabulated nk,0.210-1.6900,11,,main/Lu2O3/nk/Yao.yml
False,2022,"Guo, Gu, Fang",Giant in-plane optical and electronic anisotropy of tellurene: a quantitative exploration,Nanoscale,10.1039/d2nr03226k,,Te,tabulated nk,0.400-0.900,24,,main/Te/nk/Guo-e.yml; main/Te/nk/Guo-o.yml
False,2022,"Meretska, Somhorst, Ossiander",Measurements of the magneto-optical properties of thin-film EuS at room temperature in the visible spectrum,Applied Physics Letters,10.1063/5.0090533,,EuS,tabulated nk,0.190-1.7000,4,,main/EuS/nk/Meretska.yml
False,2022,"Jansonas, Budriūnas, Vengris",Interferometric measurements of nonlinear refractive index in the infrared spectral range,Optics Express,10.1364/oe.458850,,AgGaS2; BaGa4Se7; GaAs; GaSe; KTiOAsO4; LiGaS2; Si; SiO2; ZnGeP2; ZnS; ZnSe; ZnTe,tabulated n2,2.2-3.2,28,,main/AgGaS2/n2/Jansonas-e.yml; main/AgGaS2/n2/Jansonas-o.yml; main/BaGa4Se7/n2/Jansonas.yml; main/GaAs/n2/Jansonas.yml; main/GaSe/n2/Jansonas.yml; main/KTiOAsO4/n2/Jansonas-XZ.yml; main/KTiOAsO4/n2/Jansonas-Y.yml; main/LiGaS2/n2/Jansonas-XZ.yml; main/LiGaS2/n2/Jansonas-Y.yml; main/Si/n2/Jansonas.yml; main/SiO2/n2/Jansonas.yml; main/ZnGeP2/n2/Jansonas-e.yml; main/ZnGeP2/n2/Jansonas-o.yml; main/ZnS/n2/Jansonas.yml; main/ZnSe/n2/Jansonas.yml; main/ZnTe/n2/Jansonas.yml
False,2022,"Schmitt, Felde, Döhring","Optical, structural, and functional properties of highly reflective and stable iridium mirror coatings for infrared applications",Optical Materials Express,10.1364/ome.447306,,Ir,tabulated nk,0.2000-20.0000,22,,main/Ir/nk/Schmitt-ALD.yml; main/Ir/nk/Schmitt-MS.yml
False,2021,"Sytchkova, Belosludtsev, Volosevičienė","Optical, structural and electrical properties of sputtered ultrathin chromium films",Optical Materials,10.1016/j.optmat.2021.111530,,Cr,tabulated nk,0.26210-2.5000,39,,main/Cr/nk/Sytchkova.yml
False,2021,"Guo, Gu, Fang",Complete Dielectric Tensor and Giant Optical Anisotropy in Quasi-One-Dimensional ZrTe5,ACS Materials Letters,10.1021/acsmaterialslett.1c00026,,ZrTe5,tabulated nk,0.1930-1.3000,43,,main/ZrTe5/nk/Guo-alpha.yml; main/ZrTe5/nk/Guo-beta.yml; main/ZrTe5/nk/Guo-gamma.yml
False,2021,"Ermolaev, Yakubovsky, Stebunov",Spectroscopic ellipsometry of large area monolayer WS2 and WSe2 films,AIP Conference Proceedings,10.1063/5.0054947,,WSe2,tabulated nk,0.301-1.700,9,,main/WSe2/nk/Ermolaev.yml
False,2021,"Beliaev, Shkondin, Lavrinenko",Thickness-dependent optical properties of aluminum nitride films for mid-infrared wavelengths,"Journal of Vacuum Science & Technology A: Vacuum, Surfaces, and Films",10.1116/6.0000884,,AlN,tabulated nk,0.21140-1.68816,37,,main/AlN/nk/Beliaev1.yml; main/AlN/nk/Beliaev2.yml
False,2021,"Kato, Miyata, Petrov",Refined Sellmeier equations for AgGaSe2 up to 18 µm,Applied Optics,10.1364/ao.401828,,AgGaSe2,formula 4,0.81-18,9,,main/AgGaSe2/nk/Kato-e.yml; main/AgGaSe2/nk/Kato-o.yml
False,2021,"Kato, Badikov, Miyata",Refined Sellmeier equations for BaGa4S7,Applied Optics,10.1364/ao.430424,,BaGa4S7,formula 4,0.633-8.82,7,,main/BaGa4S7/nk/Kato-alpha.yml; main/BaGa4S7/nk/Kato-beta.yml; main/BaGa4S7/nk/Kato-gamma.yml
False,2021,"Polyanskiy, Pogorelsky, Babzien",Post-compression of long-wave infrared 2 picosecond sub-terawatt pulses in bulk materials,Optics Express,10.1364/oe.434238,,BaF2; KCl; NaCl,tabulated n2,9.2-9.2,23,,main/BaF2/n2/Polyanskiy.yml; main/KCl/n2/Polyanskiy.yml; main/NaCl/n2/Polyanskiy.yml
False,2021,"Patwardhan, Ginsberg, Chen",Nonlinear refractive index of solids in mid-infrared,Optics Letters,10.1364/ol.421469,,Al2O3; CaF2; MgF2; SiO2; ZnS; ZnSe,tabulated n2,2.3-4.5,29,,main/Al2O3/n2/Patwardhan.yml; main/CaF2/n2/Patwardhan.yml; main/MgF2/n2/Patwardhan.yml; main/SiO2/n2/Patwardhan.yml; main/ZnS/n2/Patwardhan.yml; main/ZnSe/n2/Patwardhan.yml
False,2021,"Hrabovský, Kučera, Paloušová",Optical characterization of Y3Al5O12 and Lu3Al5O12 single crystals,Optical Materials Express,10.1364/ome.417670,,Lu3Al5O12; Y3Al5O12,formula 4,0.193-1.69,37,,main/Lu3Al5O12/nk/Hrabovsky.yml; main/Y3Al5O12/nk/Hrabovsky.yml
False,2021,"Franta, Mureșan",Wide spectral range optical characterization of yttrium aluminum garnet (YAG) single crystal by the universal dispersion model,Optical Materials Express,10.1364/ome.441088,,Y3Al5O12,tabulated nk,0.119914-400.286,25,,main/Y3Al5O12/nk/Franta.yml
False,2020,"Fang, Wang, Gu",Layer-dependent dielectric permittivity of topological insulator Bi2Se3 thin films,Applied Surface Science,10.1016/j.apsusc.2019.144822,,Bi2Se3,tabulated nk,0.1930-1.6900,49,,main/Bi2Se3/nk/Fang-10L.yml; main/Bi2Se3/nk/Fang-2L.yml; main/Bi2Se3/nk/Fang-4L.yml; main/Bi2Se3/nk/Fang-6L.yml; main/Bi2Se3/nk/Fang-8L.yml
False,2020,"Beaini, Baloukas, Loquai",Thermochromic VO2-based smart radiator devices with ultralow refractive index cavities for increased performance,Solar Energy Materials and Solar Cells,10.1016/j.solmat.2019.110260,,VO2,tabulated nk,0.50-25.00,95,,main/VO2/nk/Beaini-100C.yml; main/VO2/nk/Beaini-25C.yml
False,2020,"Joseph, Sarkar, Joseph",Grating-Coupled Surface Plasmon-Polariton Sensing at a Flat Metal–Analyte Interface in a Hybrid-Configuration,ACS Applied Materials & Interfaces,10.1021/acsami.0c12525,,As2Se3,tabulated nk,0.2458-1.6880,109,,main/As2Se3/nk/Joseph-400nm.yml; main/As2Se3/nk/Joseph-700nm.yml
False,2020,"Song, Liu, Wang",Giant Gate-Tunability of Complex Refractive Index in Semiconducting Carbon Nanotubes,ACS Photonics,10.1021/acsphotonics.0c01220,,C,tabulated nk,0.37096-1.68724,39,,main/C/nk/Song-Arc.yml; main/C/nk/Song-HiPco.yml
False,2020,"Rowe, Fergoda, Neshyba",Temperature‐Dependent Optical Properties of Liquid Water From 240 to 298 K,Journal of Geophysical Research: Atmospheres,10.1029/2020jd032624,,H2O,tabulated nk,6.6668373E-01-1.0395939E+04,38,,main/H2O/nk/Rowe-240K.yml; main/H2O/nk/Rowe-253K.yml; main/H2O/nk/Rowe-263K.yml; main/H2O/nk/Rowe-273K.yml
False,2020,"Ermolaev, Tsapenko, Volkov",Express determination of thickness and dielectric function of single-walled carbon nanotube films,Applied Physics Letters,10.1063/5.0012933,,C,tabulated nk,0.250-3.300,68,,main/C/nk/Ermolaev.yml
False,2020,"Svechnikov, Chkhalo, Lopatin",Optical constants of sputtered beryllium thin films determined from photoabsorption measurements in the spectral range 20.4–250 eV,Journal of Synchrotron Radiation,10.1107/s1600577519014188,,Be,tabulated nk,4.95937E-03-6.07766E-02,7,,main/Be/nk/Svechnikov.yml
False,2020,"Pigeon, Matteo, Tochitsky","Measurements of the nonlinear refractive index of AgGaSe2, GaSe, and ZnSe at 10 µm",Journal of the Optical Society of America B,10.1364/josab.395844,,AgGaSe2; GaSe; ZnSe,tabulated n2,10.6-10.6,9,,main/AgGaSe2/n2/Pigeon.yml; main/GaSe/n2/Pigeon.yml; main/ZnSe/n2/Pigeon.yml
False,2020,"Kulikova, Dobronosova, Kornienko","Optical properties of tungsten trioxide, palladium, and platinum thin films for functional nanostructures engineering",Optics Express,10.1364/oe.405403,,WO3,tabulated nk,0.300-1.000,49,,main/WO3/nk/Kulikova.yml
False,2020,"Arosa, de la Fuente",Refractive index spectroscopy and material dispersion in fused silica glass,Optics Letters,10.1364/ol.395510,,SiO2,formula 1,0.26-1.7,74,,main/SiO2/nk/Arosa.yml
False,2019,"Yakubovsky, Stebunov, Kirtaev",Ultrathin and Ultrasmooth Gold Films on Monolayer MoS2,Advanced Materials Interfaces,10.1002/admi.201900196,,Au,tabulated nk,0.3-3.3,71,,main/Au/nk/Yakubovsky-4nm.yml; main/Au/nk/Yakubovsky-6nm.yml; main/Au/nk/Yakubovsky-9nm.yml
False,2019,"Timpu, Reig Escalé, Timofeeva",Enhanced Nonlinear Yield from Barium Titanate Metasurface Down to the Near Ultraviolet,Advanced Optical Materials,10.1002/adom.201900936,,BaTiO3,tabulated n,3.5000e-01-8.0000e-01,40,,main/BaTiO3/nk/Timpu.yml
False,2019,"Sarkar, Gupta, Kumar",Hybridized Guided-Mode Resonances via Colloidal Plasmonic Self-Assembled Grating,ACS Applied Materials & Interfaces,10.1021/acsami.8b20535,,TiO2,tabulated nk,0.3000-1.6900,242,,main/TiO2/nk/Sarkar.yml
False,2019,"Magnozzi, Ferrera, Mattera",Plasmonics of Au nanoparticles in a hot thermodynamic bath,Nanoscale,10.1039/c8nr09038f,,Au,tabulated nk,0.25157-1.4492,61,,main/Au/nk/Magnozzi-225C.yml; main/Au/nk/Magnozzi-25C.yml; main/Au/nk/Magnozzi-350C.yml
False,2019,"Ferrera, Magnozzi, Bisio",Temperature-dependent permittivity of silver and implications for thermoplasmonics,Physical Review Materials,10.1103/physrevmaterials.3.105201,,Ag,tabulated nk,0.245202-1.449249,35,,main/Ag/nk/Ferrera-298K.yml; main/Ag/nk/Ferrera-404K.yml; main/Ag/nk/Ferrera-501K.yml; main/Ag/nk/Ferrera-600K.yml
False,2019,"Ermolaev, Yakubovsky, Stebunov",Spectral ellipsometry of monolayer transition metal dichalcogenides: Analysis of excitonic peaks in dispersion,"Journal of Vacuum Science & Technology B, Nanotechnology and Microelectronics: Materials, Processing, Measurement, and Phenomena",10.1116/1.5122683,,WS2,tabulated nk,0.365-1.700,76,,main/WS2/nk/Ermolaev.yml
False,2019,"Amotchkina, Trubetskov, Hahner","Characterization of e-beam evaporated Ge, YbF3, ZnS, and LaF3 thin films for laser-oriented coatings",Applied Optics,10.1364/ao.59.000a40,,Ge; LaF3; YbF3; ZnS; ZnSe,formula 2; tabulated k; formula 5; tabulated k; tabulated nk,0.400-15.00,208,,main/Ge/nk/Amotchkina-film.yml; main/Ge/nk/Amotchkina.yml; main/LaF3/nk/Amotchkina.yml; main/YbF3/nk/Amotchkina.yml; main/ZnS/nk/Amotchkina.yml; main/ZnSe/nk/Amotchkina.yml
False,2019,"Werner, Hastings, Schweinsberg",Ultrafast mid-infrared high harmonic and supercontinuum generation with n2 characterization in zinc selenide,Optics Express,10.1364/oe.27.002867,,ZnSe,tabulated n2,3.9-3.9,58,,main/ZnSe/n2/Werner.yml
False,2019,"Kabaciński, Kardaś, Stepanenko",Nonlinear refractive index measurement by SPM-induced phase regression,Optics Express,10.1364/oe.27.011018,,BiB3O6; CaCO3; CaF2; SiO2; Y3Al5O12; YVO4,tabulated n2,1.030-1.030,71,,main/BiB3O6/n2/Kabacinski.yml; main/CaCO3/n2/Kabacinski-e.yml; main/CaCO3/n2/Kabacinski-o.yml; main/CaF2/n2/Kabacinski.yml; main/SiO2/n2/Kabacinski.yml; main/Y3Al5O12/n2/Kabacinski.yml; main/YVO4/n2/Kabacinski-e.yml; main/YVO4/n2/Kabacinski-o.yml
False,2019,"Ensley, Bambha",Ultrafast nonlinear refraction measurements of infrared transmitting materials in the mid-wave infrared,Optics Express,10.1364/oe.380702,,BaF2; CaF2; GaAs; GaSb; Ge; InP; LiF; MgF2; Si; SiO2; ZnS; ZnSe,tabulated n2,0.8-2.0,36,,main/BaF2/n2/Ensley.yml; main/CaF2/n2/Ensley.yml; main/GaAs/n2/Ensley.yml; main/GaSb/n2/Ensley.yml; main/Ge/n2/Ensley.yml; main/InP/n2/Ensley.yml; main/LiF/n2/Ensley.yml; main/MgF2/n2/Ensley.yml; main/Si/n2/Ensley.yml; main/SiO2/n2/Ensley.yml; main/ZnS/n2/Ensley.yml; main/ZnSe/n2/Ensley.yml
False,2019,"Rah, Jin, Kim",Optical analysis of the refractive index and birefringence of hexagonal boron nitride from the visible to near-infrared,Optics Letters,10.1364/ol.44.003797,,BN,formula 2,0.4-1.6,87,,main/BN/nk/Rah-e.yml; main/BN/nk/Rah-o.yml
False,2019,"Aguilar, de Castro, Godoy",Optoelectronic characterization of Zn1-x CdxO thin films as an alternative to photonic crystals in organic solar cells,Optical Materials Express,10.1364/ome.9.003638,,ZnO,tabulated nk,0.300-3.200,80,,main/ZnO/nk/Aguilar.yml
False,2019,"Kofman, He, Loes ten Kate",The Refractive Index of Amorphous and Crystalline Water Ice in the UV–vis,The Astrophysical Journal,10.3847/1538-4357/ab0d89,,H2O,formula 1,0.210-0.757,36,,main/H2O/nk/Kofman-10K.yml; main/H2O/nk/Kofman-110K.yml; main/H2O/nk/Kofman-130K.yml; main/H2O/nk/Kofman-150K.yml; main/H2O/nk/Kofman-30K.yml; main/H2O/nk/Kofman-50K.yml; main/H2O/nk/Kofman-70K.yml; main/H2O/nk/Kofman-90K.yml
False,2018,"Schnabel, Spolenak, Doebeli",Structural Color Sensors with Thermal Memory: Measuring Functional Properties of Ti‐Based Nitrides by Eye,Advanced Optical Materials,10.1002/adom.201800656,,TiN,tabulated nk,0.2916-0.8091,21,,main/TiN/nk/Schnabel.yml
False,2018,"Song, Gu, Fang",Layer‐Dependent Dielectric Function of Wafer‐Scale 2D MoS2,Advanced Optical Materials,10.1002/adom.201801250,,MoS2,tabulated nk,0.1930-1.6900,96,,main/MoS2/nk/Song-10L.yml; main/MoS2/nk/Song-13L.yml; main/MoS2/nk/Song-1L.yml; main/MoS2/nk/Song-3L.yml; main/MoS2/nk/Song-4L.yml; main/MoS2/nk/Song-6L.yml; main/MoS2/nk/Song-8L.yml; main/MoS2/nk/Song-bulk.yml
False,2018,"Lee, Jeong, Jung",Refractive Index Dispersion of Hexagonal Boron Nitride in the Visible and Near‐Infrared,physica status solidi (b),10.1002/pssb.201800417,,BN,formula 1,0.45-1.2,117,,main/BN/nk/Lee.yml
False,2018,"Belosludtsev, Juškevičius, Ceizaris",Correlation between stoichiometry and properties of scandium oxide films prepared by reactive magnetron sputtering,Applied Surface Science,10.1016/j.apsusc.2017.08.068,,Sc2O3,tabulated nk,0.230-1.200,36,,main/Sc2O3/nk/Belosludtsev.yml
False,2018,"Song, Gu, Zhu",Broadband optical properties of graphene and HOPG investigated by spectroscopic Mueller matrix ellipsometry,Applied Surface Science,10.1016/j.apsusc.2018.01.051,,C,tabulated n; tabulated nk,0.1930-1.6900,117,,main/C/nk/Song-cHOPG-e.yml; main/C/nk/Song-cHOPG-o.yml; main/C/nk/Song-sHOPG-e.yml; main/C/nk/Song-sHOPG-o.yml; main/C/nk/Song.yml
False,2018,"Ciesielski, Skowronski, Pacuski","Permittivity of Ge, Te and Se thin films in the 200–1500 nm spectral range. Predicting the segregation effects in silver",Materials Science in Semiconductor Processing,10.1016/j.mssp.2018.03.003,,Ge; Se; Te,tabulated nk,0.20000-2.0000,67,,main/Ge/nk/Ciesielski-20nm.yml; main/Ge/nk/Ciesielski-2nm.yml; main/Se/nk/Ciesielski.yml; main/Te/nk/Ciesielski.yml
False,2018,"Ciesielski, Skowronski, Trzcinski",Evidence of germanium segregation in gold thin films,Surface Science,10.1016/j.susc.2018.03.020,,Au,tabulated nk,0.19077-20.912,58,,main/Au/nk/Ciesielski-Ge.yml; main/Au/nk/Ciesielski.yml
False,2018,"Kato, Miyata, Badikov",Phase-matching properties of BaGa2GeSe6 for three-wave interactions in the 0778–105910 μm spectral range,Applied Optics,10.1364/ao.57.007440,,BaGa2GeSe6,formula 4,0.778-10.6,28,,main/BaGa2GeSe6/nk/Kato-e.yml; main/BaGa2GeSe6/nk/Kato-o.yml
False,2018,"Mareev, Aleshkevich, Potemkin",Anomalous behavior of nonlinear refractive indexes of CO2 and Xe in supercritical states,Optics Express,10.1364/oe.26.013229,,CO2; Xe,tabulated n2,1.24-1.24,34,,main/CO2/n2/Mareev.yml; main/Xe/n2/Mareev.yml
False,2018,"Tamošauskas, Beresnevičius, Gadonas",Transmittance and phase matching of BBO crystal in the 3−5 μm range and its application for the characterization of mid-infrared laser pulses,Optical Materials Express,10.1364/ome.8.001410,2111.01212,BaB2O4,formula 2; tabulated k,0.188-5.2; 1.8800E-01-5.2000E+00,41,,main/BaB2O4/nk/Tamosauskas-e.yml; main/BaB2O4/nk/Tamosauskas-o.yml
False,2017,"Franta, Nečas, Giglia",Universal dispersion model for characterization of optical thin films over wide spectral range: Application to magnesium fluoride,Applied Surface Science,10.1016/j.apsusc.2016.09.149,,MgF2,tabulated nk,0.0275043-125.141,25,,main/MgF2/nk/Franta.yml
False,2017,"Ciesielski, Skowronski, Trzcinski",Controlling the optical parameters of self-assembled silver films with wetting layers and annealing,Applied Surface Science,10.1016/j.apsusc.2017.01.039,,Ag,tabulated nk,0.19077-20.912,149,,main/Ag/nk/Ciesielski-Ge.yml; main/Ag/nk/Ciesielski-Ni.yml; main/Ag/nk/Ciesielski.yml
False,2017,"Grace, Butcher, Monroe","Index of refraction, Rayleigh scattering length, and Sellmeier coefficients in solid and liquid argon and xenon","Nuclear Instruments and Methods in Physics Research Section A: Accelerators, Spectrometers, Detectors and Associated Equipment",10.1016/j.nima.2017.06.031,,Ar; Xe,formula 1,0.117-0.660,46,,main/Ar/nk/Grace-liquid-83.81K.yml; main/Ar/nk/Grace-liquid-90K.yml; main/Ar/nk/Grace-solid-20K.yml; main/Ar/nk/Grace-solid-83.81K.yml; main/Xe/nk/Grace-liquid-161.35K.yml; main/Xe/nk/Grace-liquid-178K.yml; main/Xe/nk/Grace-solid-161.35K.yml; main/Xe/nk/Grace-solid-80K.yml
False,2017,"Kato, Umemura, Petrov",Sellmeier and thermo-optic dispersion formulas for CdGa 2 S 4 and their application to the nonlinear optics of Hg 1−x Cd x Ga 2 S 4,Optics Communications,10.1016/j.optcom.2016.10.054,,CdGa2S4,formula 4,0.49-7.519,10,,main/CdGa2S4/nk/Kato-e.yml; main/CdGa2S4/nk/Kato-o.yml
False,2017,"Frisenda, Island, Lado",Characterization of highly crystalline lead iodide nanosheets prepared by room-temperature solution processing,Nanotechnology,10.1088/1361-6528/aa8e5c,,PbI2,tabulated nk,0.4234589-0.7935374,59,,main/PbI2/nk/Frisenda.yml
False,2017,"Kato, Miyata, Petrov",Phase-matching properties of BaGa_4Se_7 for SHG and SFG in the 0901–105910 μm range,Applied Optics,10.1364/ao.56.002978,,BaGa4Se7,formula 4,0.901-10.591,48,,main/BaGa4Se7/nk/Kato-alpha.yml; main/BaGa4Se7/nk/Kato-beta.yml; main/BaGa4Se7/nk/Kato-gamma.yml
False,2017,"Wang, Wen, Wang",Order-of-magnitude multiphoton signal enhancement based on characterization of absorption spectra of immersion oils at the 1700-nm window,Optics Express,10.1364/oe.25.005909,,H2O,tabulated k,1.200-1.900,29,,main/H2O/nk/Wang.yml
False,2017,"Yakubovsky, Arsenin, Stebunov",Optical constants and structural properties of thin gold films,Optics Express,10.1364/oe.25.025574,,Au,tabulated nk,0.3-2,395,,main/Au/nk/Yakubovsky-117nm.yml; main/Au/nk/Yakubovsky-25nm.yml; main/Au/nk/Yakubovsky-53nm.yml
False,2017,"Loiko, Becker, Bohatý","Sellmeier equations, group velocity dispersion, and thermo-optic dispersion formulas for CaLnAlO_4 (Ln = Y, Gd) laser host crystals",Optics Letters,10.1364/ol.42.002275,,CaGdAlO4; CaYAlO4,formula 4,0.35-2.1,65,,main/CaGdAlO4/nk/Loiko-e.yml; main/CaGdAlO4/nk/Loiko-o.yml; main/CaYAlO4/nk/Loiko-e.yml; main/CaYAlO4/nk/Loiko-o.yml
False,2017,"Fischer, Bühler, Fitzky",Coherent field transients below 15 THz from phase-matched difference frequency generation in 4H-SiC,Optics Letters,10.1364/ol.42.002687,,SiC,formula 2,17-150,24,,main/SiC/nk/Fischer-e.yml; main/SiC/nk/Fischer-o.yml
False,2017,"Kato, Miyata, Isaenko",Phase-matching properties of LiGaS_2 in the 1025–105910 μm spectral range,Optics Letters,10.1364/ol.42.004363,,LiGaS2,formula 4,1.025-10.591,30,,main/LiGaS2/nk/Kato-alpha.yml; main/LiGaS2/nk/Kato-beta.yml; main/LiGaS2/nk/Kato-gamma.yml
False,2017,"Rodríguez-de Marcos, Larruquert, Méndez","Self-consistent optical constants of MgF_2, LaF_3, and CeF_3 films",Optical Materials Express,10.1364/ome.7.000989,,CeF3; LaF3; MgF2,tabulated nk,2.97987E-02-2.01700E+00,103,,main/CeF3/nk/Rodriguez-de Marcos.yml; main/LaF3/nk/Rodriguez-de Marcos.yml; main/MgF2/nk/Rodriguez-de Marcos.yml
False,2017,"Shkondin, Takayama, Panah",Large-scale high aspect ratio Al-doped ZnO nanopillars arrays as anisotropic metamaterials,Optical Materials Express,10.1364/ome.7.001606,,Si,tabulated nk,2.00-20.00,129,,main/Si/nk/Shkondin.yml
False,2017,"Chernova, Brooks, Chvostova",Optical NIR-VIS-VUV constants of advanced substrates for thin-film devices,Optical Materials Express,10.1364/ome.7.003844,,LaAlO3; MgAl2O4,tabulated nk,1.4089e-01-1.6755e+00,12,,main/LaAlO3/nk/Chernova.yml; main/MgAl2O4/nk/Chernova.yml
False,2017,"Shkondin, Repän, Takayama",High aspect ratio titanium nitride trench structures as plasmonic biosensor,Optical Materials Express,10.1364/ome.7.004171,,TiN,tabulated nk,0.21073-1.68888,72,,main/TiN/nk/Shkondin-700.yml; main/TiN/nk/Shkondin-800.yml; main/TiN/nk/Shkondin-900.yml; main/TiN/nk/Shkondin.yml
False,2016,"Boidin, Halenkovič, Nazabal",Pulsed laser deposited alumina thin films,Ceramics International,10.1016/j.ceramint.2015.09.048,,Al2O3,tabulated n,0.30-18.003,184,,main/Al2O3/nk/Boidin.yml
False,2016,"Cheng, Su, Choi",Epitaxial Growth of Atomically Smooth Aluminum on Silicon and Its Intrinsic Optical Properties,ACS Nano,10.1021/acsnano.6b05556,,Al,tabulated nk,0.22543-0.99987,106,,main/Al/nk/Cheng.yml
False,2016,"Wang, Wen, Wang",Measurement of absorption spectrum of deuterium oxide (D2O) and its application to signal enhancement in multiphoton microscopy at the 1700-nm window,Applied Physics Letters,10.1063/1.4939970,,D2O,tabulated k,1.200-2.600,30,,main/D2O/nk/Wang.yml
False,2016,"Nunley, Fernando, Samarasingha",Optical constants of germanium and thermally grown germanium dioxide from 0.5 to 6.6eV via a multisample ellipsometry investigation,"Journal of Vacuum Science & Technology B, Nanotechnology and Microelectronics: Materials, Processing, Measurement, and Phenomena",10.1116/1.4963075,,Ge; GeO2,tabulated nk,1.879E-1-2.480E+0,99,,main/Ge/nk/Nunley.yml; main/GeO2/nk/Nunley.yml
False,2016,"Franta, Nečas, Ohlídal",Optical characterization of SiO2 thin films using universal dispersion model over wide spectral range,SPIE Proceedings,10.1117/12.2227580,,SiO2,tabulated nk,0.0275043-125.141,42,,main/SiO2/nk/Franta-25C.yml; main/SiO2/nk/Franta-300C.yml; main/SiO2/nk/Franta.yml
False,2016,"Burnett, Kaplan, Stover",Refractive index measurements of Ge,SPIE Proceedings,10.1117/12.2237978,,Ge,formula 2,2-14.0,21,,main/Ge/nk/Burnett.yml
False,2016,"Kato, Petrov, Umemura",Phase-matching properties of yellow color HgGa2S4 for SHG and SFG in the 0944–105910 μm range,Applied Optics,10.1364/ao.55.003145,,HgGa2S4,formula 4,0.6328-10.5910,10,,main/HgGa2S4/nk/Kato-e.yml; main/HgGa2S4/nk/Kato-o.yml
False,2016,"Panah, Takayama, Morozov",Highly doped InP as a low loss plasmonic material for mid-IR region,Optics Express,10.1364/oe.24.029077,,InP,tabulated nk,5.00-30.00,34,,main/InP/nk/Panah.yml
False,2016,"Pigeon, Tochitsky, Welch","Measurements of the nonlinear refractive index of air, N_2, and O_2 at 10 μm using four-wave mixing",Optics Letters,10.1364/ol.41.003924,,N2; O2,tabulated n2,10.6-10.6,46,,main/N2/n2/Pigeon.yml; main/O2/n2/Pigeon.yml
False,2016,"Rodríguez-de Marcos, Larruquert, Méndez",Self-consistent optical constants of SiO_2 and Ta_2O_5 films,Optical Materials Express,10.1364/ome.6.003622,,SiO2; Ta2O5,tabulated nk,2.99714E-02-1.51066E+00,315,,main/SiO2/nk/Rodriguez-de Marcos.yml; main/Ta2O5/nk/Rodriguez-de Marcos.yml
False,2015,"McPeak, Jayanti, Kress",Plasmonic Films Can Easily Be Better: Rules and Recipes,ACS Photonics,10.1021/ph5004237,,Ag; Al; Au; Cu,tabulated nk,0.3-1.7,1035,,main/Ag/nk/McPeak.yml; main/Al/nk/McPeak.yml; main/Au/nk/McPeak.yml; main/Cu/nk/McPeak.yml
False,2015,"Ermolov, Mak, Frosz",Supercontinuum generation in the vacuum ultraviolet through dispersive-wave and soliton-plasma interaction in a noble-gas-filled hollow-core photonic crystal fiber,Physical Review A,10.1103/physreva.92.033821,,He,formula 2,0.09-1.0,132,,main/He/nk/Ermolov.yml
False,2015,"Yang, D'Archangel, Sundheimer",Optical dielectric function of silver,Physical Review B,10.1103/physrevb.91.235137,,Ag,tabulated nk,2.700E-01-2.492E+01,545,,main/Ag/nk/Yang.yml
False,2015,"Zhukovsky, Andryieuski, Takayama",Experimental Demonstration of Effective Medium Approximation Breakdown in Deeply Subwavelength All-Dielectric Multilayers,Physical Review Letters,10.1103/physrevlett.115.177402,,Al2O3; TiO2,tabulated nk,0.211002-1.689842,121,,main/Al2O3/nk/Zhukovsky.yml; main/TiO2/nk/Zhukovsky.yml
False,2015,"Vos, Macco, Thissen",Atomic layer deposition of molybdenum oxide from (NtBu)2(NMe2)2Mo and O2 plasma,"Journal of Vacuum Science & Technology A: Vacuum, Surfaces, and Films",10.1116/1.4930161,,MoO3,tabulated nk,0.190654-0.999280,134,,main/MoO3/nk/Vos.yml
False,2015,"Franta, Nečas, Ohlídal",Dispersion model for optical thin films applicable in wide spectral range,SPIE Proceedings,10.1117/12.2190104,,Al2O3; Ta2O5; TiO2,tabulated nk,0.114114-125.124,20,,main/Al2O3/nk/Franta.yml; main/Ta2O5/nk/Franta-2015.yml; main/TiO2/nk/Franta.yml
False,2015,"Babar, Weaver","Optical constants of Cu, Ag, and Au revisited",Applied Optics,10.1364/ao.54.000477,,Ag; Au; Cu,tabulated nk,0.2066-12.4000,565,,main/Ag/nk/Babar.yml; main/Au/nk/Babar.yml; main/Cu/nk/Babar.yml
False,2015,"Marcos, Larruquert, Vidal-Dasilva",Transmittance and optical constants of Ca films in the 4–1000 eV spectral range,Applied Optics,10.1364/ao.54.001910,,Ca,tabulated nk,0.001233674-0.316348631,7,,main/Ca/nk/Rodriguez-de Marcos.yml
False,2015,"Franta, Nečas, Ohlídal",Universal dispersion model for characterization of optical thin films over a wide spectral range: application to hafnia,Applied Optics,10.1364/ao.54.009108,,HfO2,tabulated nk,0.114773-125.124,63,,main/HfO2/nk/Franta.yml
False,2015,"Flom, Beadie, Bayya","Ultrafast Z-scan measurements of nonlinear optical constants of window materials at 772, 1030, and 1550 nm",Applied Optics,10.1364/ao.54.00f123,,MgAl2O4; SiO2; ZnS,tabulated n2,1.030-1.550,41,,main/MgAl2O4/n2/Flom.yml; main/SiO2/n2/Flom.yml; main/ZnS/n2/Flom.yml
False,2015,"Luke, Okawachi, Lamont",Broadband mid-infrared frequency comb generation in a Si_3N_4 microresonator,Optics Letters,10.1364/ol.40.004823,,Si3N4,formula 1,0.310-5.504,621,,main/Si3N4/nk/Luke.yml
False,2015,"Zahedpour, Wahlstrand, Milchberg",Measurement of the nonlinear refractive index of air constituents at mid-infrared wavelengths,Optics Letters,10.1364/ol.40.005794,,Ar; N2; O2,tabulated n2,0.40-2.40,112,,main/Ar/n2/Zahedpour.yml; main/N2/n2/Zahedpour.yml; main/O2/n2/Zahedpour.yml
False,2014,"Wu, Zhang, Estakhri",Intrinsic Optical Properties and Enhanced Plasmonic Response of Epitaxial Silver,Advanced Materials,10.1002/adma.201401474,,Ag,tabulated nk,0.287493-0.999308,146,,main/Ag/nk/Wu.yml
False,2014,"Yim, O'Brien, McEvoy",Investigation of the optical properties of MoS2 thin films using spectroscopic ellipsometry,Applied Physics Letters,10.1063/1.4868108,,MoS2,tabulated n; tabulated k,0.381514-0.884671; 0.382938-0.889147,297,,main/MoS2/nk/Yim-20nm.yml; main/MoS2/nk/Yim-2nm.yml; main/MoS2/nk/Yim-3nm.yml
False,2013,"Wang, Zhan, Wang",4H‐SiC: a new nonlinear material for midinfrared lasers,Laser & Photonics Reviews,10.1002/lpor.201300068,,SiC,formula 2; formula 4,0.4047-2.325,158,,main/SiC/nk/Wang-4H-e.yml; main/SiC/nk/Wang-4H-o.yml; main/SiC/nk/Wang-6H-e.yml; main/SiC/nk/Wang-6H-o.yml
False,2013,"Franta, Nečas, Zajíčková",Advanced modeling for optical characterization of amorphous hydrogenated silicon films,Thin Solid Films,10.1016/j.tsf.2013.04.129,,Si,tabulated nk,0.138038-26.9153,33,,main/Si/nk/Franta.yml
False,2013,"Marcos, Larruquert, Aznárez",Optical constants of SrF2 thin films in the 25–780-eV spectral range,Journal of Applied Physics,10.1063/1.4800099,,SrF2,tabulated nk,0.001582488-682.162027,15,,main/SrF2/nk/Rodriguez-de Marcos.yml
False,2013,"Bright, Watjen, Zhang",Infrared optical properties of amorphous and nanocrystalline Ta2O5 thin films,Journal of Applied Physics,10.1063/1.4819325,,Ta2O5,tabulated nk,5.0000e-01-1.0000e+03,180,,main/Ta2O5/nk/Bright-amorphous.yml; main/Ta2O5/nk/Bright-nanocrystalline.yml
False,2013,"Lajaunie, Boucher, Dessapt",Strong anisotropic influence of local-field effects on the dielectric response ofα-MoO3,Physical Review B,10.1103/physrevb.88.115141,,MoO3,tabulated nk,1.90745E-2-2.47968E+1,119,,main/MoO3/nk/Lajaunie-alpha.yml; main/MoO3/nk/Lajaunie-beta.yml; main/MoO3/nk/Lajaunie-gamma.yml
False,2013,"Schinke, Hinken, Schmidt",Modeling the Spectral Luminescence Emission of Silicon Solar Cells and Wafers,IEEE Journal of Photovoltaics,10.1109/jphotov.2013.2263985,,Si,tabulated k,9.4100e-01-1.4210e+00,41,,main/Si/nk/Daub.yml
False,2013,"Kato, Tanno, Umemura",Sellmeier and thermo-optic dispersion formulas for GaSe (Revisited),Applied Optics,10.1364/ao.52.002325,,GaSe,formula 4,0.8-1620,54,,main/GaSe/nk/Kato-e.yml; main/GaSe/nk/Kato-o.yml
False,2013,"Fang, Liu, Huang",Growth and optical properties of nonlinear LuAl_3(BO_3)_4 crystals,Optics Express,10.1364/oe.21.016415,,LuAl3(BO3)4,formula 4,0.266-1.338,18,,main/LuAl3(BO3)4/nk/Fang-e.yml; main/LuAl3(BO3)4/nk/Fang-o.yml
False,2013,"Larruquert, Rodríguez-de Marcos, Méndez",High reflectance ta-C coatings in the extreme ultraviolet,Optics Express,10.1364/oe.21.027537,,C,tabulated nk,0.019656426-10.07918931,55,,main/C/nk/Larruquert.yml
False,2013,"Gao, Lemarchand, Lequime",Refractive index determination of SiO2 layer in the UV/Vis/NIR range: spectrophotometric reverse engineering on single and bi-layer designs,Journal of the European Optical Society-Rapid Publications,10.2971/jeos.2013.13010,,SiO2,tabulated nk,0.252-1.250,267,,main/SiO2/nk/Gao.yml
False,2012,"Jellison, Boatner, Ramey",Refractive index of sodium iodide,Journal of Applied Physics,10.1063/1.3689746,,NaI,formula 1,0.436-0.633,4,,main/NaI/nk/Jellison.yml
False,2012,"Rodríguez-de Marcos, Larruquert, Aznárez",Transmittance and optical constants of Sr films in the 6–1220 eV spectral range,Journal of Applied Physics,10.1063/1.4729487,,Sr,tabulated nk,0.001011751-0.212037407,5,,main/Sr/nk/Rodriguez-de Marcos.yml
False,2012,"Wahlstrand, Cheng, Milchberg","Absolute measurement of the transient optical nonlinearity in N2, O2, N2O, and Ar",Physical Review A,10.1103/physreva.85.043820,,Ar; N2; N2O; O2,tabulated n2,0.80-0.80,111,,main/Ar/n2/Wahlstrand.yml; main/N2/n2/Wahlstrand.yml; main/N2O/n2/Wahlstrand.yml; main/O2/n2/Wahlstrand.yml
False,2012,"Olmon, Slovick, Johnson",Optical dielectric function of gold,Physical Review B,10.1103/physrevb.86.235147,,Au,tabulated nk,3.000E-01-2.493E+01,990,,main/Au/nk/Olmon-ev.yml; main/Au/nk/Olmon-sc.yml; main/Au/nk/Olmon-ts.yml
False,2012,"Kischkat, Peters, Gruska","Mid-infrared optical properties of thin films of aluminum oxide, titanium dioxide, silicon dioxide, aluminum nitride, and silicon nitride",Applied Optics,10.1364/ao.51.006789,,Al2O3; AlN; Si3N4; SiO2; TiO2,tabulated nk,1.53941-14.28571,984,,main/Al2O3/nk/Kischkat.yml; main/AlN/nk/Kischkat.yml; main/Si3N4/nk/Kischkat.yml; main/SiO2/nk/Kischkat.yml; main/TiO2/nk/Kischkat.yml
False,2012,"Gao, Lemarchand, Lequime",Exploitation of multiple incidences spectrometric measurements for thin film reverse engineering,Optics Express,10.1364/oe.20.015734,,Nb2O5; SiO2; Ta2O5,tabulated nk,0.250-2.500,303,,main/Nb2O5/nk/Lemarchand.yml; main/SiO2/nk/Lemarchand.yml; main/Ta2O5/nk/Gao.yml
False,2012,"Kedenburg, Vieweg, Gissibl",Linear refractive index and absorption measurements of nonlinear optical liquids in the visible and near-infrared spectral region,Optical Materials Express,10.1364/ome.2.001588,,CS2; D2O; H2O,formula 2; formula 2; tabulated k,0.5-1.6,650,,main/CS2/nk/Kedenburg.yml; main/D2O/nk/Kedenburg.yml; main/H2O/nk/Kedenburg.yml
False,2011,"Gao, Lemarchand, Lequime",Comparison of different dispersion models for single layer optical thin film index determination,Thin Solid Films,10.1016/j.tsf.2011.07.028,,Au,tabulated nk,0.350-1.800,98,,main/Au/nk/Lemarchand-11.7nm.yml; main/Au/nk/Lemarchand-3.96nm.yml; main/Au/nk/Lemarchand-4.62nm.yml; main/Au/nk/Lemarchand-5.77nm.yml
False,2011,"Fernández-Perea, Larruquert, Aznárez",Transmittance and optical constants of Ho films in the 3–1340 eV spectral range,Journal of Applied Physics,10.1063/1.3556451,,Ho,tabulated nk,0.000922369-0.413280625,5,,main/Ho/nk/Fernandez-Perea.yml
False,2011,"Treharne, Seymour-Pierce, Durose",Optical Design and Fabrication of Fully Sputtered CdTe/CdS Solar Cells,Journal of Physics: Conference Series,10.1088/1742-6596/286/1/012038,,CdS; CdTe,tabulated nk,0.30141754-1.4979382,103,,main/CdS/nk/Treharne.yml; main/CdTe/nk/Treharne.yml
False,2011,"Larruquert, Frassetto, García-Cortés",Transmittance and optical constants of erbium films in the 325−1580 eV spectral range,Applied Optics,10.1364/ao.50.002211,,Er,tabulated nk,0.000783614-0.382667245,6,,main/Er/nk/Larruquert.yml
False,2011,"Larruquert, Pérez-Marín, García-Cortés",Self-consistent optical constants of SiC thin films,Journal of the Optical Society of America A,10.1364/josaa.28.002340,,SiC,tabulated nk,0.00615447-131.7250957,112,,main/SiC/nk/Larruquert.yml
False,2011,"Kato, Umemura",Sellmeier equations for GaS and GaSe and their applications to the nonlinear optics in GaS_xSe_1−x,Optics Letters,10.1364/ol.36.000746,,GaS,formula 4,0.633-10.591,46,,main/GaS/nk/Kato-e.yml; main/GaS/nk/Kato-o.yml
False,2010,"Badikov, Badikov, Shevyrdyaeva",Phase‐matching properties of BaGa4S7 and BaGa4Se7: Wide‐bandgap nonlinear crystals for the mid‐infrared,physica status solidi (RRL) – Rapid Research Letters,10.1002/pssr.201004425,,BaGa4S7; BaGa4Se7,formula 4,0.42-9.5,118,,main/BaGa4S7/nk/Badikov-alpha.yml; main/BaGa4S7/nk/Badikov-beta.yml; main/BaGa4S7/nk/Badikov-gamma.yml; main/BaGa4Se7/nk/Badikov-alpha.yml; main/BaGa4Se7/nk/Badikov-beta.yml; main/BaGa4Se7/nk/Badikov-gamma.yml
False,2010,"Weber, Calado, van de Sanden",Optical constants of graphene measured by spectroscopic ellipsometry,Applied Physics Letters,10.1063/1.3475393,,C,tabulated nk,0.210873-0.999007,391,,main/C/nk/Weber.yml
False,2010,"García-Cortés, Rodríguez-de Marcos, Larruquert",Transmittance and optical constants of Lu films in the 3–1800 eV spectral range,Journal of Applied Physics,10.1063/1.3481062,,Lu,tabulated nk,8.26561E-08-700475.6352,9,,main/Lu/nk/Garcia-Cortes.yml
False,2010,"Vidal-Dasilva, Aquila, Gullikson",Optical constants of magnetron-sputtered magnesium films in the 25–1300 eV energy range,Journal of Applied Physics,10.1063/1.3481457,,Mg,tabulated nk,0.000953725-0.049593675,13,,main/Mg/nk/Vidal-Dasilva.yml
False,2009,"Vidal-Dasilva, Fernández-Perea, Aznárez",Transmittance and optical constants of Tm films in the 2.75–1600 eV spectral range,Journal of Applied Physics,10.1063/1.3129507,,Tm,tabulated nk,0.00077478-0.480311785,8,,main/Tm/nk/Vidal-Dasilva.yml
False,2009,"Werner, Glantschnig, Ambrosch-Draxl",Optical Constants and Inelastic Electron-Scattering Data for 17 Elemental Metals,Journal of Physical and Chemical Reference Data,10.1063/1.3243762,,Ag; Au; Bi; Co; Cu; Fe; Mo; Ni; Pb; Pd; Pt; Ta; Ti; V; W; Zn,tabulated nk,0.017586-2.479684,674,,main/Ag/nk/Werner-DFT.yml; main/Ag/nk/Werner.yml; main/Au/nk/Werner-DFT.yml; main/Au/nk/Werner.yml; main/Bi/nk/Werner-DFT.yml; main/Bi/nk/Werner.yml; main/Co/nk/Werner-DFT.yml; main/Co/nk/Werner.yml; main/Cu/nk/Werner-DFT.yml; main/Cu/nk/Werner.yml; main/Fe/nk/Werner-DFT.yml; main/Fe/nk/Werner.yml; main/Mo/nk/Werner-DFT.yml; main/Mo/nk/Werner.yml; main/Ni/nk/Werner-DFT.yml; main/Ni/nk/Werner.yml; main/Pb/nk/Werner-DFT.yml; main/Pb/nk/Werner.yml; main/Pd/nk/Werner-DFT.yml; main/Pd/nk/Werner.yml; main/Pt/nk/Werner-DFT.yml; main/Pt/nk/Werner.yml; main/Ta/nk/Werner-DFT.yml; main/Ta/nk/Werner.yml; main/Ti/nk/Werner-DFT.yml; main/Ti/nk/Werner.yml; main/V/nk/Werner-DFT.yml; main/V/nk/Werner.yml; main/W/nk/Werner-DFT.yml; main/W/nk/Werner.yml; main/Zn/nk/Werner-DFT.yml; main/Zn/nk/Werner.yml
False,2009,"Chen, Tang, Lin",Optical properties and potential applications of ɛ-GaSe at terahertz frequencies,Journal of the Optical Society of America B,10.1364/josab.26.000a58,,GaSe,formula 4; tabulated nk,3-1500,75,,main/GaSe/nk/Chen-n-e.yml; main/GaSe/nk/Chen-n-o.yml; main/GaSe/nk/Chen-nk-e.yml; main/GaSe/nk/Chen-nk-o.yml
False,2009,"Brimhall, Herrick, Allred",Measured optical constants of copper from 10 nm to 35 nm,Optics Express,10.1364/oe.17.023873,,Cu; CuO,tabulated nk,0.0101-0.0421,25,,main/Cu/nk/Brimhall.yml; main/CuO/nk/Brimhall.yml
False,2008,"Miller, Rotermund, Xu",Polarization-dependent nonlinear refractive index of BiB3O6,Optical Materials,10.1016/j.optmat.2007.11.015,,BiB3O6,tabulated n2,1.064-1.064,15,,main/BiB3O6/n2/Miller-alphaY.yml; main/BiB3O6/n2/Miller-alphaZ.yml; main/BiB3O6/n2/Miller-betaX.yml; main/BiB3O6/n2/Miller-gammaX.yml; main/BiB3O6/n2/Miller-gammaY.yml
False,2008,Green,Self-consistent optical parameters of intrinsic silicon at 300K including temperature coefficients,Solar Energy Materials and Solar Cells,10.1016/j.solmat.2008.06.009,,Si,tabulated nk,2.5000e-01-1.4500e+00,1250,,main/Si/nk/Green-2008.yml
False,2008,"Warren, Brandt",Optical constants of ice from the ultraviolet to the microwave: A revised compilation,Journal of Geophysical Research: Atmospheres,10.1029/2007jd009744,,H2O,tabulated nk,4.430E-002-2.000E+006,944,,main/H2O/nk/Warren-2008.yml
False,2008,"Fernández-Perea, Aznárez, Larruquert",Transmittance and optical constants of Ce films in the 6–1200eV spectral range,Journal of Applied Physics,10.1063/1.2901137,,Ce,tabulated nk,0.00103238-0.206638625,15,,main/Ce/nk/Fernandez-Perea.yml
False,2008,"Kumar, Rai, Podraza",Linear and nonlinear optical properties of BiFeO3,Applied Physics Letters,10.1063/1.2901168,,BiFeO3,tabulated nk,0.19706-1.6693,230,,main/BiFeO3/nk/Kumar.yml
False,2008,"Fernández-Perea, Vidal-Dasilva, Aznárez",Transmittance and optical constants of Pr films in the 4–1600eV spectral range,Journal of Applied Physics,10.1063/1.2939269,,Pr,tabulated nk,0.000774901-0.323113894,16,,main/Pr/nk/Fernandez-Perea.yml
False,2008,"Fernández-Perea, Vidal-Dasilva, Aznárez",Transmittance and optical constants of Eu films from 8.3 to 1400 eV,Journal of Applied Physics,10.1063/1.2982391,,Eu,tabulated nk,0.000882651-0.149199984,12,,main/Eu/nk/Fernandez-Perea.yml
False,2008,"Zhang, Lu, Wang","Precision refractive index measurements of air, N_2, O_2, Ar, and CO_2 with a frequency comb",Applied Optics,10.1364/ao.47.003143,,O2,formula 6,0.4-1.8,80,,main/O2/nk/Zhang.yml
False,2008,"Börzsönyi, Heiner, Kalashnikov",Dispersion measurement of inert gases and gas mixtures at 800 nm,Applied Optics,10.1364/ao.47.004856,,Ar; He; Kr; N2; Ne; Xe,formula 2,0.4-1.0,182,,main/Ar/nk/Borzsonyi.yml; main/He/nk/Borzsonyi.yml; main/Kr/nk/Borzsonyi.yml; main/N2/nk/Borzsonyi.yml; main/Ne/nk/Borzsonyi.yml; main/Xe/nk/Borzsonyi.yml
False,2007,"Kaminskii, Akchurin, Becker",Mechanical and optical properties of Lu2O3 host-ceramics for Ln3+ lasants,Laser Physics Letters,10.1002/lapl.200710128,,Lu2O3,formula 4,0.365-2.325,54,,main/Lu2O3/nk/Kaminskii.yml
False,2007,"Umemura, Miyata, Kato",New data on the optical properties of BiB3O6,Optical Materials,10.1016/j.optmat.2006.12.014,,BiB3O6,formula 4,0.48-3.1,18,,main/BiB3O6/nk/Umemura-alpha.yml; main/BiB3O6/nk/Umemura-beta.yml; main/BiB3O6/nk/Umemura-gamma.yml
False,2007,"Bristow, Rotenberg, van Driel",Two-photon absorption and Kerr coefficients of silicon for 850–2200nm,Applied Physics Letters,10.1063/1.2737359,,Si,tabulated n2,1.03-2.15,604,,main/Si/n2/Bristow.yml
False,2007,"Lin, Zhang, Piredda",Dispersion of silicon nonlinearities in the near infrared region,Applied Physics Letters,10.1063/1.2750523,,Si,tabulated n2,1.2-2.3,206,,main/Si/n2/Lin.yml
False,2007,"Carvajal, Segonds, Peña",Structural and optical properties of RbTiOPO4:Nb crystals,Journal of Physics: Condensed Matter,10.1088/0953-8984/19/11/116214,,RbTiOPO4,formula 4,0.4-1.5,13,,main/RbTiOPO4/nk/Carvajal-alpha.yml; main/RbTiOPO4/nk/Carvajal-beta.yml; main/RbTiOPO4/nk/Carvajal-gamma.yml
False,2007,"Daimon, Masumura",Measurement of the refractive index of distilled water from the near-infrared region to the ultraviolet region,Applied Optics,10.1364/ao.46.003811,,H2O,formula 2,0.182-1.129,668,,main/H2O/nk/Daimon-19.0C.yml; main/H2O/nk/Daimon-20.0C.yml; main/H2O/nk/Daimon-21.5C.yml; main/H2O/nk/Daimon-24.0C.yml
False,2007,"Kitamura, Pilon, Jonasz",Optical constants of silica glass from extreme ultraviolet to far infrared at near room temperature,Applied Optics,10.1364/ao.46.008118,,SiO2,tabulated nk,7.0000e+00-5.0000e+01,968,,main/SiO2/nk/Popova.yml
False,2007,"Fernández-Perea, Larruquert, Aznárez",Optical constants of electron-beam evaporated boron films in the 68-900 eV photon energy range,Journal of the Optical Society of America A,10.1364/josaa.24.003800,,B,tabulated nk,0.001378047-0.180999976,21,,main/B/nk/Fernandez-Perea.yml
False,2007,"Hurlbut, Lee, Vodopyanov",Multiphoton absorption and nonlinear refraction of GaAs in the mid-infrared,Optics Letters,10.1364/ol.32.000668,,GaAs,tabulated n2,2.5-2.5,175,,main/GaAs/n2/Hurlbut.yml
False,2005,"Chandler-Horowitz, Amirtharaj","High-accuracy, midinfrared (450cm−1⩽ω⩽4000cm−1) refractive index values of silicon",Journal of Applied Physics,10.1063/1.1923612,,Si,formula 4; tabulated k,2.5-22.222; 6.25000000-23.2558140,191,,main/Si/nk/Chandler-Horowitz.yml
False,2005,"Tatsuura, Matsubara, Mitsu",Cadmium telluride bulk crystal as an ultrafast nonlinear optical switch,Applied Physics Letters,10.1063/1.2151256,,CdTe; GaAs; Si,tabulated n2,1.55-1.55,15,,main/CdTe/n2/Tatsuura-100.yml; main/CdTe/n2/Tatsuura-111.yml; main/GaAs/n2/Tatsuura.yml; main/Si/n2/Tatsuura-100.yml; main/Si/n2/Tatsuura-111.yml
False,2004,Al-Kuhaili,Optical properties of hafnium oxide thin films and their application in energy-efficient windows,Optical Materials,10.1016/j.optmat.2004.04.014,,HfO2,formula 5,0.2-2.0,209,,main/HfO2/nk/Al-Kuhaili.yml
False,2004,"Synowicki, Tiwald","Optical properties of bulk c-ZrO2, c-MgO and a-As2S3 determined by variable angle spectroscopic ellipsometry",Thin Solid Films,10.1016/j.tsf.2004.02.028,,As2S3; MgO; ZrO2,tabulated nk,1.3010e-01-3.3000e+01,95,,main/As2S3/nk/Synowicki.yml; main/MgO/nk/Synowicki.yml; main/ZrO2/nk/Synowicki.yml
False,2004,"Larruquert, Aznárez, Méndez",Optical properties of scandium films in the far and the extreme ultraviolet,Applied Optics,10.1364/ao.43.003271,,Sc,tabulated nk,0.001239842-0.189781921,13,,main/Sc/nk/Larruquert.yml
False,2003,"Skauli, Kuo, Vodopyanov",Improved dispersion relations for GaAs and applications to nonlinear optics,Journal of Applied Physics,10.1063/1.1621740,,GaAs,formula 1,0.97-17,331,,main/GaAs/nk/Skauli.yml
False,2003,"Bashkatov, Genina",<title>Water refractive index in dependence on temperature and wavelength: a simple approximation</title>,SPIE Proceedings,10.1117/12.518857,,H2O,formula 5,0.225-1.14,129,,main/H2O/nk/Bashkatov.yml
False,2003,"Das, Bhar, Gangopadhyay",Linear and nonlinear optical properties of ZnGeP_2 crystal for infrared laser device applications: revisited,Applied Optics,10.1364/ao.42.004335,,ZnGeP2,formula 2,1.32-11,30,,main/ZnGeP2/nk/Das-e.yml; main/ZnGeP2/nk/Das-o.yml
False,2003,"Larruquert, Aznárez, Méndez",Optical properties of ytterbium films in the far and the extreme ultraviolet,Applied Optics,10.1364/ao.42.004566,,Yb,tabulated nk,0.000730178-0.206606976,18,,main/Yb/nk/Larruquert.yml
False,2002,"Kato, Takaoka",Sellmeier and thermo-optic dispersion formulas for KTP,Applied Optics,10.1364/ao.41.005040,,KTiOPO4,formula 4,0.43-3.54,196,,main/KTiOPO4/nk/Kato-alpha.yml; main/KTiOPO4/nk/Kato-beta.yml; main/KTiOPO4/nk/Kato-gamma.yml
False,2002,"Daimon, Masumura",High-accuracy measurements of the refractive index and its temperature coefficient of calcium fluoride in a wide wavelength range from 138 to 2326 nm,Applied Optics,10.1364/ao.41.005275,,CaF2,formula 2,0.138-2.326,101,,main/CaF2/nk/Daimon-20.yml; main/CaF2/nk/Daimon-25.yml
False,2001,"Medenbach, Dettmar, Shannon",Refractive index and optical dispersion of rare earth oxides using a small-prism technique,Journal of Optics A: Pure and Applied Optics,10.1088/1464-4258/3/3/303,,Dy2O3; Lu2O3; Sc2O3; Yb2O3,formula 2,0.435-0.644,128,,main/Dy2O3/nk/Medenbach.yml; main/Lu2O3/nk/Medenbach.yml; main/Sc2O3/nk/Medenbach.yml; main/Yb2O3/nk/Medenbach.yml
False,2001,"Stahrenberg, Herrmann, Wilmers",Optical properties of copper and silver in the energy range 2.5–9.0 eV,Physical Review B,10.1103/physrevb.64.115111,,Ag; Cu,tabulated nk,0.12782-0.49594,117,,main/Ag/nk/Stahrenberg.yml; main/Cu/nk/Stahrenberg.yml
False,2001,"Zelmon, Hanning, Schunemann",Refractive-index measurements and Sellmeier coefficients for zinc germanium phosphide from 2 to 9 µm with implications for phase matching in optical frequency-conversion devices,Journal of the Optical Society of America B,10.1364/josab.18.001307,,ZnGeP2,formula 2,2-9,82,,main/ZnGeP2/nk/Zelmon-e.yml; main/ZnGeP2/nk/Zelmon-o.yml
False,2000,"Djurišić, Li, Rakić","Modeling the optical properties of AlSb, GaSb, and InSb",Applied Physics A: Materials Science & Processing,10.1007/s003390050006,,AlSb; GaSb; InSb,tabulated nk,2.0664e-01-1.2398e+01,25,,main/AlSb/nk/Djurisic.yml; main/GaSb/nk/Djurisic.yml; main/InSb/nk/Djurisic.yml
False,2000,"Zhang, Kong, Zhang",Optical parametric properties of 532-nm-pumped beta-barium-borate near the infrared absorption edge,Optics Communications,10.1016/s0030-4018(00)00968-8,,BaB2O4,formula 4,0.64-3.18,56,,main/BaB2O4/nk/Zhang-e.yml; main/BaB2O4/nk/Zhang-o.yml
False,1999,"Djurišić, Li",Optical properties of graphite,Journal of Applied Physics,10.1063/1.369370,,C,tabulated nk,3.0996e-02-5.9040e-01,287,,main/C/nk/Djurisic-e.yml; main/C/nk/Djurisic-o.yml
False,1999,"Umemura, Yoshida, Kato",Phase-matching properties of KNbO_3 in the mid-infrared,Applied Optics,10.1364/ao.38.000991,,KNbO3,formula 4,0.40-5.3,32,,main/KNbO3/nk/Umemura-alpha.yml; main/KNbO3/nk/Umemura-beta.yml; main/KNbO3/nk/Umemura-gamma.yml
False,1999,"Takaoka, Kato",Thermo-optic dispersion formula for AgGaS_2,Applied Optics,10.1364/ao.38.004577,,AgGaS2,formula 4,0.58-10.59,39,,main/AgGaS2/nk/Takaoka-e.yml; main/AgGaS2/nk/Takaoka-o.yml
False,1999,"Griesmann, Burnett",Refractivity of nitrogen gas in the vacuum ultraviolet,Optics Letters,10.1364/ol.24.001699,,N2,formula 6,0.145-0.270,26,,main/N2/nk/Griesmann.yml
False,1998,"Šik, Hora, Humlı́ček",Optical functions of silicon at high temperatures,Journal of Applied Physics,10.1063/1.368951,,Si,tabulated nk,0.2883-0.6199,80,,main/Si/nk/Sik-250C.yml; main/Si/nk/Sik-25C.yml; main/Si/nk/Sik-500C.yml; main/Si/nk/Sik-700C.yml; main/Si/nk/Sik-850C.yml
False,1998,Milam,Review and assessment of measured values of the nonlinear refractive-index coefficient of fused silica,Applied Optics,10.1364/ao.37.000546,,SiO2,tabulated n2,0.351-1.053,379,,main/SiO2/n2/Milam.yml
False,1998,Ghosh,Sellmeier coefficients for the birefringence and refractive indices of ZnGeP_2 nonlinear crystal at different temperatures,Applied Optics,10.1364/ao.37.001205,,ZnGeP2,formula 2,0.7-12,36,,main/ZnGeP2/nk/Ghosh-100K-e.yml; main/ZnGeP2/nk/Ghosh-100K-o.yml; main/ZnGeP2/nk/Ghosh-150K-e.yml; main/ZnGeP2/nk/Ghosh-150K-o.yml; main/ZnGeP2/nk/Ghosh-200K-e.yml; main/ZnGeP2/nk/Ghosh-200K-o.yml; main/ZnGeP2/nk/Ghosh-250K-e.yml; main/ZnGeP2/nk/Ghosh-250K-o.yml; main/ZnGeP2/nk/Ghosh-300K-e.yml; main/ZnGeP2/nk/Ghosh-300K-o.yml; main/ZnGeP2/nk/Ghosh-350K-e.yml; main/ZnGeP2/nk/Ghosh-350K-o.yml; main/ZnGeP2/nk/Ghosh-400K-e.yml; main/ZnGeP2/nk/Ghosh-400K-o.yml; main/ZnGeP2/nk/Ghosh-450K-e.yml; main/ZnGeP2/nk/Ghosh-450K-o.yml; main/ZnGeP2/nk/Ghosh-500K-e.yml; main/ZnGeP2/nk/Ghosh-500K-o.yml
False,1998,"Zelmon, Small, Page",Refractive-index measurements of undoped yttrium aluminum garnet from 04 to 50 μm,Applied Optics,10.1364/ao.37.004933,,Y3Al5O12,formula 2,0.4-5.0,152,,main/Y3Al5O12/nk/Zelmon.yml
False,1998,"Rakić, Djurišić, Elazar",Optical properties of metallic films for vertical-cavity optoelectronic devices,Applied Optics,10.1364/ao.37.005271,,Ag; Al; Au; Be; Cr; Cu; Ni; Pd; Pt; Ti; W,tabulated nk,2.4797e-01-1.2398e+01,3944,,main/Ag/nk/Rakic-BB.yml; main/Ag/nk/Rakic-LD.yml; main/Al/nk/Rakic-BB.yml; main/Al/nk/Rakic-LD.yml; main/Au/nk/Rakic-BB.yml; main/Au/nk/Rakic-LD.yml; main/Be/nk/Rakic-BB.yml; main/Be/nk/Rakic-LD.yml; main/Cr/nk/Rakic-BB.yml; main/Cr/nk/Rakic-LD.yml; main/Cu/nk/Rakic-BB.yml; main/Cu/nk/Rakic-LD.yml; main/Ni/nk/Rakic-BB.yml; main/Ni/nk/Rakic-LD.yml; main/Pd/nk/Rakic-BB.yml; main/Pd/nk/Rakic-LD.yml; main/Pt/nk/Rakic-BB.yml; main/Pt/nk/Rakic-LD.yml; main/Ti/nk/Rakic-BB.yml; main/Ti/nk/Rakic-LD.yml; main/W/nk/Rakic-BB.yml; main/W/nk/Rakic-LD.yml
False,1998,"Dore, Nucara, Cannavò",Infrared properties of chemical-vapor deposition polycrystalline diamond windows,Applied Optics,10.1364/ao.37.005731,,C,tabulated nk,2.5-500,77,,main/C/nk/Dore.yml
False,1997,"Kawashima, Yoshikawa, Adachi",Optical properties of hexagonal GaN,Journal of Applied Physics,10.1063/1.365671,,GaN,tabulated nk,1.2398e-01-9.9187e-01,323,,main/GaN/nk/Kawashima.yml
False,1997,"Pestryakov, Petrov, Zubrinov",Physical properties of BeAl6O10 single crystals,Journal of Applied Physics,10.1063/1.365728,,BeAl6O10,formula 3,0.43-1.1,8,,main/BeAl6O10/nk/Pestryakov-alpha.yml; main/BeAl6O10/nk/Pestryakov-beta.yml; main/BeAl6O10/nk/Pestryakov-gamma.yml
False,1997,"Akiko Harasaki, Kiyoshi Kato","New Data on the Nonlinear Optical Constant, Phase-Matching, and Optical Damage of AgGaS2",Japanese Journal of Applied Physics,10.1143/jjap.36.700,,AgGaSe2,formula 4,0.81-16,296,,main/AgGaSe2/nk/Harasaki-e.yml; main/AgGaSe2/nk/Harasaki-o.yml
False,1997,"Nibbering, Grillon, Franco","Determination of the inertial contribution to the nonlinear refractive index of air, N_2, and O_2 by use of unfocused high-intensity femtosecond laser pulses",Journal of the Optical Society of America B,10.1364/josab.14.000650,,Ar; N2; O2; SF6; Xe,tabulated n2,0.8-0.8,324,,main/Ar/n2/Nibbering.yml; main/N2/n2/Nibbering.yml; main/O2/n2/Nibbering.yml; main/SF6/n2/Nibbering.yml; main/Xe/n2/Nibbering.yml
False,1997,"Zelmon, Small, Jundt",Infrared corrected Sellmeier coefficients for congruently grown lithium niobate and 5 mol% magnesium oxide –doped lithium niobate,Journal of the Optical Society of America B,10.1364/josab.14.003319,,LiNbO3,formula 2,0.4-5.0,849,,main/LiNbO3/nk/Zelmon-e.yml; main/LiNbO3/nk/Zelmon-o.yml
False,1996,"Rakić, Majewski",Modeling the optical dielectric function of GaAs and AlAs: Extension of Adachi’s model,Journal of Applied Physics,10.1063/1.363586,,AlAs; GaAs,tabulated nk,2.2140e-01-2.4797e+00,145,,main/AlAs/nk/Rakic.yml; main/GaAs/nk/Rakic.yml
False,1996,"Vukovic, Woolsey, Scelsi",Refractivities of and at wavelengths of 632.99 and 1300 nm,Journal of Physics D: Applied Physics,10.1088/0022-3727/29/3/023,,SF6,formula 5,0.6-1.3,13,,main/SF6/nk/Vukovic.yml
False,1996,"DeSalvo, Said, Hagan",Infrared to ultraviolet measurements of two-photon absorption and n/sub 2/ in wide bandgap solids,IEEE Journal of Quantum Electronics,10.1109/3.511545,,Al2O3; BaB2O4; BaF2; CaCO3; KBr; KTiOPO4; LiF; LiNbO3; MgF2; SiO2,tabulated n2,0.266-1.064,369,,main/Al2O3/n2/DeSalvo.yml; main/BaB2O4/n2/DeSalvo.yml; main/BaF2/n2/DeSalvo.yml; main/CaCO3/n2/DeSalvo.yml; main/KBr/n2/DeSalvo.yml; main/KTiOPO4/n2/DeSalvo-beta.yml; main/KTiOPO4/n2/DeSalvo-gamma.yml; main/LiF/n2/DeSalvo.yml; main/LiNbO3/n2/DeSalvo.yml; main/MgF2/n2/DeSalvo.yml; main/SiO2/n2/DeSalvo.yml
False,1996,"Kiyoshi Kato, Hiromichi Shirahata",Nonlinear IR Generation in AgGaS2,Japanese Journal of Applied Physics,10.1143/jjap.35.4645,,AgGaS2,formula 4,0.54-12.9,15,,main/AgGaS2/nk/Kato-e.yml; main/AgGaS2/nk/Kato-o.yml
False,1996,"Williams, Rose, Lee","Optical, thermo-optic, electro-optic, and photoelastic properties of bismuth germanate (Bi_4Ge_3O_12)",Applied Optics,10.1364/ao.35.003562,,Bi4Ge3O12,formula 1,0.305-1.00,102,,main/Bi4Ge3O12/nk/Williams.yml
False,1996,"Larruquert, Méndez, Aznárez",Optical constants of aluminum films in the extreme ultraviolet interval of 82–77 nm,Applied Optics,10.1364/ao.35.005692,,Al,tabulated nk,0.0770-0.1135,20,,main/Al/nk/Larruquert.yml
False,1995,"Green, Keevers",Optical properties of intrinsic silicon at 300 K,Progress in Photovoltaics: Research and Applications,10.1002/pip.4670030303,,Si,tabulated n; tabulated k,0.25-1.45; 0.25-1.00,1194,,main/Si/nk/Green-1995.yml
False,1995,"Suzuki, Sawai, Adachi",Optical properties of PbSe,Journal of Applied Physics,10.1063/1.358926,,PbSe,tabulated nk,2.2960e-01-1.0781e+00,83,,main/PbSe/nk/Suzuki.yml
False,1995,"Ninomiya, Adachi",Optical properties of cubic and hexagonal CdSe,Journal of Applied Physics,10.1063/1.359815,,CdSe,tabulated nk,2.0664e-01-8.2656e-01,203,,main/CdSe/nk/Ninomiya-cubic.yml; main/CdSe/nk/Ninomiya-e.yml; main/CdSe/nk/Ninomiya-o.yml
False,1995,"Ozaki, Adachi",Spectroscopic ellipsometry and thermoreflectance of GaAs,Journal of Applied Physics,10.1063/1.359966,,GaAs,tabulated nk,2.2140e-01-1.0332e+00,71,,main/GaAs/nk/Ozaki.yml
False,1995,"Ninomiya, Adachi",Optical properties of wurtzite CdS,Journal of Applied Physics,10.1063/1.360355,,CdS,tabulated nk,2.1752e-01-1.0332e+00,178,,main/CdS/nk/Ninomiya-e.yml; main/CdS/nk/Ninomiya-o.yml
False,1995,Rakić,Algorithm for the determination of intrinsic optical constants of metal films: application to aluminum,Applied Optics,10.1364/ao.34.004755,,Al,tabulated nk,1.2399E-04-2.0000E+02,653,,main/Al/nk/Rakic.yml
False,1993,"Shaw, Hooker, Wilson",Measurement of the nonlinear refractive index of air and other gases at 248 nm,Optics Communications,10.1016/0030-4018(93)90657-q,,Ar; He; N2; Ne; O2,tabulated n2,0.248-0.248,39,,main/Ar/n2/Shaw.yml; main/He/n2/Shaw.yml; main/N2/n2/Shaw.yml; main/Ne/n2/Shaw.yml; main/O2/n2/Shaw.yml
False,1993,"Vuye, Fisson, Nguyen Van",Temperature dependence of the dielectric function of silicon using in situ spectroscopic ellipsometry,Thin Solid Films,10.1016/0040-6090(93)90082-z,,Si,tabulated nk,0.2638-0.8266,144,,main/Si/nk/Vuye-100C.yml; main/Si/nk/Vuye-150C.yml; main/Si/nk/Vuye-200C.yml; main/Si/nk/Vuye-20C.yml; main/Si/nk/Vuye-250C.yml; main/Si/nk/Vuye-300C.yml; main/Si/nk/Vuye-350C.yml; main/Si/nk/Vuye-400C.yml; main/Si/nk/Vuye-450C.yml
False,1993,"Lin, Sverdlov, Strite",Refractive indices of wurtzite and zincblende GaN,Electronics Letters,10.1049/el:19931172,,GaN,tabulated n,0.368124-0.991745,78,,main/GaN/nk/Lin-wurtzite.yml; main/GaN/nk/Lin-zincblende.yml
False,1993,"Sato, Adachi",Optical properties of ZnTe,Journal of Applied Physics,10.1063/1.353305,,ZnTe,tabulated nk,2.2140e-01-8.2656e-01,176,,main/ZnTe/nk/Sato.yml
False,1993,"Adachi, Kimura, Suzuki",Optical properties of CdTe: Experiment and modeling,Journal of Applied Physics,10.1063/1.354543,,CdTe,tabulated nk,2.2140e-01-1.1271e+00,156,,main/CdTe/nk/Adachi.yml
False,1993,"Shunji Ozaki, Sadao Adachi",Optical Constants of Cubic ZnS,Japanese Journal of Applied Physics,10.1143/jjap.32.5008,,ZnS,tabulated nk,2.2140e-01-1.0332e+00,88,,main/ZnS/nk/Ozaki.yml
False,1992,Jellison,Optical functions of silicon determined by two-channel polarization modulation ellipsometry,Optical Materials,10.1016/0925-3467(92)90015-f,,Si,tabulated nk,0.234-0.840,281,,main/Si/nk/Jellison.yml
False,1992,Jellison,"Optical functions of GaAs, GaP, and Ge determined by two-channel polarization modulation ellipsometry",Optical Materials,10.1016/0925-3467(92)90022-f,,GaAs; GaP; Ge,tabulated nk,0.234-0.840,174,,main/GaAs/nk/Jellison.yml; main/GaP/nk/Jellison.yml; main/Ge/nk/Jellison.yml
False,1992,"Zysset, Biaggio, Günter",Refractive indices of orthorhombic KNbO_3 I Dispersion and temperature dependence,Journal of the Optical Society of America B,10.1364/josab.9.000380,,KNbO3,formula 4,0.40-3.4,159,,main/KNbO3/nk/Zysset-alpha.yml; main/KNbO3/nk/Zysset-beta.yml; main/KNbO3/nk/Zysset-gamma.yml
False,1991,"Adachi, Taguchi",Optical properties of ZnSe,Physical Review B,10.1103/physrevb.43.9569,,ZnSe,tabulated nk,2.3393e-01-8.2656e-01,315,,main/ZnSe/nk/Adachi.yml
False,1991,"Sheik-Bahae, Hutchings, Hagan",Dispersion of bound electron nonlinear refraction in solids,IEEE Journal of Quantum Electronics,10.1109/3.89946,,BaF2; CS2; CdS; CdSe; CdTe; GaAs; Ge; KTiOPO4; ZnSe; ZnTe,tabulated n2,0.532-0.532,961,,main/BaF2/n2/Sheik-Bahae.yml; main/CS2/n2/Sheik-Bahae.yml; main/CdS/n2/Sheik-Bahae.yml; main/CdSe/n2/Sheik-Bahae.yml; main/CdTe/n2/Sheik-Bahae.yml; main/GaAs/n2/Sheik-Bahae.yml; main/Ge/n2/Sheik-Bahae.yml; main/KTiOPO4/n2/Sheik-Bahae.yml; main/ZnSe/n2/Sheik-Bahae.yml; main/ZnTe/n2/Sheik-Bahae.yml
False,1991,"Woods, Payne, Marion",Thermomechanical and thermo-optical properties of the LiCaAlF_6:Cr^3+ laser material,Journal of the Optical Society of America B,10.1364/josab.8.000970,,LiCaAlF6,formula 4,0.4-1.0,100,,main/LiCaAlF6/nk/Woods-e.yml; main/LiCaAlF6/nk/Woods-o.yml
False,1990,"Weiting, Yixun",Temperature effects on the refractive index of lead telluride and zinc selenide,Infrared Physics,10.1016/0020-0891(90)90055-z,,PbSe; PbTe,formula 1; formula 4,5.0-10,29,,main/PbSe/nk/Zemel.yml; main/PbTe/nk/Weiting-130K.yml; main/PbTe/nk/Weiting-300K.yml; main/PbTe/nk/Weiting-80K.yml
False,1990,Adachi,Optical dispersion relations for AlSb from E=0 to 6.0 eV,Journal of Applied Physics,10.1063/1.345115,,AlSb,tabulated nk,2.0664e-01-1.2398e+01,26,,main/AlSb/nk/Adachi.yml
False,1989,Adachi,"Optical dispersion relations for GaP, GaAs, GaSb, InP, InAs, InSb, Alx Ga1−x As, and In1−x Gax AsyP1−y",Journal of Applied Physics,10.1063/1.343580,,GaAs; GaP; GaSb; InAs; InP; InSb,tabulated nk,2.0664e-01-1.2398e+01,606,,main/GaAs/nk/Adachi.yml; main/GaP/nk/Adachi.yml; main/GaSb/nk/Adachi.yml; main/InAs/nk/Adachi.yml; main/InP/nk/Adachi.yml; main/InSb/nk/Adachi.yml
False,1989,"Zollner, Lin, Schönherr",The dielectric function of AlSb from 1.4 to 5.8 eV determined by spectroscopic ellipsometry,Journal of Applied Physics,10.1063/1.343888,,AlSb,tabulated nk,0.2138-0.8856,83,,main/AlSb/nk/Zollner.yml
False,1989,"Adair, Chase, Payne",Nonlinear refractive index of optical crystals,Physical Review B,10.1103/physrevb.39.3337,,AgCl; Al2O3; BaF2; BeAl2O4; CaCO3; CaF2; CaO; CaWO4; CdF2; CdS; CeF3; Er2O3; Ga2O3; Gd3Ga5O12; Gd3Sc2Al3O12; Gd3Sc2Ga3O12; KBr; KCl; KF; KH2PO4; KTaO3; La3Lu2Ga3O12; LaF3; LiF; MgAl2O4; MgF2; MgO; NaBr; NaCl; NaF; SiO2; SrF2; SrO; SrTiO3; TiO2; Y2O3; Y3Al5O12; Y3Ga5O12; YAlO3; ZnO; ZnS; ZrO2,tabulated n2,1.064-1.064,606,,main/AgCl/n2/Adair.yml; main/Al2O3/n2/Adair-e.yml; main/Al2O3/n2/Adair-o.yml; main/BaF2/n2/Adair.yml; main/BeAl2O4/n2/Adair.yml; main/CaCO3/n2/Adair-e.yml; main/CaCO3/n2/Adair-o.yml; main/CaF2/n2/Adair.yml; main/CaO/n2/Adair.yml; main/CaWO4/n2/Adair-e.yml; main/CaWO4/n2/Adair-o.yml; main/CdF2/n2/Adair.yml; main/CdS/n2/Adair-e.yml; main/CdS/n2/Adair-o.yml; main/CeF3/n2/Adair.yml; main/Er2O3/n2/Adair.yml; main/Ga2O3/n2/Adair.yml; main/Gd3Ga5O12/n2/Adair.yml; main/Gd3Sc2Al3O12/n2/Adair.yml; main/Gd3Sc2Ga3O12/n2/Adair.yml; main/KBr/n2/Adair.yml; main/KCl/n2/Adair.yml; main/KF/n2/Adair.yml; main/KH2PO4/n2/Adair-e.yml; main/KH2PO4/n2/Adair-o.yml; main/KTaO3/n2/Adair.yml; main/La3Lu2Ga3O12/n2/Adair.yml; main/LaF3/n2/Adair.yml; main/LiF/n2/Adair.yml; main/MgAl2O4/n2/Adair.yml; main/MgF2/n2/Adair.yml; main/MgO/n2/Adair.yml; main/NaBr/n2/Adair.yml; main/NaCl/n2/Adair.yml; main/NaF/n2/Adair.yml; main/SiO2/n2/Adair-e.yml; main/SiO2/n2/Adair-o.yml; main/SiO2/n2/Adair.yml; main/SrF2/n2/Adair.yml; main/SrO/n2/Adair.yml; main/SrTiO3/n2/Adair.yml; main/TiO2/n2/Adair.yml; main/Y2O3/n2/Adair.yml; main/Y3Al5O12/n2/Adair.yml; main/Y3Ga5O12/n2/Adair.yml; main/YAlO3/n2/Adair.yml; main/ZnO/n2/Adair-e.yml; main/ZnO/n2/Adair-o.yml; main/ZnS/n2/Adair-e.yml; main/ZnS/n2/Adair-o.yml; main/ZrO2/n2/Adair.yml
False,1989,"Chen, Wu, Jiang",New nonlinear-optical crystal: LiB_3O_5,Journal of the Optical Society of America B,10.1364/josab.6.000616,,LiB3O5,formula 4,0.2894-1.064,2032,,main/LiB3O5/nk/Chen-alpha.yml; main/LiB3O5/nk/Chen-beta.yml; main/LiB3O5/nk/Chen-gamma.yml
False,1988,"Windt, Cash, Scott","Optical constants for thin films of Ti, Zr, Nb, Mo, Ru, Rh, Pd, Ag, Hf, Ta, W, Re, Ir, Os, Pt, and Au from 24 Å to 1216 Å",Applied Optics,10.1364/ao.27.000246,,Ag; Au; Hf; Ir; Mo; Nb; Os; Pd; Pt; Re; Rh; Ru; Ta; Ti; W; Zr,tabulated nk,0.00236-0.12157,130,,main/Ag/nk/Windt.yml; main/Au/nk/Windt.yml; main/Hf/nk/Windt.yml; main/Ir/nk/Windt.yml; main/Mo/nk/Windt.yml; main/Nb/nk/Windt.yml; main/Os/nk/Windt.yml; main/Pd/nk/Windt.yml; main/Pt/nk/Windt.yml; main/Re/nk/Windt.yml; main/Rh/nk/Windt.yml; main/Ru/nk/Windt.yml; main/Ta/nk/Windt.yml; main/Ti/nk/Windt.yml; main/W/nk/Windt.yml; main/Zr/nk/Windt.yml
False,1988,"Ordal, Bell, Alexander","Optical properties of Al, Fe, Ti, Ta, W, and Mo at submillimeter wavelengths",Applied Optics,10.1364/ao.27.001203,,Al; Fe; Mo; Ta; Ti; W,tabulated nk,0.667-200,406,,main/Al/nk/Ordal.yml; main/Fe/nk/Ordal.yml; main/Mo/nk/Ordal.yml; main/Ta/nk/Ordal.yml; main/Ti/nk/Ordal.yml; main/W/nk/Ordal.yml
False,1987,"Ordal, Bell, Alexander","Optical properties of Au, Ni, and Pb at submillimeter wavelengths",Applied Optics,10.1364/ao.26.000744,,Au; Ni; Pb,tabulated nk,0.667-286,276,,main/Au/nk/Ordal.yml; main/Ni/nk/Ordal.yml; main/Pb/nk/Ordal.yml
False,1986,"Aspnes, Kelso, Logan",Optical properties of Alx Ga1−x As,Journal of Applied Physics,10.1063/1.337426,,GaAs,tabulated nk,0.2066-0.8266,822,,main/GaAs/nk/Aspnes.yml
False,1985,"Ordal, Bell, Alexander","Optical properties of fourteen metals in the infrared and far infrared: Al, Co, Cu, Au, Fe, Pb, Mo, Ni, Pd, Pt, Ag, Ti, V, and W",Applied Optics,10.1364/ao.24.004493,,Cu,tabulated nk,5.17E-01-5.56E+01,1251,,main/Cu/nk/Ordal.yml
False,1984,"Wettling, Windscheif",Elastic constants and refractive index of boron phosphide,Solid State Communications,10.1016/0038-1098(84)90053-x,,BP,tabulated n,0.4545-0.6328,139,,main/BP/nk/Wettling.yml
False,1984,Li,"Refractive Index of ZnS, ZnSe, and ZnTe and Its Wavelength and Temperature Derivatives",Journal of Physical and Chemical Reference Data,10.1063/1.555705,,ZnTe,formula 4,0.55-30,195,,main/ZnTe/nk/Li.yml
False,1984,"Pflüger, Fink, Weber","Dielectric properties ofTiCx,TiNx,VCx, andVNx from 1.5 to 40 eV determined by electron-energy-loss spectroscopy",Physical Review B,10.1103/physrevb.30.1155,,TiC; TiN; VC; VN,tabulated nk,0.03107-2.4797,229,,main/TiC/nk/Pfluger.yml; main/TiN/nk/Pfluger.yml; main/VC/nk/Pfluger.yml; main/VN/nk/Pfluger.yml
False,1984,Dodge,Refractive properties of magnesium fluoride,Applied Optics,10.1364/ao.23.001980,,MgF2,formula 1,0.2-7.0,630,,main/MgF2/nk/Dodge-e.yml; main/MgF2/nk/Dodge-o.yml
False,1984,Debenham,Refractive indices of zinc sulfide in the 0405–13-μm wavelength range,Applied Optics,10.1364/ao.23.002238,,ZnS,formula 4,0.405-13,129,,main/ZnS/nk/Debenham.yml
False,1984,"Arndt, Azzam, Bennett",Multiple determination of the optical constants of thin-film coating materials,Applied Optics,10.1364/ao.23.003571,,Rh; Sc2O3,tabulated n; tabulated nk,0.40-0.75,210,,main/Rh/nk/Arndt.yml; main/Sc2O3/nk/Arndt.yml
False,1984,Fleming,Dispersion in GeO_2–SiO_2 glasses,Applied Optics,10.1364/ao.23.004486,,GeO2,formula 1,0.36-4.3,542,,main/GeO2/nk/Fleming.yml
False,1984,"White, Smith, Milam",Direct measurement of the nonlinear refractive-index coefficient γ at 355 nm in fused silica and in BK-10 glass,Optics Letters,10.1364/ol.9.000010,,SiO2,tabulated n2,0.355-0.355,18,,main/SiO2/n2/White.yml
False,1983,"Laiho, Lakkisto","Investigation of the refractive indices of LaF3, CeF3, PrF3 and NdF3",Philosophical Magazine B,10.1080/13642818308226470,,LaF3,formula 1,0.35-0.70,46,,main/LaF3/nk/Laihoa-e.yml; main/LaF3/nk/Laihoa-o.yml
False,1983,"Aspnes, Studna","Dielectric functions and optical parameters of Si, Ge, GaP, GaAs, GaSb, InP, InAs, and InSb from 1.5 to 6.0 eV",Physical Review B,10.1103/physrevb.27.985,,GaP; GaSb; Ge; InAs; InP; InSb; Si,tabulated nk,0.2066-0.8266,3703,,main/GaP/nk/Aspnes.yml; main/GaSb/nk/Aspnes.yml; main/Ge/nk/Aspnes.yml; main/InAs/nk/Aspnes.yml; main/InP/nk/Aspnes.yml; main/InSb/nk/Aspnes.yml; main/Si/nk/Aspnes.yml
False,1981,"Bideau-Mehu, Guern, Abjean","Measurement of refractive indices of neon, argon, krypton and xenon in the 253.7–140.4 nm wavelength range. Dispersion relations and estimated oscillator strengths of the resonance lines",Journal of Quantitative Spectroscopy and Radiative Transfer,10.1016/0022-4073(81)90057-1,,Ar; Kr; Ne; Xe,formula 6,0.1404-0.5677,127,,main/Ar/nk/Bideau-Mehu.yml; main/Kr/nk/Bideau-Mehu.yml; main/Ne/nk/Bideau-Mehu.yml; main/Xe/nk/Bideau-Mehu.yml
False,1981,"Inagaki, Arakawa, Williams",Optical properties of liquid mercury,Physical Review B,10.1103/physrevb.23.5246,,Hg,tabulated nk,0.06358-6.19921,57,,main/Hg/nk/Inagaki.yml
False,1980,"Ewbank, Newman, Mota",The temperature dependence of optical and mechanical properties of Tl3AsSe3,Journal of Applied Physics,10.1063/1.328128,,Tl3AsSe3,formula 1,2-12,27,,main/Tl3AsSe3/nk/Ewbank-e.yml; main/Tl3AsSe3/nk/Ewbank-o.yml
False,1980,Li,Refractive index of alkaline earth halides and its wavelength and temperature derivatives,Journal of Physical and Chemical Reference Data,10.1063/1.555616,,BaF2; CaF2; MgF2; SrF2,formula 1,0.15-15.0,325,,main/BaF2/nk/Li.yml; main/CaF2/nk/Li.yml; main/MgF2/nk/Li-e.yml; main/MgF2/nk/Li-o.yml; main/SrF2/nk/Li.yml
False,1980,Li,Refractive index of silicon and germanium and its wavelength and temperature derivatives,Journal of Physical and Chemical Reference Data,10.1063/1.555624,,Ge; Si,tabulated n,1.90-18.0,729,,main/Ge/nk/Li-100K.yml; main/Ge/nk/Li-150K.yml; main/Ge/nk/Li-200K.yml; main/Ge/nk/Li-250K.yml; main/Ge/nk/Li-293K.yml; main/Ge/nk/Li-350K.yml; main/Ge/nk/Li-400K.yml; main/Ge/nk/Li-450K.yml; main/Ge/nk/Li-500K.yml; main/Ge/nk/Li-550K.yml; main/Si/nk/Li-100K.yml; main/Si/nk/Li-150K.yml; main/Si/nk/Li-200K.yml; main/Si/nk/Li-250K.yml; main/Si/nk/Li-293K.yml; main/Si/nk/Li-350K.yml; main/Si/nk/Li-400K.yml; main/Si/nk/Li-450K.yml; main/Si/nk/Li-500K.yml; main/Si/nk/Li-550K.yml; main/Si/nk/Li-600K.yml; main/Si/nk/Li-650K.yml; main/Si/nk/Li-700K.yml; main/Si/nk/Li-750K.yml
False,1980,"Walling, Peterson, Jenssen",Tunable alexandrite lasers,IEEE Journal of Quantum Electronics,10.1109/jqe.1980.1070430,,BeAl2O4,formula 4,0.25-2.6,391,,main/BeAl2O4/nk/Walling-alpha.yml; main/BeAl2O4/nk/Walling-beta.yml; main/BeAl2O4/nk/Walling-gamma.yml
False,1980,"Edwards, Ochoa",Infrared refractive index of silicon,Applied Optics,10.1364/ao.19.004130,,Si,formula 7,2.4373-25,146,,main/Si/nk/Edwards.yml
False,1980,"Barnes, Gettemy",Temperature variation of the refractive indices of yttrium lithium fluoride,Journal of the Optical Society of America,10.1364/josa.70.001244,,YLiF4,formula 2,0.225-2.6,61,,main/YLiF4/nk/Barnes-e.yml; main/YLiF4/nk/Barnes-o.yml
False,1979,"Beal, Hughes","Kramers-Kronig analysis of the reflectivity spectra of 2H-MoS2, 2H-MoSe2 and 2H-MoTe2",Journal of Physics C: Solid State Physics,10.1088/0022-3719/12/5/017,,MoS2; MoSe2; MoTe2,tabulated nk,8.110E-2-1.236E+0,374,,main/MoS2/nk/Beal.yml; main/MoSe2/nk/Beal.yml; main/MoTe2/nk/Beal.yml
False,1979,"Connolly, diBenedetto, Donadio",<title>Specifications Of Raytran Material</title>,SPIE Proceedings,10.1117/12.957359,,ZnSe,formula 1,0.54-18.2,38,,main/ZnSe/nk/Connolly.yml
False,1979,"DeBell, Dereniak, Harvey",Cryogenic refractive indices and temperature coefficients of cadmium telluride from 6 μm to 22 μm,Applied Optics,10.1364/ao.18.003114,,CdTe,formula 2,6-22,32,,main/CdTe/nk/DeBell-20K.yml; main/CdTe/nk/DeBell-300K.yml; main/CdTe/nk/DeBell-80K.yml
False,1978,"Lomheim, DeShazer",Optical-absorption intensities of trivalent neodymium in the uniaxial crystal yttrium orthovanadate,Journal of Applied Physics,10.1063/1.324471,,YVO4,formula 2,0.488-3.39,178,,main/YVO4/nk/Birnbaum-e.yml; main/YVO4/nk/Birnbaum-o.yml
False,1977,"Wöhlecke, Marrello, Onton",Refractive index of BaTiO3 and SrTiO3 films,Journal of Applied Physics,10.1063/1.323822,,BaTiO3; SrTiO3,formula 1,0.3-1.0,121,,main/BaTiO3/nk/Wohlecke-a-300K.yml; main/BaTiO3/nk/Wohlecke-a-500K.yml; main/BaTiO3/nk/Wohlecke-mx.yml; main/SrTiO3/nk/Wohlecke-a.yml; main/SrTiO3/nk/Wohlecke-mx.yml
False,1977,"Arakawa, Williams, Inagaki",Optical properties of arc-evaporated carbon films between 0.6 and 3.8 eV,Journal of Applied Physics,10.1063/1.324057,,C,tabulated nk,0.3263-2.0664,67,,main/C/nk/Arakawa.yml
False,1977,"Milam, Weber, Glass",Nonlinear refractive index of fluoride crystals,Applied Physics Letters,10.1063/1.89561,,BaF2; CaF2; CdF2; CeF3; LaF3; LiF; MgF2; NaF; PbF2; SrF2; YLiF4,tabulated n2,1.064-1.064,100,,main/BaF2/n2/Milam.yml; main/CaF2/n2/Milam.yml; main/CdF2/n2/Milam.yml; main/CeF3/n2/Milam.yml; main/LaF3/n2/Milam.yml; main/LiF/n2/Milam.yml; main/MgF2/n2/Milam.yml; main/NaF/n2/Milam.yml; main/PbF2/n2/Milam.yml; main/SrF2/n2/Milam.yml; main/YLiF4/n2/Milam.yml
False,1977,"Weaver, Olson, Lynch",Optical investigation of the electronic structure of bulk Rh and Ir,Physical Review B,10.1103/physrevb.15.4115,,Rh,tabulated nk,0.2000-12.40,69,,main/Rh/nk/Weaver.yml
False,1977,"Rasigni, Rasigni",Optical constants of lithium deposits as determined from the Kramers-Kronig analysis,Journal of the Optical Society of America,10.1364/josa.67.000054,,Li,tabulated nk,0.1164-8.266,41,,main/Li/nk/Rasigni.yml
False,1977,"Afsar, Hasted",Measurements of the optical constants of liquid H_2O and D_2O between 6 and 450 cm^−1,Journal of the Optical Society of America,10.1364/josa.67.000902,,D2O; H2O,tabulated nk,250.0-2000,171,,main/D2O/nk/Asfar.yml; main/H2O/nk/Asfar.yml
False,1977,"Peck, Huang",Refractivity and dispersion of hydrogen in the visible and near infrared,Journal of the Optical Society of America,10.1364/josa.67.001550,,H2,formula 6,0.1680-1.6945,76,,main/H2/nk/Peck.yml
False,1976,"Kachare, Spitzer, Fredrickson",Refractive index of ion-implanted GaAs,Journal of Applied Physics,10.1063/1.323292,,GaAs,formula 1,1.4-11,44,,main/GaAs/nk/Kachare.yml
False,1976,"Smith, Huber, Parkinson","Refractivities ofH2, He,O2, CO, and Kr for168≤λ≤288nm",Physical Review A,10.1103/physreva.13.1422,,CO1; H2; He; Kr; O2,tabulated n,0.16720-0.28940,52,,main/CO1/nk/Smith.yml; main/H2/nk/Smith.yml; main/He/nk/Smith.yml; main/Kr/nk/Smith.yml; main/O2/nk/Smith.yml
False,1976,"Inagaki, Emerson, Arakawa",Optical properties of solid Na and Li between 0.6 and 3.8 eV,Physical Review B,10.1103/physrevb.13.2305,,Li; Na,tabulated nk,0.326-2.066,76,,main/Li/nk/Inagaki.yml; main/Na/nk/Inagaki.yml
False,1976,"Inagaki, Arakawa, Birkhoff",Optical properties of liquid Na between 0.6 and 3.8 eV,Physical Review B,10.1103/physrevb.13.5610,,Na,tabulated nk,0.335-2.000,26,,main/Na/nk/Inagaki-liquid.yml
False,1976,"Fujii, Sakudo",Dielectric and Optical Properties of KTaO3,Journal of the Physical Society of Japan,10.1143/jpsj.41.888,,KTaO3,formula 1,0.4-1.06,68,,main/KTaO3/nk/Fujii.yml
False,1976,"Icenogle, Platt, Wolfe",Refractive indexes and temperature coefficients of germanium and silicon,Applied Optics,10.1364/ao.15.002348,,Ge,formula 2,2.5-12,207,,main/Ge/nk/Icenogle.yml
False,1976,Bhar,Refractive index interpolation in phase-matching,Applied Optics,10.1364/ao.15.0305_1,,Te,formula 2,8.5-30.3,79,,main/Te/nk/Sherman-e.yml; main/Te/nk/Sherman-o.yml
False,1975,"Weaver, Olson, Lynch",Optical properties of crystalline tungsten,Physical Review B,10.1103/physrevb.12.1293,,W,tabulated nk,4.429E-02-4.110E+00,150,,main/W/nk/Weaver.yml
False,1975,"Morita, Yamamoto",Optical and Electrical Properties of Boron,Japanese Journal of Applied Physics,10.1143/jjap.14.825,,B,tabulated nk,0.350-0.975,41,,main/B/nk/Morita.yml
False,1975,"Hagemann, Gudat, Kunz","Optical constants from the far infrared to the x-ray region: Mg, Al, Cu, Ag, Au, Bi, C, and Al_2O_3",Journal of the Optical Society of America,10.1364/josa.65.000742,,Ag; Al; Al2O3; Au; Bi; C; Cu; Mg,tabulated nk,2.480E-06-2.480E+02,795,,main/Ag/nk/Hagemann.yml; main/Al/nk/Hagemann.yml; main/Al2O3/nk/Hagemann.yml; main/Au/nk/Hagemann-2.yml; main/Au/nk/Hagemann.yml; main/Bi/nk/Hagemann.yml; main/C/nk/Hagemann.yml; main/Cu/nk/Hagemann.yml; main/Mg/nk/Hagemann.yml
False,1974,Leonard,"Refractive indices, Verdet constants, and Polarizabilities of the inert gases",Atomic Data and Nuclear Data Tables,10.1016/s0092-640x(74)80028-8,,Kr; Xe,tabulated n,0.230209-0.623437,113,,main/Kr/nk/Koch.yml; main/Xe/nk/Koch.yml
False,1974,"Bliss, Speck, Simmons",Direct interferometric measurements of the nonlinear refractive index coefficient n2 in laser materials,Applied Physics Letters,10.1063/1.1655378,,Y3Al5O12,tabulated n2,1.064-1.064,61,,main/Y3Al5O12/n2/Bliss.yml
False,1974,"Monin, Boutry",Optical and photoelectric properties of alkali metals,Physical Review B,10.1103/physrevb.9.1309,,Cs; K; Na; Rb,tabulated nk,0.2536-0.6200,98,,main/Cs/nk/Monin.yml; main/K/nk/Monin.yml; main/Na/nk/Monin.yml; main/Rb/nk/Monin.yml
False,1974,"Johnson, Christy","Optical constants of transition metals: Ti, V, Cr, Mn, Fe, Co, Ni, and Pd",Physical Review B,10.1103/physrevb.9.5056,,Co; Cr; Fe; Mn; Ni; Pd; Ti; V,tabulated nk,0.188-1.937,1648,,main/Co/nk/Johnson.yml; main/Cr/nk/Johnson.yml; main/Fe/nk/Johnson.yml; main/Mn/nk/Johnson.yml; main/Ni/nk/Johnson.yml; main/Pd/nk/Johnson.yml; main/Ti/nk/Johnson.yml; main/V/nk/Johnson.yml
False,1974,"Callcott, Arakawa",Ultraviolet optical properties of Li,Journal of the Optical Society of America,10.1364/josa.64.000839,,Li,tabulated nk,0.1153-0.2066,32,,main/Li/nk/Callcott.yml
False,1973,"Bideau-Mehu, Guern, Abjean",Interferometric determination of the refractive index of carbon dioxide in the ultraviolet region,Optics Communications,10.1016/0030-4018(73)90289-7,,CO2,formula 6,0.1807-1.6945,90,,main/CO2/nk/Bideau-Mehu.yml
False,1973,"Weaver, Lynch, Olson",Optical Properties of Niobium from 0.1 to 36.4 eV,Physical Review B,10.1103/physrevb.7.4311,,Nb,tabulated nk,2.583E-02-8.621E-01,108,,main/Nb/nk/Weaver.yml
False,1973,Owyoung,Ellipse rotation studies in laser host materials,IEEE Journal of Quantum Electronics,10.1109/jqe.1973.1077417,,Y3Al5O12,tabulated n2,1.064-1.064,198,,main/Y3Al5O12/n2/Owyoung.yml
False,1973,Philipp,Optical Properties of Silicon Nitride,Journal of The Electrochemical Society,10.1149/1.2403440,,Si3N4,formula 1,0.207-1.24,430,,main/Si3N4/nk/Philipp.yml
False,1973,"Hale, Querry",Optical Constants of Water in the 200-nm to 200-μm Wavelength Region,Applied Optics,10.1364/ao.12.000555,,H2O,tabulated nk,0.200-200,3870,,main/H2O/nk/Hale.yml
False,1973,"Coulter, Hass, Ramsey",Optical constants and reflectance and transmittance of evaporated rhodium films in the visible*,Journal of the Optical Society of America,10.1364/josa.63.001149,,Rh,tabulated nk,0.4047-0.6120,23,,main/Rh/nk/Coulter-300.yml; main/Rh/nk/Coulter-40.yml
False,1972,"Singh, Remeika, Potopowicz",Nonlinear Optical Properties of Ferroelectric Lead Titanate,Applied Physics Letters,10.1063/1.1654078,,PbTiO3,formula 2,0.45-1.15,91,,main/PbTiO3/nk/Singh-e.yml; main/PbTiO3/nk/Singh-o.yml
False,1972,"Whang, Arakawa, Callcott",Optical Properties of Rb between 3.3 and 10.5 eV,Physical Review B,10.1103/physrevb.5.2118,,Rb,tabulated nk,0.1165-0.3800,27,,main/Rb/nk/Whang.yml
False,1972,"Pierce, Spicer",Electronic Structure of Amorphous Si from Photoemission and Optical Studies,Physical Review B,10.1103/physrevb.5.3017,,Si,tabulated nk,1.033E-1-2.066E+0,547,,main/Si/nk/Pierce.yml
False,1972,"Whang, Arakawa, Callcott","Optical Properties of K between 4 and 10.7 eV and Comparison with Na, Rb, and Cs",Physical Review B,10.1103/physrevb.6.2109,,K,tabulated nk,0.116-0.315,57,,main/K/nk/Whang.yml
False,1972,"Johnson, Christy",Optical Constants of the Noble Metals,Physical Review B,10.1103/physrevb.6.4370,,Ag; Au; Cu,tabulated nk,0.1879-1.9370,18531,,main/Ag/nk/Johnson.yml; main/Au/nk/Johnson.yml; main/Cu/nk/Johnson.yml
False,1972,"Boyd, Kasper, McFee",Linear and nonlinear optical properties of some ternary selenides,IEEE Journal of Quantum Electronics,10.1109/jqe.1972.1076900,,AgGaSe2,formula 2,0.725-13.5,447,,main/AgGaSe2/nk/Boyd-e.yml; main/AgGaSe2/nk/Boyd-o.yml
False,1972,"Boyd, Buehler, Storz",Linear and nonlinear optical properties of ternary A&lt;sup&gt;II&lt;/sup&gt;B&lt;sup&gt;IV&lt;/sup&gt;C&lt;inf&gt;2&lt;/inf&gt;&lt;sup&gt;V&lt;/sup&gt;chalcopyrite semiconductors,IEEE Journal of Quantum Electronics,10.1109/jqe.1972.1076982,,CdGeAs2; CdGeP2; ZnSiAs2,formula 2,2.4-11.5,171,,main/CdGeAs2/nk/Boyd-e.yml; main/CdGeAs2/nk/Boyd-o.yml; main/CdGeP2/nk/Boyd-118-e.yml; main/CdGeP2/nk/Boyd-118-o.yml; main/CdGeP2/nk/Boyd-20-e.yml; main/CdGeP2/nk/Boyd-20-o.yml; main/ZnSiAs2/nk/Boyd-e.yml; main/ZnSiAs2/nk/Boyd-o.yml
False,1971,"Umegaki, Tanaka, Uchiyama",Refractive indices of lithium iodate between 0.4 and 2.2 μ,Optics Communications,10.1016/0030-4018(71)90013-7,,LiIO3,formula 4,0.4-5.7,23,,main/LiIO3/nk/Umegaki-e.yml; main/LiIO3/nk/Umegaki-o.yml
False,1971,"Boyd, Buehler, Storz",LINEAR AND NONLINEAR OPTICAL PROPERTIES OF ZnGeP2 AND CdSe,Applied Physics Letters,10.1063/1.1653673,,ZnGeP2,formula 2,0.64-12,778,,main/ZnGeP2/nk/Boyd-20C-e.yml; main/ZnGeP2/nk/Boyd-20C-o.yml; main/ZnGeP2/nk/Boyd-70C-e.yml; main/ZnGeP2/nk/Boyd-70C-o.yml
False,1971,"Singh, Potopowicz, Van Uitert",Nonlinear Optical Properties of Hexagonal Silicon Carbide,Applied Physics Letters,10.1063/1.1653819,,SiC,formula 2,0.488-1.064,90,,main/SiC/nk/Singh-e.yml; main/SiC/nk/Singh-o.yml
False,1971,Johnston,Dispersion of Electro-Optic Effect in BaTiO3,Journal of Applied Physics,10.1063/1.1660761,,BaTiO3,formula 1; tabulated nk,0.4-1.0,69,,main/BaTiO3/nk/Johnston-clamped.yml; main/BaTiO3/nk/Johnston-unclamped.yml
False,1971,"Mathewson, Myers",Absolute Values of the Optical Constants of Some Pure Metals,Physica Scripta,10.1088/0031-8949/4/6/009,,Al; Ca; In; Li; Pb,tabulated nk,0.49594-1.77120,137,,main/Al/nk/Mathewson.yml; main/Ca/nk/Mathewson.yml; main/In/nk/Mathewson-140K.yml; main/In/nk/Mathewson-298K.yml; main/Li/nk/Mathewson-140K.yml; main/Li/nk/Mathewson-298K.yml; main/Pb/nk/Mathewson-140K.yml; main/Pb/nk/Mathewson-298K.yml
False,1971,Uchida,Optical Properties of Single-Crystal Paratellurite (TeO2),Physical Review B,10.1103/physrevb.4.3736,,TeO2,formula 1,0.4-1.0,205,,main/TeO2/nk/Uchida-e.yml; main/TeO2/nk/Uchida-o.yml
False,1971,"Boyd, Kasper, McFee","Linear and nonlinear optical properties of AgGaS&lt;inf&gt;2&lt;/inf&gt;, CuGaS&lt;inf&gt;2&lt;/inf&gt;, and CuInS&lt;inf&gt;2&lt;/inf&gt;, and theory of the wedge technique for the measurement of nonlinear coefficients",IEEE Journal of Quantum Electronics,10.1109/jqe.1971.1076588,,AgGaS2; CuGaS2,formula 2,0.49-12,417,,main/AgGaS2/nk/Boyd-e.yml; main/AgGaS2/nk/Boyd-o.yml; main/CuGaS2/nk/Boyd-120-e.yml; main/CuGaS2/nk/Boyd-120-o.yml; main/CuGaS2/nk/Boyd-20-e.yml; main/CuGaS2/nk/Boyd-20-o.yml
False,1971,"Yamaguchi, Hanyu",Optical Properties of Potassium,Journal of the Physical Society of Japan,10.1143/jpsj.31.1431,,Na,tabulated nk,0.200-0.600,27,,main/Na/nk/Yamaguchi.yml
False,1971,Shaffer,"Refractive Index, Dispersion, and Birefringence of Silicon Carbide Polytypes",Applied Optics,10.1364/ao.10.001034,,SiC,formula 5,0.467-0.691,139,,main/SiC/nk/Shaffer.yml
False,1971,"Parsons, Coleman",Far Infrared Optical Constants of Gallium Phosphide,Applied Optics,10.1364/ao.10.1683_1,,GaP,tabulated n,54.369-366.03,73,,main/GaP/nk/Parsons.yml
False,1971,"Old, Gentili, Peck",Dispersion of Carbon Dioxide*,Journal of the Optical Society of America,10.1364/josa.61.000089,,CO2,formula 6,0.4801260-1.817228,45,,main/CO2/nk/Old.yml
False,1971,"Whang, Arakawa, Callcott",Optical Properties of Cs for Photons of Energy 36–96 eV*,Journal of the Optical Society of America,10.1364/josa.61.000740,,Cs,tabulated nk,0.1294-0.3444,32,,main/Cs/nk/Whang.yml
False,1969,"Lisitsa, Gudymenko, Malinko",Dispersion of the Refractive Indices and Birefringence of CdSxSe1−x Single Crystals,physica status solidi (b),10.1002/pssb.19690310146,,CdSe,formula 2,1.01-22.0,90,,main/CdSe/nk/Lisitsa-e.yml; main/CdSe/nk/Lisitsa-o.yml
False,1969,"Sinnock, Smith",Refractive Indices of the Condensed Inert Gases,Physical Review,10.1103/physrev.181.1297,,Ar; Kr; Xe,tabulated n,0.3612-0.6439,127,,main/Ar/nk/Sinnock-liquid-83.81K.yml; main/Ar/nk/Sinnock-liquid-86K.yml; main/Ar/nk/Sinnock-liquid-88K.yml; main/Ar/nk/Sinnock-liquid-90K.yml; main/Ar/nk/Sinnock-solid-20K.yml; main/Ar/nk/Sinnock-solid-30K.yml; main/Ar/nk/Sinnock-solid-40K.yml; main/Ar/nk/Sinnock-solid-50K.yml; main/Ar/nk/Sinnock-solid-60K.yml; main/Ar/nk/Sinnock-solid-70K.yml; main/Ar/nk/Sinnock-solid-80K.yml; main/Ar/nk/Sinnock-solid-83.81K.yml; main/Kr/nk/Sinnock-liquid-115.95K.yml; main/Kr/nk/Sinnock-liquid-118K.yml; main/Kr/nk/Sinnock-liquid-122K.yml; main/Kr/nk/Sinnock-liquid-126K.yml; main/Kr/nk/Sinnock-solid-105K.yml; main/Kr/nk/Sinnock-solid-115.95K.yml; main/Kr/nk/Sinnock-solid-67K.yml; main/Kr/nk/Sinnock-solid-75K.yml; main/Kr/nk/Sinnock-solid-85K.yml; main/Kr/nk/Sinnock-solid-95K.yml; main/Xe/nk/Sinnock-liquid-161.35K.yml; main/Xe/nk/Sinnock-liquid-166K.yml; main/Xe/nk/Sinnock-liquid-170K.yml; main/Xe/nk/Sinnock-liquid-174K.yml; main/Xe/nk/Sinnock-liquid-178K.yml; main/Xe/nk/Sinnock-solid-100K.yml; main/Xe/nk/Sinnock-solid-110K.yml; main/Xe/nk/Sinnock-solid-120K.yml; main/Xe/nk/Sinnock-solid-130K.yml; main/Xe/nk/Sinnock-solid-140K.yml; main/Xe/nk/Sinnock-solid-150K.yml; main/Xe/nk/Sinnock-solid-161.35K.yml; main/Xe/nk/Sinnock-solid-80K.yml; main/Xe/nk/Sinnock-solid-90K.yml
False,1969,Smith,Optical Constants of Sodium and Potassium from 0.5 to 4.0 eV by Split-Beam Ellipsometry,Physical Review,10.1103/physrev.183.634,,K; Na,tabulated nk,0.312539-2.237982,193,,main/K/nk/Smith.yml; main/Na/nk/Smith.yml
False,1969,"Gampel, Johnson",Index of Refraction of Single-Crystal Selenium,Journal of the Optical Society of America,10.1364/josa.59.000072,,Se,tabulated n,1.06-10.6,30,,main/Se/nk/Campel-e.yml; main/Se/nk/Campel-o.yml
False,1969,"Mansfield, Peck",Dispersion of Helium,Journal of the Optical Society of America,10.1364/josa.59.000199,,He,formula 6,0.4801-2.0586,75,,main/He/nk/Mansfield.yml
False,1969,"Feldman, Horowitz",Refractive Index of Cuprous Chloride*,Journal of the Optical Society of America,10.1364/josa.59.001406,,CuCl,formula 4,0.43-2.5,54,,main/CuCl/nk/Feldman.yml
False,1968,Nigara,Measurement of the Optical Constants of Yttrium Oxide,Japanese Journal of Applied Physics,10.1143/jjap.7.404,,Y2O3,formula 1,0.25-9.6,225,,main/Y2O3/nk/Nigara.yml
False,1968,"Heitmann, Ritter",Production and Properties of Vacuum Evaporated Films of Thorium Fluoride,Applied Optics,10.1364/ao.7.000307,,ThF4,formula 2,0.26-0.76,15,,main/ThF4/nk/Heitmann.yml
False,1968,"Sutherland, Arakawa",Optical Properties of Potassium for Photons of Energy 396 to 969 eV*,Journal of the Optical Society of America,10.1364/josa.58.001080,,K,tabulated n,0.1280-0.3131,30,,main/K/nk/Sutherland.yml
False,1967,"Bond, Boyd, Carter",Refractive Indices of HgS (Cinnabar) between 0.62 and 11 μ,Journal of Applied Physics,10.1063/1.1709079,,HgS,formula 2,0.62-11.0,51,,main/HgS/nk/Bond-e.yml; main/HgS/nk/Bond-o.yml
False,1967,"Hulme, Jones, Davies",SYNTHETIC PROUSTITE (Ag3AsS3): A NEW CRYSTAL FOR OPTICAL MIXING,Applied Physics Letters,10.1063/1.1754880,,Ag3AsS3,formula 4,0.59-4.6,144,,main/Ag3AsS3/nk/Hulme-e.yml; main/Ag3AsS3/nk/Hulme-o.yml
False,1967,Bosomworth,"Far-Infrared Optical Properties of CaF2, SrF2, BaF2, and CdF2",Physical Review,10.1103/physrev.157.709,,BaF2; CaF2; CdF2; SrF2,formula 4; tabulated k; tabulated k,71.429-1000.0,91,,main/BaF2/nk/Bosomworth-200K.yml; main/BaF2/nk/Bosomworth-300K.yml; main/BaF2/nk/Bosomworth-5K.yml; main/BaF2/nk/Bosomworth-80K.yml; main/CaF2/nk/Bosomworth-200K.yml; main/CaF2/nk/Bosomworth-300K.yml; main/CaF2/nk/Bosomworth-5K.yml; main/CaF2/nk/Bosomworth-80K.yml; main/CdF2/nk/Bosomworth-200K.yml; main/CdF2/nk/Bosomworth-300K.yml; main/CdF2/nk/Bosomworth-5K.yml; main/CdF2/nk/Bosomworth-80K.yml; main/SrF2/nk/Bosomworth-200K.yml; main/SrF2/nk/Bosomworth-300K.yml; main/SrF2/nk/Bosomworth-5K.yml; main/SrF2/nk/Bosomworth-80K.yml
False,1967,"Hass, Jacobus, Hunter",Optical Properties of Evaporated Iridium in the Vacuum Ultraviolet from 500 Å to 2000 Å *†,Journal of the Optical Society of America,10.1364/josa.57.000758,,Ir,tabulated nk,0.0500-0.5461,63,,main/Ir/nk/Hass-300C.yml; main/Ir/nk/Hass-40C.yml
False,1966,"Pastrňák, Roskovcová",Refraction Index Measurements on AlN Single Crystals,physica status solidi (b),10.1002/pssb.19660140127,,AlN,formula 1,0.22-5.0,142,,main/AlN/nk/Pastrnak-e.yml; main/AlN/nk/Pastrnak-o.yml
False,1966,"Peck, Khanna",Dispersion of Nitrogen*,Journal of the Optical Society of America,10.1364/josa.56.001059,,N2,formula 6,0.4679-2.0587,168,,main/N2/nk/Peck-0C.yml; main/N2/nk/Peck-15C.yml
False,1965,Bond,Measurement of the Refractive Indices of Several Crystals,Journal of Applied Physics,10.1063/1.1703106,,AlPO4; CaMoO4; CaWO4; CdSe; GaP; LiTaO3; SrMoO4; SrTiO3; TiO2; Y3Al5O12; ZnO; ZnS; ZnWO4,formula 1; formula 4; tabulated n,0.40-2.60,781,,main/AlPO4/nk/Bond-e.yml; main/AlPO4/nk/Bond-o.yml; main/CaMoO4/nk/Bond-e.yml; main/CaMoO4/nk/Bond-o.yml; main/CaWO4/nk/Bond-e.yml; main/CaWO4/nk/Bond-o.yml; main/CdSe/nk/Bond-e.yml; main/CdSe/nk/Bond-o.yml; main/GaP/nk/Bond.yml; main/LiTaO3/nk/Bond-e.yml; main/LiTaO3/nk/Bond-o.yml; main/SrMoO4/nk/Bond-e.yml; main/SrMoO4/nk/Bond-o.yml; main/SrTiO3/nk/Bond.yml; main/TiO2/nk/Bond-e.yml; main/TiO2/nk/Bond-o.yml; main/Y3Al5O12/nk/Bond.yml; main/ZnO/nk/Bond-e.yml; main/ZnO/nk/Bond-o.yml; main/ZnS/nk/Bond.yml; main/ZnWO4/nk/Bond-alpha.yml; main/ZnWO4/nk/Bond-beta.yml; main/ZnWO4/nk/Bond-gamma.yml
False,1965,"Lorimor, Spitzer",Infrared Refractive Index and Absorption of InAs and CdTe,Journal of Applied Physics,10.1063/1.1714362,,InAs,formula 1,3.7-31.3,111,,main/InAs/nk/Lorimor.yml
False,1965,"Pettit, Turner",Refractive Index of InP,Journal of Applied Physics,10.1063/1.1714410,,InP,formula 1,0.95-10,126,,main/InP/nk/Pettit.yml
False,1965,"Zemel, Jensen, Schoolar","Electrical and Optical Properties of Epitaxial Films of PbS, PbSe, PbTe, and SnTe",Physical Review,10.1103/physrev.140.a330,,PbS,formula 1,3.5-10,505,,main/PbS/nk/Zemel.yml
False,1965,Malitson,"Interspecimen Comparison of the Refractive Index of Fused Silica*,†",Journal of the Optical Society of America,10.1364/josa.55.001205,,SiO2,formula 1,0.21-6.7,3861,,main/SiO2/nk/Malitson.yml
False,1964,Marple,"Refractive Index of ZnSe, ZnTe, and CdTe",Journal of Applied Physics,10.1063/1.1713411,,CdTe; ZnSe; ZnTe,formula 2,0.86-2.5,474,,main/CdTe/nk/Marple.yml; main/ZnSe/nk/Marple.yml; main/ZnTe/nk/Marple.yml
False,1964,"Phillip, Taft",Kramers-Kronig Analysis of Reflectance Data for Diamond,Physical Review,10.1103/physrev.136.a1445,,C,tabulated nk,0.035424054-10.00000000,302,,main/C/nk/Phillip.yml
False,1964,Malitson,Refractive Properties of Barium Fluoride*,Journal of the Optical Society of America,10.1364/josa.54.000628,,BaF2,formula 1,0.2652-10.346,86,,main/BaF2/nk/Malitson.yml
False,1964,Zernike,Refractive Indices of Ammonium Dihydrogen Phosphate and Potassium Dihydrogen Phosphate between 2000 Å and 15 μ,Journal of the Optical Society of America,10.1364/josa.54.001215,,KH2PO4; NH4H2PO4,formula 4,0.2138-1.529,273,,main/KH2PO4/nk/Zernike-e.yml; main/KH2PO4/nk/Zernike-o.yml; main/NH4H2PO4/nk/Zernike-e.yml; main/NH4H2PO4/nk/Zernike-o.yml
False,1964,"Peck, Fisher",Dispersion of Argon,Journal of the Optical Society of America,10.1364/josa.54.001362,,Ar,formula 6,0.4679-2.0587,88,,main/Ar/nk/Peck-0C.yml; main/Ar/nk/Peck-15C.yml
False,1963,Malitson,A Redetermination of Some Optical Properties of Calcium Fluoride,Applied Optics,10.1364/ao.2.001103,,CaF2,formula 1,0.23-9.7,312,,main/CaF2/nk/Malitson.yml
False,1962,"Kaiser, Spitzer, Kaiser","Infrared Properties of CaF2, SrF2, and BaF2",Physical Review,10.1103/physrev.127.1950,,BaF2; CaF2; SrF2,tabulated nk,10.000-80.000,217,,main/BaF2/nk/Kaiser.yml; main/CaF2/nk/Kaiser.yml; main/SrF2/nk/Kaiser.yml
False,1962,Malitson,Refraction and Dispersion of Synthetic Sapphire,Journal of the Optical Society of America,10.1364/josa.52.001377,,Al2O3,formula 1,0.2652-5.577,406,,main/Al2O3/nk/Malitson.yml
False,1959,"Caldwell, Fan",Optical Properties of Tellurium and Selenium,Physical Review,10.1103/physrev.114.664,,Te,formula 2,4-14,260,,main/Te/nk/Caldwell-e.yml; main/Te/nk/Caldwell-o.yml
False,1958,"Rodney, Malitson, King",Refractive Index of Arsenic Trisulfide,Journal of the Optical Society of America,10.1364/josa.48.000633,,As2S3,formula 2,0.57-11.8,187,,main/As2S3/nk/Rodney.yml
False,1957,"Salzberg, Villa",Infrared Refractive Indexes of Silicon Germanium and Modified Selenium Glass*,Journal of the Optical Society of America,10.1364/josa.47.000244,,Si,formula 1,1.357-11.04,306,,main/Si/nk/Salzberg.yml
False,1955,Rodney,Optical Properties of Cesium Iodide*,Journal of the Optical Society of America,10.1364/josa.45.000987,,CsI,formula 1,0.2967-50,26,,main/CsI/nk/Rodney.yml
False,1952,"Stephens, Malitson",Index of refraction of magnesium oxide,Journal of Research of the National Bureau of Standards,10.6028/jres.049.025,,MgO,formula 4,0.4047-0.7679,183,,main/MgO/nk/Stephens-vis.yml; main/MgO/nk/Stephens.yml
False,1951,Radhakrishnan,Further studies on the temperature variation of the refractive index of crystals,Proceedings of the Indian Academy of Sciences - Section A,10.1007/bf03172255,,SiO2,formula 1,0.18-3,56,,main/SiO2/nk/Radhakrishnan-e.yml; main/SiO2/nk/Radhakrishnan-o.yml
False,1951,DeVore,Refractive Indices of Rutile and Sphalerite,Journal of the Optical Society of America,10.1364/josa.41.000416,,TiO2,formula 4,0.43-1.53,986,,main/TiO2/nk/Devore-e.yml; main/TiO2/nk/Devore-o.yml
False,1950,"Tilton, Plyler, Stephens",Refractive Index of Silver Chloride for Visible and Infra-Red Radiant Energy*,Journal of the Optical Society of America,10.1364/josa.40.000540,,AgCl,formula 4,0.578-20.6,44,,main/AgCl/nk/Tilton.yml
False,1937,"Ives, Briggs",The Optical Constants of Sodium,Journal of the Optical Society of America,10.1364/josa.27.000181,,Na,tabulated nk,0.2536-0.5780,55,,main/Na/nk/Ives.yml
False,1937,"Ives, Briggs",Optical Constants of Rubidium and Cesium,Journal of the Optical Society of America,10.1364/josa.27.000395,,Cs; Rb,tabulated nk,0.2536-0.5780,34,,main/Cs/nk/Ives.yml; main/Rb/nk/Ives.yml
False,1936,"Ives, Briggs",The Optical Constants of Potassium,Journal of the Optical Society of America,10.1364/josa.26.000238,,K,tabulated nk,0.2536-0.5780,90,,main/K/nk/Ives.yml
False,1934,Lars�n,Beitrag zur Dispersion der Edelgase,Zeitschrift f�r Physik,10.1007/bf01343498,,Ar,tabulated n,0.230283-0.567740,21,,main/Ar/nk/Larsen.yml
False,1932,"Cuthbertson, Cuthbertson",The refraction and dispersion of neon and helium,"Proceedings of the Royal Society of London. Series A, Containing Papers of a Mathematical and Physical Character",10.1098/rspa.1932.0019,,He; Ne,formula 6,0.2753-0.5462,79,,main/He/nk/Cuthbertson.yml; main/Ne/nk/Cuthbertson.yml
False,1931,Schr�ter,�ber die Brechungsindizes einiger Schwermetallhalogenide im Sichtbaren und die Berechnung von Interpolationsformeln f�r den Dispersionsverlauf,Zeitschrift f�r Physik,10.1007/bf01391040,,AgBr; TlBr; TlCl,formula 8,0.495-0.67,32,,main/AgBr/nk/Schroter.yml; main/TlBr/nk/Schroter.yml; main/TlCl/nk/Schroter.yml
False,1923,Peter,�ber Brechungsindizes und Absorptionskonstanten des Diamanten zwischen 644 und 226 m?,Zeitschrift f�r Physik,10.1007/bf01330487,,C,formula 1,0.226-0.760,93,,main/C/nk/Peter.yml
False,1914,"Cuthbertson, Cuthbertson","info getting lost lost in the gutter on page 219 - I. On the refraction and dispersion of the halogens, halogen acids, ozone, steam, oxides of nitrogen and ammonia","Philosophical Transactions of the Royal Society of London. Series A, Containing Papers of a Mathematical or Physical Character",10.1098/rsta.1914.0001,,NH3,formula 6,0.47999-0.670785,33,,main/NH3/nk/Cuthbertson.yml
,,,,,10.1002/1521-396x(199702)159:2,,Bi12GeO20; Bi4Ti3O12; Pb5Ge3O11,formula 2; formula 4,0.45-0.70,,,main/Bi12GeO20/nk/Simon.yml; main/Bi4Ti3O12/nk/Simon-a.yml; main/Bi4Ti3O12/nk/Simon-b.yml; main/Pb5Ge3O11/nk/Simon-e.yml; main/Pb5Ge3O11/nk/Simon-o.yml
,,,,,10.1002/adom.202200954,,D2O,formula 5,0.48-0.71,,,main/D2O/nk/Sarkar.yml
,,,,,10.1002/pssr.202300199,,C,tabulated nk,0.250-1.700,,,main/C/nk/Ermolaev-SWCNT-e.yml; main/C/nk/Ermolaev-SWCNT-o.yml
,,,,,10.1016/0020-0891(67)90025-5,,K; Na,tabulated nk,2.5-10.15,,,main/K/nk/Althoff.yml; main/Na/nk/Althoff.yml
,,,,,10.1016/0022-3697(68)90164-9,,BaTiO3,formula 1,0.4-0.7,,,main/BaTiO3/nk/Wemple-e.yml; main/BaTiO3/nk/Wemple-o.yml
,,,,,10.1016/j.tsf.2012.07.037,,HfO2,tabulated nk,3.8462e-01-5.0000e+02,,,main/HfO2/nk/Bright.yml
,,,,,10.1016/s0030-4018(99)00091-7,,CaCO3; SiO2,formula 2,0.204-2.172,,,main/CaCO3/nk/Ghosh-e.yml; main/CaCO3/nk/Ghosh-o.yml; main/SiO2/nk/Ghosh-e.yml; main/SiO2/nk/Ghosh-o.yml
,,,,,10.1016/s0925-3467(02)00316-6,,CsLiB6O10,formula 4,0.19-2.75,,,main/CsLiB6O10/nk/Sasaki-e.yml; main/CsLiB6O10/nk/Sasaki-o.yml
,,,,,10.1021/acsphotonics.8b01243,,Mg; MgH2; Pd; Ti; TiH2; V; Zr,tabulated nk,0.250019531-1.684528687,,,main/Mg/nk/Palm.yml; main/MgH2/nk/Palm.yml; main/Pd/nk/Palm.yml; main/Ti/nk/Palm.yml; main/TiH2/nk/Palm.yml; main/V/nk/Palm.yml; main/Zr/nk/Palm.yml
,,,,,10.1063/1.1660760,,AlAs,formula 1,0.56-2.2,,,main/AlAs/nk/Fern.yml
,,,,,10.1063/1.3123768,,SiO,tabulated nk,0.001548-0.177120268,,,main/SiO/nk/Fernandez-Perea.yml
,,,,,10.1063/1.339536,,BaB2O4,formula 4,0.22-1.06,,,main/BaB2O4/nk/Eimerl-e.yml; main/BaB2O4/nk/Eimerl-o.yml
,,,,,10.1063/1.555536,,CsBr; CsCl; CsF; CsI; KBr; KCl; KF; KI; LiBr; LiCl; LiF; LiI; NaBr; NaCl; NaF; NaI; RbBr; RbCl; RbF; RbI,formula 1,0.21-55,,,main/CsBr/nk/Li.yml; main/CsCl/nk/Li.yml; main/CsF/nk/Li.yml; main/CsI/nk/Li.yml; main/KBr/nk/Li.yml; main/KCl/nk/Li.yml; main/KF/nk/Li.yml; main/KI/nk/Li.yml; main/LiBr/nk/Li.yml; main/LiCl/nk/Li.yml; main/LiF/nk/Li.yml; main/LiI/nk/Li.yml; main/NaBr/nk/Li.yml; main/NaCl/nk/Li.yml; main/NaF/nk/Li.yml; main/NaI/nk/Li.yml; main/RbBr/nk/Li.yml; main/RbCl/nk/Li.yml; main/RbF/nk/Li.yml; main/RbI/nk/Li.yml
,,,,,10.1098/rspa.1910.0052,,Ar; Kr; Xe,formula 6,0.4800-0.6708,,,main/Ar/nk/Cuthbertson.yml; main/Kr/nk/Cuthbertson.yml; main/Xe/nk/Cuthbertson.yml
,,,,,10.1103/physrevb.14.1693,,LiIO3,formula 2,0.5461-5,,,main/LiIO3/nk/Herbst-e.yml; main/LiIO3/nk/Herbst-o.yml
,,,,,10.1103/physrevb.2.2840,,Cs; Rb,tabulated nk,0.312539-2.421566,,,main/Cs/nk/Smith.yml; main/Rb/nk/Smith.yml
,,,,,10.1103/physrevb.7.743,,GaN,formula 1,0.35-10,,,main/GaN/nk/Barker-e.yml; main/GaN/nk/Barker-o.yml
,,,,,10.1143/jpsj.35.1371,,Rb,tabulated nk,0.200-0.600,,,main/Rb/nk/Yamaguchi.yml
,,,,,10.1364/ao.23.001206,,H2O,tabulated nk,4.430E-2-1.670E+2,,,main/H2O/nk/Warren-1984.yml
,,,,,10.1364/josa.44.000181,,SiO,tabulated n; tabulated k,0.240-14.00; 0.240-14.00,,,main/SiO/nk/Hass.yml
,,,,,10.1364/josa.53.000496,,CdS,formula 4,0.51-1.4,,,main/CdS/nk/Bieniewski-e.yml; main/CdS/nk/Bieniewski-o.yml
,,,,,10.1364/josaa.29.000117,,B4C,tabulated nk,0.001737709-21.53810759,,,main/B4C/nk/Larruquert.yml
,,,,,10.1364/ome.562660,,Al2O3,tabulated nk,3.10152E-06-9.93324E+02,,,main/Al2O3/nk/Rodriguez de Marcos.yml
,,,,,10.3390/nano15010004,,WSe2,tabulated nk,0.360-1.700,,,main/WSe2/nk/Ushkov-e.yml; main/WSe2/nk/Ushkov-o.yml
,,,,,10.48550/arxiv.2512.06495,2512.06495,MoOCl2,tabulated nk,0.360-1.700,,,main/MoOCl2/nk/Ermolaev-alpha.yml; main/MoOCl2/nk/Ermolaev-beta.yml; main/MoOCl2/nk/Ermolaev-gamma.yml
