id,doc_id,grade,reason
ri-Ag-1,10.1016_j.mssp.2018.03.003,2,Title reports refractive index and dispersion data for silver (Ag).
ri-Ag-1,10.1039_c9cp02433f,1,Title discusses related optical/physical data for silver (Ag).
ri-Ag-1,10.1063_1.1522832,1,Title studies nonlinear optical properties of silver (Ag).
ri-Ag-1,10.1063_1.3592238,1,Title studies vibrational/phonon properties of silver (Ag).
ri-Ag-1,10.1143_jjap.31.742,1,Title investigates optical parametric processes in silver (Ag).
ri-Ag-1,10.1364_ao.33.003192,1,Title investigates optical parametric processes in silver (Ag).
ri-Ag-1,10.1364_josa.65.000742,2,Title gives optical constants for Ag from far infrared to x-ray.
ri-Ag-1,10.3390_s150511499,1,Title discusses related optical/physical data for silver (Ag).
ri-Ag-2,10.1016_j.mssp.2018.03.003,2,Title reports refractive index and dispersion data for silver (Ag).
ri-Ag-2,10.1039_c9cp02433f,1,Title discusses related optical/physical data for silver (Ag).
ri-Ag-2,10.1063_1.1522832,1,Title studies nonlinear optical properties of silver (Ag).
ri-Ag-2,10.1063_1.3592238,1,Title studies vibrational/phonon properties of silver (Ag).
ri-Ag-2,10.1143_jjap.31.742,1,Title investigates optical parametric processes in silver (Ag).
ri-Ag-2,10.1364_ao.33.003192,1,Title investigates optical parametric processes in silver (Ag).
ri-Ag-2,10.1364_josa.65.000742,2,Title gives optical constants for Ag from far infrared to x-ray.
ri-Ag-2,10.3390_s150511499,1,Title discusses related optical/physical data for silver (Ag).
ri-Ag-3,10.1016_j.mssp.2018.03.003,2,Title reports refractive index and dispersion data for silver (Ag).
ri-Ag-3,10.1039_c9cp02433f,1,Title discusses related optical/physical data for silver (Ag).
ri-Ag-3,10.1063_1.1522832,1,Title studies nonlinear optical properties of silver (Ag).
ri-Ag-3,10.1063_1.3592238,1,Title studies vibrational/phonon properties of silver (Ag).
ri-Ag-3,10.1143_jjap.31.742,1,Title investigates optical parametric processes in silver (Ag).
ri-Ag-3,10.1364_ao.33.003192,1,Title investigates optical parametric processes in silver (Ag).
ri-Ag-3,10.1364_josa.65.000742,2,Title gives optical constants for Ag from far infrared to x-ray.
ri-Ag-3,10.3390_s150511499,1,Title discusses related optical/physical data for silver (Ag).
ri-AgCl-1,10.1103_physrevb.39.3337,0,"Title discusses nonlinear index of crystals, without AgCl dispersion formula."
ri-AgCl-2,10.1103_physrevb.39.3337,0,"Title discusses nonlinear index of crystals, without AgCl dispersion formula."
ri-AgCl-3,10.1103_physrevb.39.3337,0,"Title discusses nonlinear index of crystals, without AgCl dispersion formula."
ri-AgGaS2-1,10.1002_adom.201500038,0,"Title discusses NLO, not AgGaS2."
ri-AgGaS2-1,10.1002_adom.202100563,0,"Title discusses AXHg3P2S8, not AgGaS2."
ri-AgGaS2-1,10.1002_adom.202300736,0,"Title discusses Na3SiS3F, not AgGaS2."
ri-AgGaS2-1,10.1002_advs.202106120,0,"Title discusses The Combination, not AgGaS2."
ri-AgGaS2-1,10.1002_ange.201902839,0,"Title discusses SHG, not AgGaS2."
ri-AgGaS2-1,10.1002_ange.202002291,0,"Title discusses Lead Mixed, not AgGaS2."
ri-AgGaS2-1,10.1002_anie.201813968,0,"Title discusses A Facile, not AgGaS2."
ri-AgGaS2-1,10.1002_anie.201902839,0,"Title discusses SHG, not AgGaS2."
ri-AgGaS2-1,10.1002_anie.201903976,2,Title reports refractive index and dispersion data for AgGaS2.
ri-AgGaS2-1,10.1002_anie.201911324,0,"Title discusses Rb4Li2TiOGe4O12, not AgGaS2."
ri-AgGaS2-1,10.1002_anie.201912416,0,"Title discusses LiCs2Cl, not AgGaS2."
ri-AgGaS2-1,10.1002_anie.201913287,0,"Title discusses Bi22F5, not AgGaS2."
ri-AgGaS2-1,10.1002_anie.202002291,0,"Title discusses Lead Mixed, not AgGaS2."
ri-AgGaS2-1,10.1002_anie.202004059,0,"Title discusses A2SnS5, not AgGaS2."
ri-AgGaS2-1,10.1002_anie.202010319,0,"Title discusses SHG, not AgGaS2."
ri-AgGaS2-1,10.1002_anie.202115871,0,"Title discusses Sn7Br10S2, not AgGaS2."
ri-AgGaS2-1,10.1002_anie.202300581,0,"Title discusses Unbiased Screening, not AgGaS2."
ri-AgGaS2-1,10.1002_pssa.2210130116,0,"Title discusses III, not AgGaS2."
ri-AgGaS2-1,10.1016_j.commatsci.2005.12.043,2,Title reports refractive index and dispersion data for AgGaS2.
ri-AgGaS2-1,10.1016_j.rinp.2022.105309,1,Title studies vibrational/phonon properties of AgGaS2.
ri-AgGaS2-1,10.1016_s0030_4018_00_00987_1,1,Title discusses related optical/physical data for AgGaS2.
ri-AgGaS2-1,10.1021_acs.chemmater.0c00878,0,"Title discusses K2Na2 with, not AgGaS2."
ri-AgGaS2-1,10.1021_acs.chemmater.0c03008,2,Title reports refractive index and dispersion data for AgGaS2.
ri-AgGaS2-1,10.1021_acs.chemmater.2c00385,0,"Title discusses Sr2MGe2OS6, not AgGaS2."
ri-AgGaS2-1,10.1021_acs.chemmater.7b05350,1,Title studies second-harmonic generation in AgGaS2.
ri-AgGaS2-1,10.1021_ja4074084,0,"Title discusses AXII4XIII5Se12, not AgGaS2."
ri-AgGaS2-1,10.1021_ja412405u,0,"Title discusses Rb2CdBr2I2, not AgGaS2."
ri-AgGaS2-1,10.1039_c3tc30808a,0,"Title discusses Two phases, not AgGaS2."
ri-AgGaS2-1,10.1039_c5dt03215f,0,"Title discusses BaCdSnSe, not AgGaS2."
ri-AgGaS2-1,10.1039_c6dt01537a,0,"Title discusses BaCdSnS, not AgGaS2."
ri-AgGaS2-1,10.1039_c9cc07112a,0,"Title discusses Partial substitution, not AgGaS2."
ri-AgGaS2-1,10.1039_c9dt03755a,0,"Title discusses EuCdGeQ, not AgGaS2."
ri-AgGaS2-1,10.1063_1.124642,0,"Title discusses AgGaS, not AgGaS2."
ri-AgGaS2-1,10.1063_1.1478139,0,"Title discusses LiInSe, not AgGaS2."
ri-AgGaS2-1,10.1063_1.1662654,0,"Title discusses LiInS2, not AgGaS2."
ri-AgGaS2-1,10.1063_1.1680242,1,Title studies nonlinear optical properties of AgGaS2.
ri-AgGaS2-1,10.1063_1.4939567,1,Title studies thermal or damage properties of AgGaS2.
ri-AgGaS2-1,10.1063_1.88933,1,Title discusses related optical/physical data for AgGaS2.
ri-AgGaS2-1,10.1063_1.95275,1,Title investigates optical parametric processes in AgGaS2.
ri-AgGaS2-1,10.1088_1054_660x_23_8_085401,1,Title investigates optical parametric processes in AgGaS2.
ri-AgGaS2-1,10.1107_s0567739468001440,1,Title discusses related optical/physical data for AgGaS2.
ri-AgGaS2-1,10.1109_jqe.1971.1076588,2,Title reports refractive index and dispersion data for AgGaS2.
ri-AgGaS2-1,10.1109_jqe.1974.1068198,2,Title reports refractive index and dispersion data for AgGaS2.
ri-AgGaS2-1,10.1143_jjap.35.4645,1,Title studies nonlinear optical properties of AgGaS2.
ri-AgGaS2-1,10.1364_ao.22.002492,1,Title studies nonlinear optical properties of AgGaS2.
ri-AgGaS2-1,10.1364_ao.35.004677,2,Title reports refractive index and dispersion data for AgGaS2.
ri-AgGaS2-1,10.1364_ao.38.004577,2,Title reports dispersion formula for AgGaS2.
ri-AgGaS2-1,10.1364_ao.40.005439,2,Title provides Sellmeier equations for AgGaS2.
ri-AgGaS2-1,10.1364_ao.43.004590,0,"Title discusses AgGaGe5Se12, not AgGaS2."
ri-AgGaS2-1,10.1364_ao.44.004123,0,"Title discusses LiInS2, not AgGaS2."
ri-AgGaS2-1,10.1364_ao.57.002935,0,"Title discusses BaGa4Se7, not AgGaS2."
ri-AgGaS2-1,10.1364_josab.14.001331,0,"Title discusses AgGaS, not AgGaS2."
ri-AgGaS2-1,10.1364_josab.14.002481,1,Title studies nonlinear optical properties of AgGaS2.
ri-AgGaS2-1,10.1364_josab.16.001481,1,Title investigates optical parametric processes in AgGaS2.
ri-AgGaS2-1,10.1364_josab.17.002086,0,"Title discusses Generation, shaping,, not AgGaS2."
ri-AgGaS2-1,10.1364_josab.9.000197,1,Title discusses related optical/physical data for AgGaS2.
ri-AgGaS2-1,10.1364_josab.9.001962,0,"Title discusses Optimization of, not AgGaS2."
ri-AgGaS2-1,10.1364_ol.18.001062,1,Title discusses related optical/physical data for AgGaS2.
ri-AgGaS2-1,10.1364_ol.19.000168,0,"Title discusses Measurements of, not AgGaS2."
ri-AgGaS2-1,10.31635_ccschem.021.202000758,0,"Title discusses Nonpolar Na, not AgGaS2."
ri-AgGaS2-1,10.3390_cryst7040107,0,"Title discusses Li2HgMS4, not AgGaS2."
ri-AgGaS2-1,10.3390_cryst9030129,2,Title provides Sellmeier equations for AgGaS2.
ri-AgGaS2-2,10.1002_adom.201500038,0,"Title discusses NLO, not AgGaS2."
ri-AgGaS2-2,10.1002_adom.202100563,0,"Title discusses AXHg3P2S8, not AgGaS2."
ri-AgGaS2-2,10.1002_adom.202300736,0,"Title discusses Na3SiS3F, not AgGaS2."
ri-AgGaS2-2,10.1002_advs.202106120,0,"Title discusses The Combination, not AgGaS2."
ri-AgGaS2-2,10.1002_ange.201902839,0,"Title discusses SHG, not AgGaS2."
ri-AgGaS2-2,10.1002_ange.202002291,0,"Title discusses Lead Mixed, not AgGaS2."
ri-AgGaS2-2,10.1002_anie.201813968,0,"Title discusses A Facile, not AgGaS2."
ri-AgGaS2-2,10.1002_anie.201902839,0,"Title discusses SHG, not AgGaS2."
ri-AgGaS2-2,10.1002_anie.201903976,2,Title reports refractive index and dispersion data for AgGaS2.
ri-AgGaS2-2,10.1002_anie.201911324,0,"Title discusses Rb4Li2TiOGe4O12, not AgGaS2."
ri-AgGaS2-2,10.1002_anie.201912416,0,"Title discusses LiCs2Cl, not AgGaS2."
ri-AgGaS2-2,10.1002_anie.201913287,0,"Title discusses Bi22F5, not AgGaS2."
ri-AgGaS2-2,10.1002_anie.202002291,0,"Title discusses Lead Mixed, not AgGaS2."
ri-AgGaS2-2,10.1002_anie.202004059,0,"Title discusses A2SnS5, not AgGaS2."
ri-AgGaS2-2,10.1002_anie.202010319,0,"Title discusses SHG, not AgGaS2."
ri-AgGaS2-2,10.1002_anie.202115871,0,"Title discusses Sn7Br10S2, not AgGaS2."
ri-AgGaS2-2,10.1002_anie.202300581,0,"Title discusses Unbiased Screening, not AgGaS2."
ri-AgGaS2-2,10.1002_pssa.2210130116,0,"Title discusses III, not AgGaS2."
ri-AgGaS2-2,10.1016_j.commatsci.2005.12.043,2,Title reports refractive index and dispersion data for AgGaS2.
ri-AgGaS2-2,10.1016_j.rinp.2022.105309,1,Title studies vibrational/phonon properties of AgGaS2.
ri-AgGaS2-2,10.1016_s0030_4018_00_00987_1,1,Title discusses related optical/physical data for AgGaS2.
ri-AgGaS2-2,10.1021_acs.chemmater.0c00878,0,"Title discusses K2Na2 with, not AgGaS2."
ri-AgGaS2-2,10.1021_acs.chemmater.0c03008,2,Title reports refractive index and dispersion data for AgGaS2.
ri-AgGaS2-2,10.1021_acs.chemmater.2c00385,0,"Title discusses Sr2MGe2OS6, not AgGaS2."
ri-AgGaS2-2,10.1021_acs.chemmater.7b05350,1,Title studies second-harmonic generation in AgGaS2.
ri-AgGaS2-2,10.1021_ja4074084,0,"Title discusses AXII4XIII5Se12, not AgGaS2."
ri-AgGaS2-2,10.1021_ja412405u,0,"Title discusses Rb2CdBr2I2, not AgGaS2."
ri-AgGaS2-2,10.1039_c3tc30808a,0,"Title discusses Two phases, not AgGaS2."
ri-AgGaS2-2,10.1039_c5dt03215f,0,"Title discusses BaCdSnSe, not AgGaS2."
ri-AgGaS2-2,10.1039_c6dt01537a,0,"Title discusses BaCdSnS, not AgGaS2."
ri-AgGaS2-2,10.1039_c9cc07112a,0,"Title discusses Partial substitution, not AgGaS2."
ri-AgGaS2-2,10.1039_c9dt03755a,0,"Title discusses EuCdGeQ, not AgGaS2."
ri-AgGaS2-2,10.1063_1.124642,0,"Title discusses AgGaS, not AgGaS2."
ri-AgGaS2-2,10.1063_1.1478139,0,"Title discusses LiInSe, not AgGaS2."
ri-AgGaS2-2,10.1063_1.1662654,0,"Title discusses LiInS2, not AgGaS2."
ri-AgGaS2-2,10.1063_1.1680242,1,Title studies nonlinear optical properties of AgGaS2.
ri-AgGaS2-2,10.1063_1.4939567,1,Title studies thermal or damage properties of AgGaS2.
ri-AgGaS2-2,10.1063_1.88933,1,Title discusses related optical/physical data for AgGaS2.
ri-AgGaS2-2,10.1063_1.95275,1,Title investigates optical parametric processes in AgGaS2.
ri-AgGaS2-2,10.1088_1054_660x_23_8_085401,1,Title investigates optical parametric processes in AgGaS2.
ri-AgGaS2-2,10.1107_s0567739468001440,1,Title discusses related optical/physical data for AgGaS2.
ri-AgGaS2-2,10.1109_jqe.1971.1076588,2,Title reports refractive index and dispersion data for AgGaS2.
ri-AgGaS2-2,10.1109_jqe.1974.1068198,2,Title reports refractive index and dispersion data for AgGaS2.
ri-AgGaS2-2,10.1143_jjap.35.4645,1,Title studies nonlinear optical properties of AgGaS2.
ri-AgGaS2-2,10.1364_ao.22.002492,1,Title studies nonlinear optical properties of AgGaS2.
ri-AgGaS2-2,10.1364_ao.35.004677,2,Title reports refractive index and dispersion data for AgGaS2.
ri-AgGaS2-2,10.1364_ao.38.004577,2,Title reports dispersion formula for AgGaS2.
ri-AgGaS2-2,10.1364_ao.40.005439,2,Title provides Sellmeier equations for AgGaS2.
ri-AgGaS2-2,10.1364_ao.43.004590,0,"Title discusses AgGaGe5Se12, not AgGaS2."
ri-AgGaS2-2,10.1364_ao.44.004123,0,"Title discusses LiInS2, not AgGaS2."
ri-AgGaS2-2,10.1364_ao.57.002935,0,"Title discusses BaGa4Se7, not AgGaS2."
ri-AgGaS2-2,10.1364_josab.14.001331,0,"Title discusses AgGaS, not AgGaS2."
ri-AgGaS2-2,10.1364_josab.14.002481,1,Title studies nonlinear optical properties of AgGaS2.
ri-AgGaS2-2,10.1364_josab.16.001481,1,Title investigates optical parametric processes in AgGaS2.
ri-AgGaS2-2,10.1364_josab.17.002086,0,"Title discusses Generation, shaping,, not AgGaS2."
ri-AgGaS2-2,10.1364_josab.9.000197,1,Title discusses related optical/physical data for AgGaS2.
ri-AgGaS2-2,10.1364_josab.9.001962,0,"Title discusses Optimization of, not AgGaS2."
ri-AgGaS2-2,10.1364_ol.18.001062,1,Title discusses related optical/physical data for AgGaS2.
ri-AgGaS2-2,10.1364_ol.19.000168,0,"Title discusses Measurements of, not AgGaS2."
ri-AgGaS2-2,10.31635_ccschem.021.202000758,0,"Title discusses Nonpolar Na, not AgGaS2."
ri-AgGaS2-2,10.3390_cryst7040107,0,"Title discusses Li2HgMS4, not AgGaS2."
ri-AgGaS2-2,10.3390_cryst9030129,2,Title provides Sellmeier equations for AgGaS2.
ri-AgGaS2-3,10.1002_adom.201500038,0,"Title discusses NLO, not AgGaS2."
ri-AgGaS2-3,10.1002_adom.202100563,0,"Title discusses AXHg3P2S8, not AgGaS2."
ri-AgGaS2-3,10.1002_adom.202300736,0,"Title discusses Na3SiS3F, not AgGaS2."
ri-AgGaS2-3,10.1002_advs.202106120,0,"Title discusses The Combination, not AgGaS2."
ri-AgGaS2-3,10.1002_ange.201902839,0,"Title discusses SHG, not AgGaS2."
ri-AgGaS2-3,10.1002_ange.202002291,0,"Title discusses Lead Mixed, not AgGaS2."
ri-AgGaS2-3,10.1002_anie.201813968,0,"Title discusses A Facile, not AgGaS2."
ri-AgGaS2-3,10.1002_anie.201902839,0,"Title discusses SHG, not AgGaS2."
ri-AgGaS2-3,10.1002_anie.201903976,2,Title reports refractive index and dispersion data for AgGaS2.
ri-AgGaS2-3,10.1002_anie.201911324,0,"Title discusses Rb4Li2TiOGe4O12, not AgGaS2."
ri-AgGaS2-3,10.1002_anie.201912416,0,"Title discusses LiCs2Cl, not AgGaS2."
ri-AgGaS2-3,10.1002_anie.201913287,0,"Title discusses Bi22F5, not AgGaS2."
ri-AgGaS2-3,10.1002_anie.202002291,0,"Title discusses Lead Mixed, not AgGaS2."
ri-AgGaS2-3,10.1002_anie.202004059,0,"Title discusses A2SnS5, not AgGaS2."
ri-AgGaS2-3,10.1002_anie.202010319,0,"Title discusses SHG, not AgGaS2."
ri-AgGaS2-3,10.1002_anie.202115871,0,"Title discusses Sn7Br10S2, not AgGaS2."
ri-AgGaS2-3,10.1002_anie.202300581,0,"Title discusses Unbiased Screening, not AgGaS2."
ri-AgGaS2-3,10.1002_pssa.2210130116,0,"Title discusses III, not AgGaS2."
ri-AgGaS2-3,10.1016_j.commatsci.2005.12.043,2,Title reports refractive index and dispersion data for AgGaS2.
ri-AgGaS2-3,10.1016_j.rinp.2022.105309,1,Title studies vibrational/phonon properties of AgGaS2.
ri-AgGaS2-3,10.1016_s0030_4018_00_00987_1,1,Title discusses related optical/physical data for AgGaS2.
ri-AgGaS2-3,10.1021_acs.chemmater.0c00878,0,"Title discusses K2Na2 with, not AgGaS2."
ri-AgGaS2-3,10.1021_acs.chemmater.0c03008,2,Title reports refractive index and dispersion data for AgGaS2.
ri-AgGaS2-3,10.1021_acs.chemmater.2c00385,0,"Title discusses Sr2MGe2OS6, not AgGaS2."
ri-AgGaS2-3,10.1021_acs.chemmater.7b05350,1,Title studies second-harmonic generation in AgGaS2.
ri-AgGaS2-3,10.1021_ja4074084,0,"Title discusses AXII4XIII5Se12, not AgGaS2."
ri-AgGaS2-3,10.1021_ja412405u,0,"Title discusses Rb2CdBr2I2, not AgGaS2."
ri-AgGaS2-3,10.1039_c3tc30808a,0,"Title discusses Two phases, not AgGaS2."
ri-AgGaS2-3,10.1039_c5dt03215f,0,"Title discusses BaCdSnSe, not AgGaS2."
ri-AgGaS2-3,10.1039_c6dt01537a,0,"Title discusses BaCdSnS, not AgGaS2."
ri-AgGaS2-3,10.1039_c9cc07112a,0,"Title discusses Partial substitution, not AgGaS2."
ri-AgGaS2-3,10.1039_c9dt03755a,0,"Title discusses EuCdGeQ, not AgGaS2."
ri-AgGaS2-3,10.1063_1.124642,0,"Title discusses AgGaS, not AgGaS2."
ri-AgGaS2-3,10.1063_1.1478139,0,"Title discusses LiInSe, not AgGaS2."
ri-AgGaS2-3,10.1063_1.1662654,0,"Title discusses LiInS2, not AgGaS2."
ri-AgGaS2-3,10.1063_1.1680242,1,Title studies nonlinear optical properties of AgGaS2.
ri-AgGaS2-3,10.1063_1.4939567,1,Title studies thermal or damage properties of AgGaS2.
ri-AgGaS2-3,10.1063_1.88933,1,Title discusses related optical/physical data for AgGaS2.
ri-AgGaS2-3,10.1063_1.95275,1,Title investigates optical parametric processes in AgGaS2.
ri-AgGaS2-3,10.1088_1054_660x_23_8_085401,1,Title investigates optical parametric processes in AgGaS2.
ri-AgGaS2-3,10.1107_s0567739468001440,1,Title discusses related optical/physical data for AgGaS2.
ri-AgGaS2-3,10.1109_jqe.1971.1076588,2,Title reports refractive index and dispersion data for AgGaS2.
ri-AgGaS2-3,10.1109_jqe.1974.1068198,2,Title reports refractive index and dispersion data for AgGaS2.
ri-AgGaS2-3,10.1143_jjap.35.4645,1,Title studies nonlinear optical properties of AgGaS2.
ri-AgGaS2-3,10.1364_ao.22.002492,1,Title studies nonlinear optical properties of AgGaS2.
ri-AgGaS2-3,10.1364_ao.35.004677,2,Title reports refractive index and dispersion data for AgGaS2.
ri-AgGaS2-3,10.1364_ao.38.004577,2,Title reports dispersion formula for AgGaS2.
ri-AgGaS2-3,10.1364_ao.40.005439,2,Title provides Sellmeier equations for AgGaS2.
ri-AgGaS2-3,10.1364_ao.43.004590,0,"Title discusses AgGaGe5Se12, not AgGaS2."
ri-AgGaS2-3,10.1364_ao.44.004123,0,"Title discusses LiInS2, not AgGaS2."
ri-AgGaS2-3,10.1364_ao.57.002935,0,"Title discusses BaGa4Se7, not AgGaS2."
ri-AgGaS2-3,10.1364_josab.14.001331,0,"Title discusses AgGaS, not AgGaS2."
ri-AgGaS2-3,10.1364_josab.14.002481,1,Title studies nonlinear optical properties of AgGaS2.
ri-AgGaS2-3,10.1364_josab.16.001481,1,Title investigates optical parametric processes in AgGaS2.
ri-AgGaS2-3,10.1364_josab.17.002086,0,"Title discusses Generation, shaping,, not AgGaS2."
ri-AgGaS2-3,10.1364_josab.9.000197,1,Title discusses related optical/physical data for AgGaS2.
ri-AgGaS2-3,10.1364_josab.9.001962,0,"Title discusses Optimization of, not AgGaS2."
ri-AgGaS2-3,10.1364_ol.18.001062,1,Title discusses related optical/physical data for AgGaS2.
ri-AgGaS2-3,10.1364_ol.19.000168,0,"Title discusses Measurements of, not AgGaS2."
ri-AgGaS2-3,10.31635_ccschem.021.202000758,0,"Title discusses Nonpolar Na, not AgGaS2."
ri-AgGaS2-3,10.3390_cryst7040107,0,"Title discusses Li2HgMS4, not AgGaS2."
ri-AgGaS2-3,10.3390_cryst9030129,2,Title provides Sellmeier equations for AgGaS2.
ri-AgGaSe2-1,10.1002_adfm.202211969,0,"Title discusses Stabilization of, not AgGaSe2."
ri-AgGaSe2-1,10.1002_adom.202101729,0,"Title discusses NaAsSe2, not AgGaSe2."
ri-AgGaSe2-1,10.1002_adom.202301060,0,"Title discusses MgSiP2, not AgGaSe2."
ri-AgGaSe2-1,10.1002_adom.202401126,0,"Title discusses AAg2MS4, not AgGaSe2."
ri-AgGaSe2-1,10.1002_adom.202402649,0,"Title discusses SnP2Se6, not AgGaSe2."
ri-AgGaSe2-1,10.1002_asia.202001086,0,"Title discusses Recent Advances, not AgGaSe2."
ri-AgGaSe2-1,10.1002_pssa.2210570233,0,"Title discusses Temperature behaviour, not AgGaSe2."
ri-AgGaSe2-1,10.1002_pssb.2220780216,1,Title studies vibrational/phonon properties of AgGaSe2.
ri-AgGaSe2-1,10.1007_s003400050830,1,Title investigates optical parametric processes in AgGaSe2.
ri-AgGaSe2-1,10.1016_0030_4018_73_90316_7,1,Title studies thermal or damage properties of AgGaSe2.
ri-AgGaSe2-1,10.1016_0030_4018_94_00666_i,1,Title investigates optical parametric processes in AgGaSe2.
ri-AgGaSe2-1,10.1016_0040_6090_87_90152_0,2,Title reports refractive index and dispersion data for AgGaSe2.
ri-AgGaSe2-1,10.1016_j.optcom.2012.09.034,2,Title reports refractive index and dispersion data for AgGaSe2.
ri-AgGaSe2-1,10.1016_s0022_0248_99_00855_6,1,Title investigates crystal growth and properties of AgGaSe2.
ri-AgGaSe2-1,10.1016_s0030_4018_01_01183_x,2,Title reports refractive index and dispersion data for AgGaSe2.
ri-AgGaSe2-1,10.1021_acs.chemmater.0c02929,0,"Title discusses Li2ZnGeS4, not AgGaSe2."
ri-AgGaSe2-1,10.1021_acs.chemmater.2c01011,1,Title studies nonlinear optical properties of AgGaSe2.
ri-AgGaSe2-1,10.1021_acs.inorgchem.0c00196,1,Title studies nonlinear optical properties of AgGaSe2.
ri-AgGaSe2-1,10.1021_ic502981r,0,"Title discusses Li2MnGeS4, not AgGaSe2."
ri-AgGaSe2-1,10.1021_ja075096c,0,"Title discusses Helical Polymer 1/∞[P2Se62-], not AgGaSe2."
ri-AgGaSe2-1,10.1039_c4ce00817k,0,"Title discusses Ag 3, not AgGaSe2."
ri-AgGaSe2-1,10.1039_c5dt01635e,0,"Title discusses ZnGeSe, not AgGaSe2."
ri-AgGaSe2-1,10.1039_c6dt00143b,0,"Title discusses K 2, not AgGaSe2."
ri-AgGaSe2-1,10.1039_c9cc07288h,0,"Title discusses CuFeS, not AgGaSe2."
ri-AgGaSe2-1,10.1039_d0dt02971h,0,"Title discusses Salt-inclusion chalcogenides, not AgGaSe2."
ri-AgGaSe2-1,10.1063_1.109716,0,"Title discusses Noncritical second, not AgGaSe2."
ri-AgGaSe2-1,10.1063_1.119920,0,"Title discusses Continuously tunable, 6, not AgGaSe2."
ri-AgGaSe2-1,10.1063_1.1655096,1,Title studies second-harmonic generation in AgGaSe2.
ri-AgGaSe2-1,10.1063_1.2127128,1,Title studies vibrational/phonon properties of AgGaSe2.
ri-AgGaSe2-1,10.1063_1.347507,2,Title reports refractive index and dispersion data for AgGaSe2.
ri-AgGaSe2-1,10.1063_1.354273,1,Title studies second-harmonic generation in AgGaSe2.
ri-AgGaSe2-1,10.1063_1.370704,0,"Title discusses AgGaTe2, not AgGaSe2."
ri-AgGaSe2-1,10.1063_1.96038,1,Title studies second-harmonic generation in AgGaSe2.
ri-AgGaSe2-1,10.1088_0022_3727_28_4_021,2,Title reports refractive index and dispersion data for AgGaSe2.
ri-AgGaSe2-1,10.1103_physrevb.41.5717,1,Title studies vibrational/phonon properties of AgGaSe2.
ri-AgGaSe2-1,10.1109_jqe.1972.1076900,2,Title reports linear optical properties and refractive indices of AgGaSe2.
ri-AgGaSe2-1,10.1109_jqe.1979.1069893,0,"Title discusses Absorption coefficients, not AgGaSe2."
ri-AgGaSe2-1,10.1117_1.602322,1,Title studies second-harmonic generation in AgGaSe2.
ri-AgGaSe2-1,10.1117_12.200607,0,"Title discusses Laser photoacoustics, not AgGaSe2."
ri-AgGaSe2-1,10.1143_jjap.21.1485,1,Title studies nonlinear optical properties of AgGaSe2.
ri-AgGaSe2-1,10.1143_jjap.25.1397,1,Title discusses related optical/physical data for AgGaSe2.
ri-AgGaSe2-1,10.1364_ao.33.003192,1,Title investigates optical parametric processes in AgGaSe2.
ri-AgGaSe2-1,10.1364_ao.35.004677,2,Title reports refractive index and dispersion data for AgGaSe2.
ri-AgGaSe2-1,10.1364_ao.401828,2,Title provides Sellmeier equations for AgGaSe2.
ri-AgGaSe2-1,10.1364_ao.44.002673,1,Title studies thermal or damage properties of AgGaSe2.
ri-AgGaSe2-1,10.1364_ao.58.002485,0,"Title discusses Verification of, not AgGaSe2."
ri-AgGaSe2-1,10.1364_oe.23.033460,1,Title investigates optical parametric processes in AgGaSe2.
ri-AgGaSe2-1,10.1364_ol.18.001068,1,Title investigates optical parametric processes in AgGaSe2.
ri-AgGaSe2-1,10.1364_ol.41.002791,1,Title investigates optical parametric processes in AgGaSe2.
ri-AgGaSe2-1,10.1364_ol.44.002867,1,Title discusses related optical/physical data for AgGaSe2.
ri-AgGaSe2-1,10.1364_ome.486861,0,"Title discusses BaGa2GeS, not AgGaSe2."
ri-AgGaSe2-1,10.1366_000370208785793227,0,"Title discusses A New, not AgGaSe2."
ri-AgGaSe2-1,10.1557_s0883769400029092,1,Title studies nonlinear optical properties of AgGaSe2.
ri-AgGaSe2-1,10.1680_emr.11.00012,0,"Title discusses Selenides for, not AgGaSe2."
ri-AgGaSe2-1,10.4028_www.scientific.net_amr.788.85,0,"Title discusses Nonlinear Optical, not AgGaSe2."
ri-AgGaSe2-1,10.7498_aps.67.20181591,0,"Title discusses Research progress, not AgGaSe2."
ri-AgGaSe2-1,10.7567_jjap.53.071202,1,Title discusses related optical/physical data for AgGaSe2.
ri-AgGaSe2-2,10.1002_adfm.202211969,0,"Title discusses Stabilization of, not AgGaSe2."
ri-AgGaSe2-2,10.1002_adom.202101729,0,"Title discusses NaAsSe2, not AgGaSe2."
ri-AgGaSe2-2,10.1002_adom.202301060,0,"Title discusses MgSiP2, not AgGaSe2."
ri-AgGaSe2-2,10.1002_adom.202401126,0,"Title discusses AAg2MS4, not AgGaSe2."
ri-AgGaSe2-2,10.1002_adom.202402649,0,"Title discusses SnP2Se6, not AgGaSe2."
ri-AgGaSe2-2,10.1002_asia.202001086,0,"Title discusses Recent Advances, not AgGaSe2."
ri-AgGaSe2-2,10.1002_pssa.2210570233,0,"Title discusses Temperature behaviour, not AgGaSe2."
ri-AgGaSe2-2,10.1002_pssb.2220780216,1,Title studies vibrational/phonon properties of AgGaSe2.
ri-AgGaSe2-2,10.1007_s003400050830,1,Title investigates optical parametric processes in AgGaSe2.
ri-AgGaSe2-2,10.1016_0030_4018_73_90316_7,1,Title studies thermal or damage properties of AgGaSe2.
ri-AgGaSe2-2,10.1016_0030_4018_94_00666_i,1,Title investigates optical parametric processes in AgGaSe2.
ri-AgGaSe2-2,10.1016_0040_6090_87_90152_0,2,Title reports refractive index and dispersion data for AgGaSe2.
ri-AgGaSe2-2,10.1016_j.optcom.2012.09.034,2,Title reports refractive index and dispersion data for AgGaSe2.
ri-AgGaSe2-2,10.1016_s0022_0248_99_00855_6,1,Title investigates crystal growth and properties of AgGaSe2.
ri-AgGaSe2-2,10.1016_s0030_4018_01_01183_x,2,Title reports refractive index and dispersion data for AgGaSe2.
ri-AgGaSe2-2,10.1021_acs.chemmater.0c02929,0,"Title discusses Li2ZnGeS4, not AgGaSe2."
ri-AgGaSe2-2,10.1021_acs.chemmater.2c01011,1,Title studies nonlinear optical properties of AgGaSe2.
ri-AgGaSe2-2,10.1021_acs.inorgchem.0c00196,1,Title studies nonlinear optical properties of AgGaSe2.
ri-AgGaSe2-2,10.1021_ic502981r,0,"Title discusses Li2MnGeS4, not AgGaSe2."
ri-AgGaSe2-2,10.1021_ja075096c,0,"Title discusses Helical Polymer 1/∞[P2Se62-], not AgGaSe2."
ri-AgGaSe2-2,10.1039_c4ce00817k,0,"Title discusses Ag 3, not AgGaSe2."
ri-AgGaSe2-2,10.1039_c5dt01635e,0,"Title discusses ZnGeSe, not AgGaSe2."
ri-AgGaSe2-2,10.1039_c6dt00143b,0,"Title discusses K 2, not AgGaSe2."
ri-AgGaSe2-2,10.1039_c9cc07288h,0,"Title discusses CuFeS, not AgGaSe2."
ri-AgGaSe2-2,10.1039_d0dt02971h,0,"Title discusses Salt-inclusion chalcogenides, not AgGaSe2."
ri-AgGaSe2-2,10.1063_1.109716,0,"Title discusses Noncritical second, not AgGaSe2."
ri-AgGaSe2-2,10.1063_1.119920,0,"Title discusses Continuously tunable, 6, not AgGaSe2."
ri-AgGaSe2-2,10.1063_1.1655096,1,Title studies second-harmonic generation in AgGaSe2.
ri-AgGaSe2-2,10.1063_1.2127128,1,Title studies vibrational/phonon properties of AgGaSe2.
ri-AgGaSe2-2,10.1063_1.347507,2,Title reports refractive index and dispersion data for AgGaSe2.
ri-AgGaSe2-2,10.1063_1.354273,1,Title studies second-harmonic generation in AgGaSe2.
ri-AgGaSe2-2,10.1063_1.370704,0,"Title discusses AgGaTe2, not AgGaSe2."
ri-AgGaSe2-2,10.1063_1.96038,1,Title studies second-harmonic generation in AgGaSe2.
ri-AgGaSe2-2,10.1088_0022_3727_28_4_021,2,Title reports refractive index and dispersion data for AgGaSe2.
ri-AgGaSe2-2,10.1103_physrevb.41.5717,1,Title studies vibrational/phonon properties of AgGaSe2.
ri-AgGaSe2-2,10.1109_jqe.1972.1076900,2,Title reports linear optical properties and refractive indices of AgGaSe2.
ri-AgGaSe2-2,10.1109_jqe.1979.1069893,0,"Title discusses Absorption coefficients, not AgGaSe2."
ri-AgGaSe2-2,10.1117_1.602322,1,Title studies second-harmonic generation in AgGaSe2.
ri-AgGaSe2-2,10.1117_12.200607,0,"Title discusses Laser photoacoustics, not AgGaSe2."
ri-AgGaSe2-2,10.1143_jjap.21.1485,1,Title studies nonlinear optical properties of AgGaSe2.
ri-AgGaSe2-2,10.1143_jjap.25.1397,1,Title discusses related optical/physical data for AgGaSe2.
ri-AgGaSe2-2,10.1364_ao.33.003192,1,Title investigates optical parametric processes in AgGaSe2.
ri-AgGaSe2-2,10.1364_ao.35.004677,2,Title reports refractive index and dispersion data for AgGaSe2.
ri-AgGaSe2-2,10.1364_ao.401828,2,Title provides Sellmeier equations for AgGaSe2.
ri-AgGaSe2-2,10.1364_ao.44.002673,1,Title studies thermal or damage properties of AgGaSe2.
ri-AgGaSe2-2,10.1364_ao.58.002485,0,"Title discusses Verification of, not AgGaSe2."
ri-AgGaSe2-2,10.1364_oe.23.033460,1,Title investigates optical parametric processes in AgGaSe2.
ri-AgGaSe2-2,10.1364_ol.18.001068,1,Title investigates optical parametric processes in AgGaSe2.
ri-AgGaSe2-2,10.1364_ol.41.002791,1,Title investigates optical parametric processes in AgGaSe2.
ri-AgGaSe2-2,10.1364_ol.44.002867,1,Title discusses related optical/physical data for AgGaSe2.
ri-AgGaSe2-2,10.1364_ome.486861,0,"Title discusses BaGa2GeS, not AgGaSe2."
ri-AgGaSe2-2,10.1366_000370208785793227,0,"Title discusses A New, not AgGaSe2."
ri-AgGaSe2-2,10.1557_s0883769400029092,1,Title studies nonlinear optical properties of AgGaSe2.
ri-AgGaSe2-2,10.1680_emr.11.00012,0,"Title discusses Selenides for, not AgGaSe2."
ri-AgGaSe2-2,10.4028_www.scientific.net_amr.788.85,0,"Title discusses Nonlinear Optical, not AgGaSe2."
ri-AgGaSe2-2,10.7498_aps.67.20181591,0,"Title discusses Research progress, not AgGaSe2."
ri-AgGaSe2-2,10.7567_jjap.53.071202,1,Title discusses related optical/physical data for AgGaSe2.
ri-AgGaSe2-3,10.1002_adfm.202211969,0,"Title discusses Stabilization of, not AgGaSe2."
ri-AgGaSe2-3,10.1002_adom.202101729,0,"Title discusses NaAsSe2, not AgGaSe2."
ri-AgGaSe2-3,10.1002_adom.202301060,0,"Title discusses MgSiP2, not AgGaSe2."
ri-AgGaSe2-3,10.1002_adom.202401126,0,"Title discusses AAg2MS4, not AgGaSe2."
ri-AgGaSe2-3,10.1002_adom.202402649,0,"Title discusses SnP2Se6, not AgGaSe2."
ri-AgGaSe2-3,10.1002_asia.202001086,0,"Title discusses Recent Advances, not AgGaSe2."
ri-AgGaSe2-3,10.1002_pssa.2210570233,0,"Title discusses Temperature behaviour, not AgGaSe2."
ri-AgGaSe2-3,10.1002_pssb.2220780216,1,Title studies vibrational/phonon properties of AgGaSe2.
ri-AgGaSe2-3,10.1007_s003400050830,1,Title investigates optical parametric processes in AgGaSe2.
ri-AgGaSe2-3,10.1016_0030_4018_73_90316_7,1,Title studies thermal or damage properties of AgGaSe2.
ri-AgGaSe2-3,10.1016_0030_4018_94_00666_i,1,Title investigates optical parametric processes in AgGaSe2.
ri-AgGaSe2-3,10.1016_0040_6090_87_90152_0,2,Title reports refractive index and dispersion data for AgGaSe2.
ri-AgGaSe2-3,10.1016_j.optcom.2012.09.034,2,Title reports refractive index and dispersion data for AgGaSe2.
ri-AgGaSe2-3,10.1016_s0022_0248_99_00855_6,1,Title investigates crystal growth and properties of AgGaSe2.
ri-AgGaSe2-3,10.1016_s0030_4018_01_01183_x,2,Title reports refractive index and dispersion data for AgGaSe2.
ri-AgGaSe2-3,10.1021_acs.chemmater.0c02929,0,"Title discusses Li2ZnGeS4, not AgGaSe2."
ri-AgGaSe2-3,10.1021_acs.chemmater.2c01011,1,Title studies nonlinear optical properties of AgGaSe2.
ri-AgGaSe2-3,10.1021_acs.inorgchem.0c00196,1,Title studies nonlinear optical properties of AgGaSe2.
ri-AgGaSe2-3,10.1021_ic502981r,0,"Title discusses Li2MnGeS4, not AgGaSe2."
ri-AgGaSe2-3,10.1021_ja075096c,0,"Title discusses Helical Polymer 1/∞[P2Se62-], not AgGaSe2."
ri-AgGaSe2-3,10.1039_c4ce00817k,0,"Title discusses Ag 3, not AgGaSe2."
ri-AgGaSe2-3,10.1039_c5dt01635e,0,"Title discusses ZnGeSe, not AgGaSe2."
ri-AgGaSe2-3,10.1039_c6dt00143b,0,"Title discusses K 2, not AgGaSe2."
ri-AgGaSe2-3,10.1039_c9cc07288h,0,"Title discusses CuFeS, not AgGaSe2."
ri-AgGaSe2-3,10.1039_d0dt02971h,0,"Title discusses Salt-inclusion chalcogenides, not AgGaSe2."
ri-AgGaSe2-3,10.1063_1.109716,0,"Title discusses Noncritical second, not AgGaSe2."
ri-AgGaSe2-3,10.1063_1.119920,0,"Title discusses Continuously tunable, 6, not AgGaSe2."
ri-AgGaSe2-3,10.1063_1.1655096,1,Title studies second-harmonic generation in AgGaSe2.
ri-AgGaSe2-3,10.1063_1.2127128,1,Title studies vibrational/phonon properties of AgGaSe2.
ri-AgGaSe2-3,10.1063_1.347507,2,Title reports refractive index and dispersion data for AgGaSe2.
ri-AgGaSe2-3,10.1063_1.354273,1,Title studies second-harmonic generation in AgGaSe2.
ri-AgGaSe2-3,10.1063_1.370704,0,"Title discusses AgGaTe2, not AgGaSe2."
ri-AgGaSe2-3,10.1063_1.96038,1,Title studies second-harmonic generation in AgGaSe2.
ri-AgGaSe2-3,10.1088_0022_3727_28_4_021,2,Title reports refractive index and dispersion data for AgGaSe2.
ri-AgGaSe2-3,10.1103_physrevb.41.5717,1,Title studies vibrational/phonon properties of AgGaSe2.
ri-AgGaSe2-3,10.1109_jqe.1972.1076900,2,Title reports linear optical properties and refractive indices of AgGaSe2.
ri-AgGaSe2-3,10.1109_jqe.1979.1069893,0,"Title discusses Absorption coefficients, not AgGaSe2."
ri-AgGaSe2-3,10.1117_1.602322,1,Title studies second-harmonic generation in AgGaSe2.
ri-AgGaSe2-3,10.1117_12.200607,0,"Title discusses Laser photoacoustics, not AgGaSe2."
ri-AgGaSe2-3,10.1143_jjap.21.1485,1,Title studies nonlinear optical properties of AgGaSe2.
ri-AgGaSe2-3,10.1143_jjap.25.1397,1,Title discusses related optical/physical data for AgGaSe2.
ri-AgGaSe2-3,10.1364_ao.33.003192,1,Title investigates optical parametric processes in AgGaSe2.
ri-AgGaSe2-3,10.1364_ao.35.004677,2,Title reports refractive index and dispersion data for AgGaSe2.
ri-AgGaSe2-3,10.1364_ao.401828,2,Title provides Sellmeier equations for AgGaSe2.
ri-AgGaSe2-3,10.1364_ao.44.002673,1,Title studies thermal or damage properties of AgGaSe2.
ri-AgGaSe2-3,10.1364_ao.58.002485,0,"Title discusses Verification of, not AgGaSe2."
ri-AgGaSe2-3,10.1364_oe.23.033460,1,Title investigates optical parametric processes in AgGaSe2.
ri-AgGaSe2-3,10.1364_ol.18.001068,1,Title investigates optical parametric processes in AgGaSe2.
ri-AgGaSe2-3,10.1364_ol.41.002791,1,Title investigates optical parametric processes in AgGaSe2.
ri-AgGaSe2-3,10.1364_ol.44.002867,1,Title discusses related optical/physical data for AgGaSe2.
ri-AgGaSe2-3,10.1364_ome.486861,0,"Title discusses BaGa2GeS, not AgGaSe2."
ri-AgGaSe2-3,10.1366_000370208785793227,0,"Title discusses A New, not AgGaSe2."
ri-AgGaSe2-3,10.1557_s0883769400029092,1,Title studies nonlinear optical properties of AgGaSe2.
ri-AgGaSe2-3,10.1680_emr.11.00012,0,"Title discusses Selenides for, not AgGaSe2."
ri-AgGaSe2-3,10.4028_www.scientific.net_amr.788.85,0,"Title discusses Nonlinear Optical, not AgGaSe2."
ri-AgGaSe2-3,10.7498_aps.67.20181591,0,"Title discusses Research progress, not AgGaSe2."
ri-AgGaSe2-3,10.7567_jjap.53.071202,1,Title discusses related optical/physical data for AgGaSe2.
ri-Al-1,10.1002_pssr.202000367,1,Title studies thermal or damage properties of aluminium (Al).
ri-Al-1,10.1007_bf00698031,0,"Title discusses CdGeAs2, not aluminium (Al)."
ri-Al-1,10.1016_j.ijleo.2020.164641,0,"Title discusses Optical band, not aluminium (Al)."
ri-Al-1,10.1016_j.ijleo.2021.166950,0,"Title discusses High sensitivity, not aluminium (Al)."
ri-Al-1,10.1021_cm0304546,1,Title discusses related optical/physical data for aluminium (Al).
ri-Al-1,10.1038_s41467_018_03467_7,1,Title discusses related optical/physical data for aluminium (Al).
ri-Al-1,10.1063_1.1327273,1,Title discusses related optical/physical data for aluminium (Al).
ri-Al-1,10.1063_1.337426,1,Title discusses related optical/physical data for aluminium (Al).
ri-Al-1,10.1063_1.343580,2,Title reports refractive index and dispersion data for aluminium (Al).
ri-Al-1,10.1143_jjap.36.126,1,Title studies thermal or damage properties of aluminium (Al).
ri-Al-1,10.1143_jjap.44.4776,1,Title studies thermal or damage properties of aluminium (Al).
ri-Al-1,10.1364_ao.37.004933,1,Title discusses related optical/physical data for aluminium (Al).
ri-Al-1,10.1364_josa.65.000742,2,Title gives optical constants for Al from far infrared to x-ray.
ri-Al-1,10.1364_ol.34.000746,1,Title discusses related optical/physical data for aluminium (Al).
ri-Al-1,10.1364_ome.441088,2,Title reports refractive index and dispersion data for aluminium (Al).
ri-Al-1,10.1364_ome.562660,1,Title discusses related optical/physical data for aluminium (Al).
ri-Al-1,10.1364_ome.7.001606,1,Title discusses related optical/physical data for aluminium (Al).
ri-Al-1,10.1515_zna_2018_0070,1,Title discusses related optical/physical data for aluminium (Al).
ri-Al-1,10.1524_ncrs.2003.218.1.1,1,Title studies nonlinear optical properties of aluminium (Al).
ri-Al-1,10.1524_ncrs.2003.218.jg.1,1,Title studies nonlinear optical properties of aluminium (Al).
ri-Al-1,10.3390_cryst7030083,1,Title discusses related optical/physical data for aluminium (Al).
ri-Al-1,10.7567_apex.6.022701,1,Title discusses related optical/physical data for aluminium (Al).
ri-Al-1,openalex_W2185260261,1,Title discusses related optical/physical data for aluminium (Al).
ri-Al-2,10.1002_pssr.202000367,1,Title studies thermal or damage properties of aluminium (Al).
ri-Al-2,10.1007_bf00698031,0,"Title discusses CdGeAs2, not aluminium (Al)."
ri-Al-2,10.1016_j.ijleo.2020.164641,0,"Title discusses Optical band, not aluminium (Al)."
ri-Al-2,10.1016_j.ijleo.2021.166950,0,"Title discusses High sensitivity, not aluminium (Al)."
ri-Al-2,10.1021_cm0304546,1,Title discusses related optical/physical data for aluminium (Al).
ri-Al-2,10.1038_s41467_018_03467_7,1,Title discusses related optical/physical data for aluminium (Al).
ri-Al-2,10.1063_1.1327273,1,Title discusses related optical/physical data for aluminium (Al).
ri-Al-2,10.1063_1.337426,1,Title discusses related optical/physical data for aluminium (Al).
ri-Al-2,10.1063_1.343580,2,Title reports refractive index and dispersion data for aluminium (Al).
ri-Al-2,10.1143_jjap.36.126,1,Title studies thermal or damage properties of aluminium (Al).
ri-Al-2,10.1143_jjap.44.4776,1,Title studies thermal or damage properties of aluminium (Al).
ri-Al-2,10.1364_ao.37.004933,1,Title discusses related optical/physical data for aluminium (Al).
ri-Al-2,10.1364_josa.65.000742,2,Title gives optical constants for Al from far infrared to x-ray.
ri-Al-2,10.1364_ol.34.000746,1,Title discusses related optical/physical data for aluminium (Al).
ri-Al-2,10.1364_ome.441088,2,Title reports refractive index and dispersion data for aluminium (Al).
ri-Al-2,10.1364_ome.562660,1,Title discusses related optical/physical data for aluminium (Al).
ri-Al-2,10.1364_ome.7.001606,1,Title discusses related optical/physical data for aluminium (Al).
ri-Al-2,10.1515_zna_2018_0070,1,Title discusses related optical/physical data for aluminium (Al).
ri-Al-2,10.1524_ncrs.2003.218.1.1,1,Title studies nonlinear optical properties of aluminium (Al).
ri-Al-2,10.1524_ncrs.2003.218.jg.1,1,Title studies nonlinear optical properties of aluminium (Al).
ri-Al-2,10.3390_cryst7030083,1,Title discusses related optical/physical data for aluminium (Al).
ri-Al-2,10.7567_apex.6.022701,1,Title discusses related optical/physical data for aluminium (Al).
ri-Al-2,openalex_W2185260261,1,Title discusses related optical/physical data for aluminium (Al).
ri-Al-3,10.1002_pssr.202000367,1,Title studies thermal or damage properties of aluminium (Al).
ri-Al-3,10.1007_bf00698031,0,"Title discusses CdGeAs2, not aluminium (Al)."
ri-Al-3,10.1016_j.ijleo.2020.164641,0,"Title discusses Optical band, not aluminium (Al)."
ri-Al-3,10.1016_j.ijleo.2021.166950,0,"Title discusses High sensitivity, not aluminium (Al)."
ri-Al-3,10.1021_cm0304546,1,Title discusses related optical/physical data for aluminium (Al).
ri-Al-3,10.1038_s41467_018_03467_7,1,Title discusses related optical/physical data for aluminium (Al).
ri-Al-3,10.1063_1.1327273,1,Title discusses related optical/physical data for aluminium (Al).
ri-Al-3,10.1063_1.337426,1,Title discusses related optical/physical data for aluminium (Al).
ri-Al-3,10.1063_1.343580,2,Title reports refractive index and dispersion data for aluminium (Al).
ri-Al-3,10.1143_jjap.36.126,1,Title studies thermal or damage properties of aluminium (Al).
ri-Al-3,10.1143_jjap.44.4776,1,Title studies thermal or damage properties of aluminium (Al).
ri-Al-3,10.1364_ao.37.004933,1,Title discusses related optical/physical data for aluminium (Al).
ri-Al-3,10.1364_josa.65.000742,2,Title gives optical constants for Al from far infrared to x-ray.
ri-Al-3,10.1364_ol.34.000746,1,Title discusses related optical/physical data for aluminium (Al).
ri-Al-3,10.1364_ome.441088,2,Title reports refractive index and dispersion data for aluminium (Al).
ri-Al-3,10.1364_ome.562660,1,Title discusses related optical/physical data for aluminium (Al).
ri-Al-3,10.1364_ome.7.001606,1,Title discusses related optical/physical data for aluminium (Al).
ri-Al-3,10.1515_zna_2018_0070,1,Title discusses related optical/physical data for aluminium (Al).
ri-Al-3,10.1524_ncrs.2003.218.1.1,1,Title studies nonlinear optical properties of aluminium (Al).
ri-Al-3,10.1524_ncrs.2003.218.jg.1,1,Title studies nonlinear optical properties of aluminium (Al).
ri-Al-3,10.3390_cryst7030083,1,Title discusses related optical/physical data for aluminium (Al).
ri-Al-3,10.7567_apex.6.022701,1,Title discusses related optical/physical data for aluminium (Al).
ri-Al-3,openalex_W2185260261,1,Title discusses related optical/physical data for aluminium (Al).
ri-Al2O3-1,10.1002_andp.201900188,0,"Title discusses On the, not Al2O3 (sapphire)."
ri-Al2O3-1,10.1016_0022_0248_89_90200_5,2,Title reports refractive index and dispersion data for Al2O3 (sapphire).
ri-Al2O3-1,10.1016_j.ceramint.2015.09.048,1,Title discusses related optical/physical data for Al2O3 (sapphire).
ri-Al2O3-1,10.1016_j.solener.2021.01.012,2,Title reports refractive index and dispersion data for Al2O3 (sapphire).
ri-Al2O3-1,10.1016_s1350_4495_98_00010_3,2,Title reports refractive index and dispersion data for Al2O3 (sapphire).
ri-Al2O3-1,10.1038_ncomms13105,1,Title discusses related optical/physical data for Al2O3 (sapphire).
ri-Al2O3-1,10.1063_1.119157,2,Title reports refractive index and dispersion data for Al2O3 (sapphire).
ri-Al2O3-1,10.1063_1.121501,1,Title studies second-harmonic generation in Al2O3 (sapphire).
ri-Al2O3-1,10.1063_1.122671,1,Title discusses related optical/physical data for Al2O3 (sapphire).
ri-Al2O3-1,10.1063_1.124573,0,"Title discusses Structure and, not Al2O3 (sapphire)."
ri-Al2O3-1,10.1063_1.125102,0,"Title discusses ScAlMgO4, not Al2O3 (sapphire)."
ri-Al2O3-1,10.1063_1.125912,0,"Title discusses Refractive indices, not Al2O3 (sapphire)."
ri-Al2O3-1,10.1063_1.1350632,0,"Title discusses Band gap, not Al2O3 (sapphire)."
ri-Al2O3-1,10.1063_1.1368378,0,"Title discusses Ultraviolet photoconductive, not Al2O3 (sapphire)."
ri-Al2O3-1,10.1063_1.1409576,2,Title reports refractive index and dispersion data for Al2O3 (sapphire).
ri-Al2O3-1,10.1063_1.1446219,2,Title reports refractive index and dispersion data for Al2O3 (sapphire).
ri-Al2O3-1,10.1063_1.1484543,1,Title discusses related optical/physical data for Al2O3 (sapphire).
ri-Al2O3-1,10.1063_1.1489481,0,"Title discusses Small band, not Al2O3 (sapphire)."
ri-Al2O3-1,10.1063_1.1530716,2,Title reports refractive index and dispersion data for Al2O3 (sapphire).
ri-Al2O3-1,10.1063_1.1564870,2,Title reports refractive index and dispersion data for Al2O3 (sapphire).
ri-Al2O3-1,10.1063_1.1592306,2,Title reports refractive index and dispersion data for Al2O3 (sapphire).
ri-Al2O3-1,10.1063_1.1595710,2,Title reports refractive index and dispersion data for Al2O3 (sapphire).
ri-Al2O3-1,10.1063_1.1598276,2,Title reports refractive index and dispersion data for Al2O3 (sapphire).
ri-Al2O3-1,10.1063_1.1605803,0,"Title discusses Optical properties, not Al2O3 (sapphire)."
ri-Al2O3-1,10.1063_1.1633343,0,"Title discusses Annealing effect, not Al2O3 (sapphire)."
ri-Al2O3-1,10.1063_1.1658439,1,Title discusses related optical/physical data for Al2O3 (sapphire).
ri-Al2O3-1,10.1063_1.1711980,1,Title studies vibrational/phonon properties of Al2O3 (sapphire).
ri-Al2O3-1,10.1063_1.1980535,0,"Title discusses Structural, electrical,, not Al2O3 (sapphire)."
ri-Al2O3-1,10.1063_1.2407290,0,"Title discusses Accuracy limits, not Al2O3 (sapphire)."
ri-Al2O3-1,10.1063_1.339385,1,Title discusses related optical/physical data for Al2O3 (sapphire).
ri-Al2O3-1,10.1063_1.349633,2,Title reports refractive index and dispersion data for Al2O3 (sapphire).
ri-Al2O3-1,10.1063_1.357922,2,Title reports optical constants and dispersion of Al2O3 (sapphire).
ri-Al2O3-1,10.1063_1.359225,1,Title discusses related optical/physical data for Al2O3 (sapphire).
ri-Al2O3-1,10.1063_1.369577,1,Title discusses related optical/physical data for Al2O3 (sapphire).
ri-Al2O3-1,10.1063_1.370601,0,"Title discusses Excitonic structure, not Al2O3 (sapphire)."
ri-Al2O3-1,10.1063_1.370744,2,Title reports refractive index and dispersion data for Al2O3 (sapphire).
ri-Al2O3-1,10.1063_1.4800554,0,"Title discusses III, not Al2O3 (sapphire)."
ri-Al2O3-1,10.1063_1.4985855,0,"Title discusses Growth and, not Al2O3 (sapphire)."
ri-Al2O3-1,10.1063_1.5010265,1,Title discusses related optical/physical data for Al2O3 (sapphire).
ri-Al2O3-1,10.1063_5.0048969,1,Title studies nonlinear optical properties of Al2O3 (sapphire).
ri-Al2O3-1,10.1088_0034_4885_67_5_r01,0,"Title discusses The dynamics, not Al2O3 (sapphire)."
ri-Al2O3-1,10.1088_0953_4075_49_17_172002,0,"Title discusses Single-pass high, not Al2O3 (sapphire)."
ri-Al2O3-1,10.1088_1612_2011_11_9_095403,1,Title discusses related optical/physical data for Al2O3 (sapphire).
ri-Al2O3-1,10.1103_physreva.48.4709,0,"Title discusses High-order harmonic, not Al2O3 (sapphire)."
ri-Al2O3-1,10.1103_physrevb.39.3337,0,"Title discusses nonlinear index of crystals, without Al2O3 dispersion formula."
ri-Al2O3-1,10.1103_physrevb.52.12426,0,"Title discusses Dispersion-force effects, not Al2O3 (sapphire)."
ri-Al2O3-1,10.1103_physrevb.52.r17028,2,Title reports refractive index and dispersion data for Al2O3 (sapphire).
ri-Al2O3-1,10.1103_physrevlett.115.177402,0,"Title discusses Experimental Demonstration, not Al2O3 (sapphire)."
ri-Al2O3-1,10.1103_physrevlett.56.761,1,Title discusses related optical/physical data for Al2O3 (sapphire).
ri-Al2O3-1,10.1103_physrevlett.76.752,0,"Title discusses Enhanced High-Harmonic, not Al2O3 (sapphire)."
ri-Al2O3-1,10.1109_jstqe.2018.2808265,1,Title investigates optical parametric processes in Al2O3 (sapphire).
ri-Al2O3-1,10.1116_1.4942045,0,"Title discusses Structural and, not Al2O3 (sapphire)."
ri-Al2O3-1,10.1117_1.oe.56.7.077103,2,Title reports refractive index and dispersion data for Al2O3 (sapphire).
ri-Al2O3-1,10.1117_12.2190104,0,"Title discusses Dispersion model, not Al2O3 (sapphire)."
ri-Al2O3-1,10.1143_apex.5.082101,0,"Title discusses AlGaN, not Al2O3 (sapphire)."
ri-Al2O3-1,10.1143_jjap.37.4801,1,Title studies second-harmonic generation in Al2O3 (sapphire).
ri-Al2O3-1,10.1364_ao.37.003299,1,Title investigates optical parametric processes in Al2O3 (sapphire).
ri-Al2O3-1,10.1364_ao.48.005407,2,Title reports refractive index and dispersion data for Al2O3 (sapphire).
ri-Al2O3-1,10.1364_ao.51.006789,2,Title reports refractive index and dispersion data for Al2O3 (sapphire).
ri-Al2O3-1,10.1364_josa.52.001377,2,Title reports refractive index and dispersion data for Al2O3 (sapphire).
ri-Al2O3-1,10.1364_josa.65.000742,2,Title gives optical constants for Al2O3 from far infrared to x-ray.
ri-Al2O3-1,10.1364_josab.10.001447,0,"Title discusses Linear- and, not Al2O3 (sapphire)."
ri-Al2O3-1,10.1364_josab.10.002162,1,Title investigates optical parametric processes in Al2O3 (sapphire).
ri-Al2O3-1,10.1364_josab.29.002373,0,"Title discusses Effect of, not Al2O3 (sapphire)."
ri-Al2O3-1,10.1364_oe.15.011913,1,Title discusses related optical/physical data for Al2O3 (sapphire).
ri-Al2O3-1,10.1364_ol.16.001729,1,Title discusses related optical/physical data for Al2O3 (sapphire).
ri-Al2O3-1,10.1364_ol.29.000602,2,Title reports refractive index and dispersion data for Al2O3 (sapphire).
ri-Al2O3-1,10.1364_ol.36.001671,1,Title investigates optical parametric processes in Al2O3 (sapphire).
ri-Al2O3-1,10.1364_ol.41.001708,1,Title investigates optical parametric processes in Al2O3 (sapphire).
ri-Al2O3-1,10.1364_ol.43.001507,1,Title investigates optical parametric processes in Al2O3 (sapphire).
ri-Al2O3-1,10.1364_ome.7.001697,0,"Title discusses Characterizing the, not Al2O3 (sapphire)."
ri-Al2O3-1,10.1364_optica.1.000045,0,"Title discusses Third-generation femtosecond technology, not Al2O3 (sapphire)."
ri-Al2O3-2,10.1002_andp.201900188,0,"Title discusses On the, not Al2O3 (sapphire)."
ri-Al2O3-2,10.1016_0022_0248_89_90200_5,2,Title reports refractive index and dispersion data for Al2O3 (sapphire).
ri-Al2O3-2,10.1016_j.ceramint.2015.09.048,1,Title discusses related optical/physical data for Al2O3 (sapphire).
ri-Al2O3-2,10.1016_j.solener.2021.01.012,2,Title reports refractive index and dispersion data for Al2O3 (sapphire).
ri-Al2O3-2,10.1016_s1350_4495_98_00010_3,2,Title reports refractive index and dispersion data for Al2O3 (sapphire).
ri-Al2O3-2,10.1038_ncomms13105,1,Title discusses related optical/physical data for Al2O3 (sapphire).
ri-Al2O3-2,10.1063_1.119157,2,Title reports refractive index and dispersion data for Al2O3 (sapphire).
ri-Al2O3-2,10.1063_1.121501,1,Title studies second-harmonic generation in Al2O3 (sapphire).
ri-Al2O3-2,10.1063_1.122671,1,Title discusses related optical/physical data for Al2O3 (sapphire).
ri-Al2O3-2,10.1063_1.124573,0,"Title discusses Structure and, not Al2O3 (sapphire)."
ri-Al2O3-2,10.1063_1.125102,0,"Title discusses ScAlMgO4, not Al2O3 (sapphire)."
ri-Al2O3-2,10.1063_1.125912,0,"Title discusses Refractive indices, not Al2O3 (sapphire)."
ri-Al2O3-2,10.1063_1.1350632,0,"Title discusses Band gap, not Al2O3 (sapphire)."
ri-Al2O3-2,10.1063_1.1368378,0,"Title discusses Ultraviolet photoconductive, not Al2O3 (sapphire)."
ri-Al2O3-2,10.1063_1.1409576,2,Title reports refractive index and dispersion data for Al2O3 (sapphire).
ri-Al2O3-2,10.1063_1.1446219,2,Title reports refractive index and dispersion data for Al2O3 (sapphire).
ri-Al2O3-2,10.1063_1.1484543,1,Title discusses related optical/physical data for Al2O3 (sapphire).
ri-Al2O3-2,10.1063_1.1489481,0,"Title discusses Small band, not Al2O3 (sapphire)."
ri-Al2O3-2,10.1063_1.1530716,2,Title reports refractive index and dispersion data for Al2O3 (sapphire).
ri-Al2O3-2,10.1063_1.1564870,2,Title reports refractive index and dispersion data for Al2O3 (sapphire).
ri-Al2O3-2,10.1063_1.1592306,2,Title reports refractive index and dispersion data for Al2O3 (sapphire).
ri-Al2O3-2,10.1063_1.1595710,2,Title reports refractive index and dispersion data for Al2O3 (sapphire).
ri-Al2O3-2,10.1063_1.1598276,2,Title reports refractive index and dispersion data for Al2O3 (sapphire).
ri-Al2O3-2,10.1063_1.1605803,0,"Title discusses Optical properties, not Al2O3 (sapphire)."
ri-Al2O3-2,10.1063_1.1633343,0,"Title discusses Annealing effect, not Al2O3 (sapphire)."
ri-Al2O3-2,10.1063_1.1658439,1,Title discusses related optical/physical data for Al2O3 (sapphire).
ri-Al2O3-2,10.1063_1.1711980,1,Title studies vibrational/phonon properties of Al2O3 (sapphire).
ri-Al2O3-2,10.1063_1.1980535,0,"Title discusses Structural, electrical,, not Al2O3 (sapphire)."
ri-Al2O3-2,10.1063_1.2407290,0,"Title discusses Accuracy limits, not Al2O3 (sapphire)."
ri-Al2O3-2,10.1063_1.339385,1,Title discusses related optical/physical data for Al2O3 (sapphire).
ri-Al2O3-2,10.1063_1.349633,2,Title reports refractive index and dispersion data for Al2O3 (sapphire).
ri-Al2O3-2,10.1063_1.357922,2,Title reports optical constants and dispersion of Al2O3 (sapphire).
ri-Al2O3-2,10.1063_1.359225,1,Title discusses related optical/physical data for Al2O3 (sapphire).
ri-Al2O3-2,10.1063_1.369577,1,Title discusses related optical/physical data for Al2O3 (sapphire).
ri-Al2O3-2,10.1063_1.370601,0,"Title discusses Excitonic structure, not Al2O3 (sapphire)."
ri-Al2O3-2,10.1063_1.370744,2,Title reports refractive index and dispersion data for Al2O3 (sapphire).
ri-Al2O3-2,10.1063_1.4800554,0,"Title discusses III, not Al2O3 (sapphire)."
ri-Al2O3-2,10.1063_1.4985855,0,"Title discusses Growth and, not Al2O3 (sapphire)."
ri-Al2O3-2,10.1063_1.5010265,1,Title discusses related optical/physical data for Al2O3 (sapphire).
ri-Al2O3-2,10.1063_5.0048969,1,Title studies nonlinear optical properties of Al2O3 (sapphire).
ri-Al2O3-2,10.1088_0034_4885_67_5_r01,0,"Title discusses The dynamics, not Al2O3 (sapphire)."
ri-Al2O3-2,10.1088_0953_4075_49_17_172002,0,"Title discusses Single-pass high, not Al2O3 (sapphire)."
ri-Al2O3-2,10.1088_1612_2011_11_9_095403,1,Title discusses related optical/physical data for Al2O3 (sapphire).
ri-Al2O3-2,10.1103_physreva.48.4709,0,"Title discusses High-order harmonic, not Al2O3 (sapphire)."
ri-Al2O3-2,10.1103_physrevb.39.3337,0,"Title discusses nonlinear index of crystals, without Al2O3 dispersion formula."
ri-Al2O3-2,10.1103_physrevb.52.12426,0,"Title discusses Dispersion-force effects, not Al2O3 (sapphire)."
ri-Al2O3-2,10.1103_physrevb.52.r17028,2,Title reports refractive index and dispersion data for Al2O3 (sapphire).
ri-Al2O3-2,10.1103_physrevlett.115.177402,0,"Title discusses Experimental Demonstration, not Al2O3 (sapphire)."
ri-Al2O3-2,10.1103_physrevlett.56.761,1,Title discusses related optical/physical data for Al2O3 (sapphire).
ri-Al2O3-2,10.1103_physrevlett.76.752,0,"Title discusses Enhanced High-Harmonic, not Al2O3 (sapphire)."
ri-Al2O3-2,10.1109_jstqe.2018.2808265,1,Title investigates optical parametric processes in Al2O3 (sapphire).
ri-Al2O3-2,10.1116_1.4942045,0,"Title discusses Structural and, not Al2O3 (sapphire)."
ri-Al2O3-2,10.1117_1.oe.56.7.077103,2,Title reports refractive index and dispersion data for Al2O3 (sapphire).
ri-Al2O3-2,10.1117_12.2190104,0,"Title discusses Dispersion model, not Al2O3 (sapphire)."
ri-Al2O3-2,10.1143_apex.5.082101,0,"Title discusses AlGaN, not Al2O3 (sapphire)."
ri-Al2O3-2,10.1143_jjap.37.4801,1,Title studies second-harmonic generation in Al2O3 (sapphire).
ri-Al2O3-2,10.1364_ao.37.003299,1,Title investigates optical parametric processes in Al2O3 (sapphire).
ri-Al2O3-2,10.1364_ao.48.005407,2,Title reports refractive index and dispersion data for Al2O3 (sapphire).
ri-Al2O3-2,10.1364_ao.51.006789,2,Title reports refractive index and dispersion data for Al2O3 (sapphire).
ri-Al2O3-2,10.1364_josa.52.001377,2,Title reports refractive index and dispersion data for Al2O3 (sapphire).
ri-Al2O3-2,10.1364_josa.65.000742,2,Title gives optical constants for Al2O3 from far infrared to x-ray.
ri-Al2O3-2,10.1364_josab.10.001447,0,"Title discusses Linear- and, not Al2O3 (sapphire)."
ri-Al2O3-2,10.1364_josab.10.002162,1,Title investigates optical parametric processes in Al2O3 (sapphire).
ri-Al2O3-2,10.1364_josab.29.002373,0,"Title discusses Effect of, not Al2O3 (sapphire)."
ri-Al2O3-2,10.1364_oe.15.011913,1,Title discusses related optical/physical data for Al2O3 (sapphire).
ri-Al2O3-2,10.1364_ol.16.001729,1,Title discusses related optical/physical data for Al2O3 (sapphire).
ri-Al2O3-2,10.1364_ol.29.000602,2,Title reports refractive index and dispersion data for Al2O3 (sapphire).
ri-Al2O3-2,10.1364_ol.36.001671,1,Title investigates optical parametric processes in Al2O3 (sapphire).
ri-Al2O3-2,10.1364_ol.41.001708,1,Title investigates optical parametric processes in Al2O3 (sapphire).
ri-Al2O3-2,10.1364_ol.43.001507,1,Title investigates optical parametric processes in Al2O3 (sapphire).
ri-Al2O3-2,10.1364_ome.7.001697,0,"Title discusses Characterizing the, not Al2O3 (sapphire)."
ri-Al2O3-2,10.1364_optica.1.000045,0,"Title discusses Third-generation femtosecond technology, not Al2O3 (sapphire)."
ri-Al2O3-3,10.1002_andp.201900188,0,"Title discusses On the, not Al2O3 (sapphire)."
ri-Al2O3-3,10.1016_0022_0248_89_90200_5,2,Title reports refractive index and dispersion data for Al2O3 (sapphire).
ri-Al2O3-3,10.1016_j.ceramint.2015.09.048,1,Title discusses related optical/physical data for Al2O3 (sapphire).
ri-Al2O3-3,10.1016_j.solener.2021.01.012,2,Title reports refractive index and dispersion data for Al2O3 (sapphire).
ri-Al2O3-3,10.1016_s1350_4495_98_00010_3,2,Title reports refractive index and dispersion data for Al2O3 (sapphire).
ri-Al2O3-3,10.1038_ncomms13105,1,Title discusses related optical/physical data for Al2O3 (sapphire).
ri-Al2O3-3,10.1063_1.119157,2,Title reports refractive index and dispersion data for Al2O3 (sapphire).
ri-Al2O3-3,10.1063_1.121501,1,Title studies second-harmonic generation in Al2O3 (sapphire).
ri-Al2O3-3,10.1063_1.122671,1,Title discusses related optical/physical data for Al2O3 (sapphire).
ri-Al2O3-3,10.1063_1.124573,0,"Title discusses Structure and, not Al2O3 (sapphire)."
ri-Al2O3-3,10.1063_1.125102,0,"Title discusses ScAlMgO4, not Al2O3 (sapphire)."
ri-Al2O3-3,10.1063_1.125912,0,"Title discusses Refractive indices, not Al2O3 (sapphire)."
ri-Al2O3-3,10.1063_1.1350632,0,"Title discusses Band gap, not Al2O3 (sapphire)."
ri-Al2O3-3,10.1063_1.1368378,0,"Title discusses Ultraviolet photoconductive, not Al2O3 (sapphire)."
ri-Al2O3-3,10.1063_1.1409576,2,Title reports refractive index and dispersion data for Al2O3 (sapphire).
ri-Al2O3-3,10.1063_1.1446219,2,Title reports refractive index and dispersion data for Al2O3 (sapphire).
ri-Al2O3-3,10.1063_1.1484543,1,Title discusses related optical/physical data for Al2O3 (sapphire).
ri-Al2O3-3,10.1063_1.1489481,0,"Title discusses Small band, not Al2O3 (sapphire)."
ri-Al2O3-3,10.1063_1.1530716,2,Title reports refractive index and dispersion data for Al2O3 (sapphire).
ri-Al2O3-3,10.1063_1.1564870,2,Title reports refractive index and dispersion data for Al2O3 (sapphire).
ri-Al2O3-3,10.1063_1.1592306,2,Title reports refractive index and dispersion data for Al2O3 (sapphire).
ri-Al2O3-3,10.1063_1.1595710,2,Title reports refractive index and dispersion data for Al2O3 (sapphire).
ri-Al2O3-3,10.1063_1.1598276,2,Title reports refractive index and dispersion data for Al2O3 (sapphire).
ri-Al2O3-3,10.1063_1.1605803,0,"Title discusses Optical properties, not Al2O3 (sapphire)."
ri-Al2O3-3,10.1063_1.1633343,0,"Title discusses Annealing effect, not Al2O3 (sapphire)."
ri-Al2O3-3,10.1063_1.1658439,1,Title discusses related optical/physical data for Al2O3 (sapphire).
ri-Al2O3-3,10.1063_1.1711980,1,Title studies vibrational/phonon properties of Al2O3 (sapphire).
ri-Al2O3-3,10.1063_1.1980535,0,"Title discusses Structural, electrical,, not Al2O3 (sapphire)."
ri-Al2O3-3,10.1063_1.2407290,0,"Title discusses Accuracy limits, not Al2O3 (sapphire)."
ri-Al2O3-3,10.1063_1.339385,1,Title discusses related optical/physical data for Al2O3 (sapphire).
ri-Al2O3-3,10.1063_1.349633,2,Title reports refractive index and dispersion data for Al2O3 (sapphire).
ri-Al2O3-3,10.1063_1.357922,2,Title reports optical constants and dispersion of Al2O3 (sapphire).
ri-Al2O3-3,10.1063_1.359225,1,Title discusses related optical/physical data for Al2O3 (sapphire).
ri-Al2O3-3,10.1063_1.369577,1,Title discusses related optical/physical data for Al2O3 (sapphire).
ri-Al2O3-3,10.1063_1.370601,0,"Title discusses Excitonic structure, not Al2O3 (sapphire)."
ri-Al2O3-3,10.1063_1.370744,2,Title reports refractive index and dispersion data for Al2O3 (sapphire).
ri-Al2O3-3,10.1063_1.4800554,0,"Title discusses III, not Al2O3 (sapphire)."
ri-Al2O3-3,10.1063_1.4985855,0,"Title discusses Growth and, not Al2O3 (sapphire)."
ri-Al2O3-3,10.1063_1.5010265,1,Title discusses related optical/physical data for Al2O3 (sapphire).
ri-Al2O3-3,10.1063_5.0048969,1,Title studies nonlinear optical properties of Al2O3 (sapphire).
ri-Al2O3-3,10.1088_0034_4885_67_5_r01,0,"Title discusses The dynamics, not Al2O3 (sapphire)."
ri-Al2O3-3,10.1088_0953_4075_49_17_172002,0,"Title discusses Single-pass high, not Al2O3 (sapphire)."
ri-Al2O3-3,10.1088_1612_2011_11_9_095403,1,Title discusses related optical/physical data for Al2O3 (sapphire).
ri-Al2O3-3,10.1103_physreva.48.4709,0,"Title discusses High-order harmonic, not Al2O3 (sapphire)."
ri-Al2O3-3,10.1103_physrevb.39.3337,0,"Title discusses nonlinear index of crystals, without Al2O3 dispersion formula."
ri-Al2O3-3,10.1103_physrevb.52.12426,0,"Title discusses Dispersion-force effects, not Al2O3 (sapphire)."
ri-Al2O3-3,10.1103_physrevb.52.r17028,2,Title reports refractive index and dispersion data for Al2O3 (sapphire).
ri-Al2O3-3,10.1103_physrevlett.115.177402,0,"Title discusses Experimental Demonstration, not Al2O3 (sapphire)."
ri-Al2O3-3,10.1103_physrevlett.56.761,1,Title discusses related optical/physical data for Al2O3 (sapphire).
ri-Al2O3-3,10.1103_physrevlett.76.752,0,"Title discusses Enhanced High-Harmonic, not Al2O3 (sapphire)."
ri-Al2O3-3,10.1109_jstqe.2018.2808265,1,Title investigates optical parametric processes in Al2O3 (sapphire).
ri-Al2O3-3,10.1116_1.4942045,0,"Title discusses Structural and, not Al2O3 (sapphire)."
ri-Al2O3-3,10.1117_1.oe.56.7.077103,2,Title reports refractive index and dispersion data for Al2O3 (sapphire).
ri-Al2O3-3,10.1117_12.2190104,0,"Title discusses Dispersion model, not Al2O3 (sapphire)."
ri-Al2O3-3,10.1143_apex.5.082101,0,"Title discusses AlGaN, not Al2O3 (sapphire)."
ri-Al2O3-3,10.1143_jjap.37.4801,1,Title studies second-harmonic generation in Al2O3 (sapphire).
ri-Al2O3-3,10.1364_ao.37.003299,1,Title investigates optical parametric processes in Al2O3 (sapphire).
ri-Al2O3-3,10.1364_ao.48.005407,2,Title reports refractive index and dispersion data for Al2O3 (sapphire).
ri-Al2O3-3,10.1364_ao.51.006789,2,Title reports refractive index and dispersion data for Al2O3 (sapphire).
ri-Al2O3-3,10.1364_josa.52.001377,2,Title reports refractive index and dispersion data for Al2O3 (sapphire).
ri-Al2O3-3,10.1364_josa.65.000742,2,Title gives optical constants for Al2O3 from far infrared to x-ray.
ri-Al2O3-3,10.1364_josab.10.001447,0,"Title discusses Linear- and, not Al2O3 (sapphire)."
ri-Al2O3-3,10.1364_josab.10.002162,1,Title investigates optical parametric processes in Al2O3 (sapphire).
ri-Al2O3-3,10.1364_josab.29.002373,0,"Title discusses Effect of, not Al2O3 (sapphire)."
ri-Al2O3-3,10.1364_oe.15.011913,1,Title discusses related optical/physical data for Al2O3 (sapphire).
ri-Al2O3-3,10.1364_ol.16.001729,1,Title discusses related optical/physical data for Al2O3 (sapphire).
ri-Al2O3-3,10.1364_ol.29.000602,2,Title reports refractive index and dispersion data for Al2O3 (sapphire).
ri-Al2O3-3,10.1364_ol.36.001671,1,Title investigates optical parametric processes in Al2O3 (sapphire).
ri-Al2O3-3,10.1364_ol.41.001708,1,Title investigates optical parametric processes in Al2O3 (sapphire).
ri-Al2O3-3,10.1364_ol.43.001507,1,Title investigates optical parametric processes in Al2O3 (sapphire).
ri-Al2O3-3,10.1364_ome.7.001697,0,"Title discusses Characterizing the, not Al2O3 (sapphire)."
ri-Al2O3-3,10.1364_optica.1.000045,0,"Title discusses Third-generation femtosecond technology, not Al2O3 (sapphire)."
ri-AlAs-1,10.1038_s41467_020_15005_5,1,Title discusses related optical/physical data for AlAs.
ri-AlAs-1,10.1063_1.119559,1,Title studies second-harmonic generation in AlAs.
ri-AlAs-1,10.1063_1.121501,1,Title studies second-harmonic generation in AlAs.
ri-AlAs-1,10.1063_1.324066,2,Title reports refractive index and dispersion data for AlAs.
ri-AlAs-1,10.1063_1.336070,1,Title discusses related optical/physical data for AlAs.
ri-AlAs-1,10.1063_1.363586,2,Title reports refractive index and dispersion data for AlAs.
ri-AlAs-1,10.1088_1361_6463_ae172c,2,Title reports refractive index and dispersion data for AlAs.
ri-AlAs-1,10.1103_physrevlett.61.2546,1,Title discusses related optical/physical data for AlAs.
ri-AlAs-1,10.1103_physrevresearch.5.033048,2,Title reports refractive index and dispersion data for AlAs.
ri-AlAs-1,10.1109_3.556002,1,Title studies nonlinear optical properties of AlAs.
ri-AlAs-2,10.1038_s41467_020_15005_5,1,Title discusses related optical/physical data for AlAs.
ri-AlAs-2,10.1063_1.119559,1,Title studies second-harmonic generation in AlAs.
ri-AlAs-2,10.1063_1.121501,1,Title studies second-harmonic generation in AlAs.
ri-AlAs-2,10.1063_1.324066,2,Title reports refractive index and dispersion data for AlAs.
ri-AlAs-2,10.1063_1.336070,1,Title discusses related optical/physical data for AlAs.
ri-AlAs-2,10.1063_1.363586,2,Title reports refractive index and dispersion data for AlAs.
ri-AlAs-2,10.1088_1361_6463_ae172c,2,Title reports refractive index and dispersion data for AlAs.
ri-AlAs-2,10.1103_physrevlett.61.2546,1,Title discusses related optical/physical data for AlAs.
ri-AlAs-2,10.1103_physrevresearch.5.033048,2,Title reports refractive index and dispersion data for AlAs.
ri-AlAs-2,10.1109_3.556002,1,Title studies nonlinear optical properties of AlAs.
ri-AlAs-3,10.1038_s41467_020_15005_5,1,Title discusses related optical/physical data for AlAs.
ri-AlAs-3,10.1063_1.119559,1,Title studies second-harmonic generation in AlAs.
ri-AlAs-3,10.1063_1.121501,1,Title studies second-harmonic generation in AlAs.
ri-AlAs-3,10.1063_1.324066,2,Title reports refractive index and dispersion data for AlAs.
ri-AlAs-3,10.1063_1.336070,1,Title discusses related optical/physical data for AlAs.
ri-AlAs-3,10.1063_1.363586,2,Title reports refractive index and dispersion data for AlAs.
ri-AlAs-3,10.1088_1361_6463_ae172c,2,Title reports refractive index and dispersion data for AlAs.
ri-AlAs-3,10.1103_physrevlett.61.2546,1,Title discusses related optical/physical data for AlAs.
ri-AlAs-3,10.1103_physrevresearch.5.033048,2,Title reports refractive index and dispersion data for AlAs.
ri-AlAs-3,10.1109_3.556002,1,Title studies nonlinear optical properties of AlAs.
ri-AlN-1,10.1002_cphc.200700002,0,"Title discusses ZnO, not AlN."
ri-AlN-1,10.1002_pssa.2210060212,0,"Title discusses Refractive index, not AlN."
ri-AlN-1,10.1002_pssb.19660140127,2,Title reports refractive index and dispersion data for AlN.
ri-AlN-1,10.1002_pssb.200743072,0,"Title discusses ZnO, not AlN."
ri-AlN-1,10.1016_0022_0248_89_90200_5,2,Title reports refractive index and dispersion data for AlN.
ri-AlN-1,10.1038_s41467_021_25751_9,1,Title discusses related optical/physical data for AlN.
ri-AlN-1,10.1063_1.119157,0,"Title discusses Optical properties, not AlN."
ri-AlN-1,10.1063_1.121368,0,"Title discusses Sound velocity, not AlN."
ri-AlN-1,10.1063_1.125466,0,"Title discusses Heteroepitaxial electrodeposition, not AlN."
ri-AlN-1,10.1063_1.1331089,0,"Title discusses Ga-doped ZnO, not AlN."
ri-AlN-1,10.1063_1.1405826,0,"Title discusses Effective electron, not AlN."
ri-AlN-1,10.1063_1.1563293,2,Title reports refractive index and dispersion data for AlN.
ri-AlN-1,10.1063_1.1592306,0,"Title discusses Stress and, not AlN."
ri-AlN-1,10.1063_1.1616988,2,Title reports refractive index and dispersion data for AlN.
ri-AlN-1,10.1063_1.1633965,1,Title discusses related optical/physical data for AlN.
ri-AlN-1,10.1063_1.1654051,0,"Title discusses Electrical and, not AlN."
ri-AlN-1,10.1063_1.1765208,0,"Title discusses AlGaN, not AlN."
ri-AlN-1,10.1063_1.1769598,0,"Title discusses Effect of, not AlN."
ri-AlN-1,10.1063_1.1868059,0,"Title discusses Luminescence properties, not AlN."
ri-AlN-1,10.1063_1.2769950,0,"Title discusses AlGaN, not AlN."
ri-AlN-1,10.1063_1.2947598,0,"Title discusses Refractive indices, not AlN."
ri-AlN-1,10.1063_1.3021148,2,Title reports refractive index and dispersion data for AlN.
ri-AlN-1,10.1063_1.322064,0,"Title discusses Preparation and, not AlN."
ri-AlN-1,10.1063_1.3492841,0,"Title discusses Carbon impurities, not AlN."
ri-AlN-1,10.1063_1.3531996,0,"Title discusses Ab initio, not AlN."
ri-AlN-1,10.1063_1.365575,0,"Title discusses Homoepitaxial growth, not AlN."
ri-AlN-1,10.1063_1.365671,0,"Title discusses Optical properties, not AlN."
ri-AlN-1,10.1063_1.366847,0,"Title discusses Electronic band, not AlN."
ri-AlN-1,10.1063_1.368954,0,"Title discusses InGaN, not AlN."
ri-AlN-1,10.1063_1.369604,2,Title reports optical constants and dispersion of AlN.
ri-AlN-1,10.1063_1.369611,1,Title studies second-harmonic generation in AlN.
ri-AlN-1,10.1063_1.371145,0,"Title discusses GaN, not AlN."
ri-AlN-1,10.1063_1.371971,0,"Title discusses III, not AlN."
ri-AlN-1,10.1063_1.4722941,1,Title studies second-harmonic generation in AlN.
ri-AlN-1,10.1063_1.5006941,0,"Title discusses A review, not AlN."
ri-AlN-1,10.1063_1.5010265,1,Title discusses related optical/physical data for AlN.
ri-AlN-1,10.1063_1.5087058,1,Title studies second-harmonic generation in AlN.
ri-AlN-1,10.1103_physrevb.45.13307,0,"Title discusses Pressure studies, not AlN."
ri-AlN-1,10.1103_physrevb.48.4335,0,"Title discusses Electronic, optical,, not AlN."
ri-AlN-1,10.1103_physrevb.55.7000,0,"Title discusses Zone-boundary phonons, not AlN."
ri-AlN-1,10.1103_physrevb.56.r7069,0,"Title discusses Stranski-Krastanov growth, not AlN."
ri-AlN-1,10.1103_physrevb.57.3905,0,"Title discusses Efficientab initiomethod, not AlN."
ri-AlN-1,10.1103_physrevb.58.12899,2,Title reports refractive index and dispersion data for AlN.
ri-AlN-1,10.1103_physrevb.59.10031,0,"Title discusses Exact exchange, not AlN."
ri-AlN-1,10.1103_physrevb.59.5013,0,"Title discusses Dispersion of, not AlN."
ri-AlN-1,10.1103_physrevb.61.6720,2,Title reports refractive index and dispersion data for AlN.
ri-AlN-1,10.1103_physrevb.62.16826,0,"Title discusses Luminescence properties, not AlN."
ri-AlN-1,10.1103_physrevb.7.743,0,"Title discusses Infrared Lattice, not AlN."
ri-AlN-1,10.1103_physrevb.89.035204,2,Title reports refractive index and dispersion data for AlN.
ri-AlN-1,10.1103_physrevlett.86.906,0,"Title discusses Phonon Dispersion, not AlN."
ri-AlN-1,10.1116_6.0000884,2,Title reports refractive index and dispersion data for AlN.
ri-AlN-1,10.1116_6.0001574,2,Title reports refractive index and dispersion data for AlN.
ri-AlN-1,10.1143_jjap.36.l177,0,"Title discusses AlGaN, not AlN."
ri-AlN-1,10.1143_jjap.39.20,0,"Title discusses Temperature Dependence, not AlN."
ri-AlN-1,10.1143_jjap.39.l497,2,Title reports optical constants and dispersion of AlN.
ri-AlN-1,10.1143_jjap.43.l1524,0,"Title discusses InGaN, not AlN."
ri-AlN-1,10.1143_jjap.51.112101,1,Title discusses related optical/physical data for AlN.
ri-AlN-1,10.1364_ao.51.006789,2,Title reports refractive index and dispersion data for AlN.
ri-AlN-1,10.1364_aop.10.000043,0,"Title discusses AlGaN, not AlN."
ri-AlN-1,10.1364_ol.38.002810,1,Title discusses related optical/physical data for AlN.
ri-AlN-1,10.1364_ome.4.001287,0,"Title discusses Broadband measurements, not AlN."
ri-AlN-1,10.1364_ome.8.001091,2,Title reports refractive index and dispersion data for AlN.
ri-AlN-1,10.1364_optica.3.001126,1,Title studies second-harmonic generation in AlN.
ri-AlN-1,10.1557_s1092578300002957,2,Title reports refractive index and dispersion data for AlN.
ri-AlN-2,10.1002_cphc.200700002,0,"Title discusses ZnO, not AlN."
ri-AlN-2,10.1002_pssa.2210060212,0,"Title discusses Refractive index, not AlN."
ri-AlN-2,10.1002_pssb.19660140127,2,Title reports refractive index and dispersion data for AlN.
ri-AlN-2,10.1002_pssb.200743072,0,"Title discusses ZnO, not AlN."
ri-AlN-2,10.1016_0022_0248_89_90200_5,2,Title reports refractive index and dispersion data for AlN.
ri-AlN-2,10.1038_s41467_021_25751_9,1,Title discusses related optical/physical data for AlN.
ri-AlN-2,10.1063_1.119157,0,"Title discusses Optical properties, not AlN."
ri-AlN-2,10.1063_1.121368,0,"Title discusses Sound velocity, not AlN."
ri-AlN-2,10.1063_1.125466,0,"Title discusses Heteroepitaxial electrodeposition, not AlN."
ri-AlN-2,10.1063_1.1331089,0,"Title discusses Ga-doped ZnO, not AlN."
ri-AlN-2,10.1063_1.1405826,0,"Title discusses Effective electron, not AlN."
ri-AlN-2,10.1063_1.1563293,2,Title reports refractive index and dispersion data for AlN.
ri-AlN-2,10.1063_1.1592306,0,"Title discusses Stress and, not AlN."
ri-AlN-2,10.1063_1.1616988,2,Title reports refractive index and dispersion data for AlN.
ri-AlN-2,10.1063_1.1633965,1,Title discusses related optical/physical data for AlN.
ri-AlN-2,10.1063_1.1654051,0,"Title discusses Electrical and, not AlN."
ri-AlN-2,10.1063_1.1765208,0,"Title discusses AlGaN, not AlN."
ri-AlN-2,10.1063_1.1769598,0,"Title discusses Effect of, not AlN."
ri-AlN-2,10.1063_1.1868059,0,"Title discusses Luminescence properties, not AlN."
ri-AlN-2,10.1063_1.2769950,0,"Title discusses AlGaN, not AlN."
ri-AlN-2,10.1063_1.2947598,0,"Title discusses Refractive indices, not AlN."
ri-AlN-2,10.1063_1.3021148,2,Title reports refractive index and dispersion data for AlN.
ri-AlN-2,10.1063_1.322064,0,"Title discusses Preparation and, not AlN."
ri-AlN-2,10.1063_1.3492841,0,"Title discusses Carbon impurities, not AlN."
ri-AlN-2,10.1063_1.3531996,0,"Title discusses Ab initio, not AlN."
ri-AlN-2,10.1063_1.365575,0,"Title discusses Homoepitaxial growth, not AlN."
ri-AlN-2,10.1063_1.365671,0,"Title discusses Optical properties, not AlN."
ri-AlN-2,10.1063_1.366847,0,"Title discusses Electronic band, not AlN."
ri-AlN-2,10.1063_1.368954,0,"Title discusses InGaN, not AlN."
ri-AlN-2,10.1063_1.369604,2,Title reports optical constants and dispersion of AlN.
ri-AlN-2,10.1063_1.369611,1,Title studies second-harmonic generation in AlN.
ri-AlN-2,10.1063_1.371145,0,"Title discusses GaN, not AlN."
ri-AlN-2,10.1063_1.371971,0,"Title discusses III, not AlN."
ri-AlN-2,10.1063_1.4722941,1,Title studies second-harmonic generation in AlN.
ri-AlN-2,10.1063_1.5006941,0,"Title discusses A review, not AlN."
ri-AlN-2,10.1063_1.5010265,1,Title discusses related optical/physical data for AlN.
ri-AlN-2,10.1063_1.5087058,1,Title studies second-harmonic generation in AlN.
ri-AlN-2,10.1103_physrevb.45.13307,0,"Title discusses Pressure studies, not AlN."
ri-AlN-2,10.1103_physrevb.48.4335,0,"Title discusses Electronic, optical,, not AlN."
ri-AlN-2,10.1103_physrevb.55.7000,0,"Title discusses Zone-boundary phonons, not AlN."
ri-AlN-2,10.1103_physrevb.56.r7069,0,"Title discusses Stranski-Krastanov growth, not AlN."
ri-AlN-2,10.1103_physrevb.57.3905,0,"Title discusses Efficientab initiomethod, not AlN."
ri-AlN-2,10.1103_physrevb.58.12899,2,Title reports refractive index and dispersion data for AlN.
ri-AlN-2,10.1103_physrevb.59.10031,0,"Title discusses Exact exchange, not AlN."
ri-AlN-2,10.1103_physrevb.59.5013,0,"Title discusses Dispersion of, not AlN."
ri-AlN-2,10.1103_physrevb.61.6720,2,Title reports refractive index and dispersion data for AlN.
ri-AlN-2,10.1103_physrevb.62.16826,0,"Title discusses Luminescence properties, not AlN."
ri-AlN-2,10.1103_physrevb.7.743,0,"Title discusses Infrared Lattice, not AlN."
ri-AlN-2,10.1103_physrevb.89.035204,2,Title reports refractive index and dispersion data for AlN.
ri-AlN-2,10.1103_physrevlett.86.906,0,"Title discusses Phonon Dispersion, not AlN."
ri-AlN-2,10.1116_6.0000884,2,Title reports refractive index and dispersion data for AlN.
ri-AlN-2,10.1116_6.0001574,2,Title reports refractive index and dispersion data for AlN.
ri-AlN-2,10.1143_jjap.36.l177,0,"Title discusses AlGaN, not AlN."
ri-AlN-2,10.1143_jjap.39.20,0,"Title discusses Temperature Dependence, not AlN."
ri-AlN-2,10.1143_jjap.39.l497,2,Title reports optical constants and dispersion of AlN.
ri-AlN-2,10.1143_jjap.43.l1524,0,"Title discusses InGaN, not AlN."
ri-AlN-2,10.1143_jjap.51.112101,1,Title discusses related optical/physical data for AlN.
ri-AlN-2,10.1364_ao.51.006789,2,Title reports refractive index and dispersion data for AlN.
ri-AlN-2,10.1364_aop.10.000043,0,"Title discusses AlGaN, not AlN."
ri-AlN-2,10.1364_ol.38.002810,1,Title discusses related optical/physical data for AlN.
ri-AlN-2,10.1364_ome.4.001287,0,"Title discusses Broadband measurements, not AlN."
ri-AlN-2,10.1364_ome.8.001091,2,Title reports refractive index and dispersion data for AlN.
ri-AlN-2,10.1364_optica.3.001126,1,Title studies second-harmonic generation in AlN.
ri-AlN-2,10.1557_s1092578300002957,2,Title reports refractive index and dispersion data for AlN.
ri-AlN-3,10.1002_cphc.200700002,0,"Title discusses ZnO, not AlN."
ri-AlN-3,10.1002_pssa.2210060212,0,"Title discusses Refractive index, not AlN."
ri-AlN-3,10.1002_pssb.19660140127,2,Title reports refractive index and dispersion data for AlN.
ri-AlN-3,10.1002_pssb.200743072,0,"Title discusses ZnO, not AlN."
ri-AlN-3,10.1016_0022_0248_89_90200_5,2,Title reports refractive index and dispersion data for AlN.
ri-AlN-3,10.1038_s41467_021_25751_9,1,Title discusses related optical/physical data for AlN.
ri-AlN-3,10.1063_1.119157,0,"Title discusses Optical properties, not AlN."
ri-AlN-3,10.1063_1.121368,0,"Title discusses Sound velocity, not AlN."
ri-AlN-3,10.1063_1.125466,0,"Title discusses Heteroepitaxial electrodeposition, not AlN."
ri-AlN-3,10.1063_1.1331089,0,"Title discusses Ga-doped ZnO, not AlN."
ri-AlN-3,10.1063_1.1405826,0,"Title discusses Effective electron, not AlN."
ri-AlN-3,10.1063_1.1563293,2,Title reports refractive index and dispersion data for AlN.
ri-AlN-3,10.1063_1.1592306,0,"Title discusses Stress and, not AlN."
ri-AlN-3,10.1063_1.1616988,2,Title reports refractive index and dispersion data for AlN.
ri-AlN-3,10.1063_1.1633965,1,Title discusses related optical/physical data for AlN.
ri-AlN-3,10.1063_1.1654051,0,"Title discusses Electrical and, not AlN."
ri-AlN-3,10.1063_1.1765208,0,"Title discusses AlGaN, not AlN."
ri-AlN-3,10.1063_1.1769598,0,"Title discusses Effect of, not AlN."
ri-AlN-3,10.1063_1.1868059,0,"Title discusses Luminescence properties, not AlN."
ri-AlN-3,10.1063_1.2769950,0,"Title discusses AlGaN, not AlN."
ri-AlN-3,10.1063_1.2947598,0,"Title discusses Refractive indices, not AlN."
ri-AlN-3,10.1063_1.3021148,2,Title reports refractive index and dispersion data for AlN.
ri-AlN-3,10.1063_1.322064,0,"Title discusses Preparation and, not AlN."
ri-AlN-3,10.1063_1.3492841,0,"Title discusses Carbon impurities, not AlN."
ri-AlN-3,10.1063_1.3531996,0,"Title discusses Ab initio, not AlN."
ri-AlN-3,10.1063_1.365575,0,"Title discusses Homoepitaxial growth, not AlN."
ri-AlN-3,10.1063_1.365671,0,"Title discusses Optical properties, not AlN."
ri-AlN-3,10.1063_1.366847,0,"Title discusses Electronic band, not AlN."
ri-AlN-3,10.1063_1.368954,0,"Title discusses InGaN, not AlN."
ri-AlN-3,10.1063_1.369604,2,Title reports optical constants and dispersion of AlN.
ri-AlN-3,10.1063_1.369611,1,Title studies second-harmonic generation in AlN.
ri-AlN-3,10.1063_1.371145,0,"Title discusses GaN, not AlN."
ri-AlN-3,10.1063_1.371971,0,"Title discusses III, not AlN."
ri-AlN-3,10.1063_1.4722941,1,Title studies second-harmonic generation in AlN.
ri-AlN-3,10.1063_1.5006941,0,"Title discusses A review, not AlN."
ri-AlN-3,10.1063_1.5010265,1,Title discusses related optical/physical data for AlN.
ri-AlN-3,10.1063_1.5087058,1,Title studies second-harmonic generation in AlN.
ri-AlN-3,10.1103_physrevb.45.13307,0,"Title discusses Pressure studies, not AlN."
ri-AlN-3,10.1103_physrevb.48.4335,0,"Title discusses Electronic, optical,, not AlN."
ri-AlN-3,10.1103_physrevb.55.7000,0,"Title discusses Zone-boundary phonons, not AlN."
ri-AlN-3,10.1103_physrevb.56.r7069,0,"Title discusses Stranski-Krastanov growth, not AlN."
ri-AlN-3,10.1103_physrevb.57.3905,0,"Title discusses Efficientab initiomethod, not AlN."
ri-AlN-3,10.1103_physrevb.58.12899,2,Title reports refractive index and dispersion data for AlN.
ri-AlN-3,10.1103_physrevb.59.10031,0,"Title discusses Exact exchange, not AlN."
ri-AlN-3,10.1103_physrevb.59.5013,0,"Title discusses Dispersion of, not AlN."
ri-AlN-3,10.1103_physrevb.61.6720,2,Title reports refractive index and dispersion data for AlN.
ri-AlN-3,10.1103_physrevb.62.16826,0,"Title discusses Luminescence properties, not AlN."
ri-AlN-3,10.1103_physrevb.7.743,0,"Title discusses Infrared Lattice, not AlN."
ri-AlN-3,10.1103_physrevb.89.035204,2,Title reports refractive index and dispersion data for AlN.
ri-AlN-3,10.1103_physrevlett.86.906,0,"Title discusses Phonon Dispersion, not AlN."
ri-AlN-3,10.1116_6.0000884,2,Title reports refractive index and dispersion data for AlN.
ri-AlN-3,10.1116_6.0001574,2,Title reports refractive index and dispersion data for AlN.
ri-AlN-3,10.1143_jjap.36.l177,0,"Title discusses AlGaN, not AlN."
ri-AlN-3,10.1143_jjap.39.20,0,"Title discusses Temperature Dependence, not AlN."
ri-AlN-3,10.1143_jjap.39.l497,2,Title reports optical constants and dispersion of AlN.
ri-AlN-3,10.1143_jjap.43.l1524,0,"Title discusses InGaN, not AlN."
ri-AlN-3,10.1143_jjap.51.112101,1,Title discusses related optical/physical data for AlN.
ri-AlN-3,10.1364_ao.51.006789,2,Title reports refractive index and dispersion data for AlN.
ri-AlN-3,10.1364_aop.10.000043,0,"Title discusses AlGaN, not AlN."
ri-AlN-3,10.1364_ol.38.002810,1,Title discusses related optical/physical data for AlN.
ri-AlN-3,10.1364_ome.4.001287,0,"Title discusses Broadband measurements, not AlN."
ri-AlN-3,10.1364_ome.8.001091,2,Title reports refractive index and dispersion data for AlN.
ri-AlN-3,10.1364_optica.3.001126,1,Title studies second-harmonic generation in AlN.
ri-AlN-3,10.1557_s1092578300002957,2,Title reports refractive index and dispersion data for AlN.
ri-AlPO4-1,10.1063_1.1703106,2,Title measures refractive indices of several crystals including AlPO4.
ri-AlPO4-1,10.1103_physrevb.35.8316,1,Title studies vibrational/phonon properties of AlPO4.
ri-AlPO4-2,10.1063_1.1703106,2,Title measures refractive indices of several crystals including AlPO4.
ri-AlPO4-2,10.1103_physrevb.35.8316,1,Title studies vibrational/phonon properties of AlPO4.
ri-AlPO4-3,10.1063_1.1703106,2,Title measures refractive indices of several crystals including AlPO4.
ri-AlPO4-3,10.1103_physrevb.35.8316,1,Title studies vibrational/phonon properties of AlPO4.
ri-Au-1,10.1016_j.ijleo.2021.166950,2,Title reports refractive index and dispersion data for gold (Au).
ri-Au-1,10.1021_cm050972b,1,Title investigates optical parametric processes in gold (Au).
ri-Au-1,10.1364_josa.65.000742,2,Title gives optical constants for Au from far infrared to x-ray.
ri-Au-1,10.1364_oe.25.025574,2,Title reports optical constants and dispersion of gold (Au).
ri-Au-1,10.3390_bios11040104,2,Title reports refractive index and dispersion data for gold (Au).
ri-Au-2,10.1016_j.ijleo.2021.166950,2,Title reports refractive index and dispersion data for gold (Au).
ri-Au-2,10.1021_cm050972b,1,Title investigates optical parametric processes in gold (Au).
ri-Au-2,10.1364_josa.65.000742,2,Title gives optical constants for Au from far infrared to x-ray.
ri-Au-2,10.1364_oe.25.025574,2,Title reports optical constants and dispersion of gold (Au).
ri-Au-2,10.3390_bios11040104,2,Title reports refractive index and dispersion data for gold (Au).
ri-Au-3,10.1016_j.ijleo.2021.166950,2,Title reports refractive index and dispersion data for gold (Au).
ri-Au-3,10.1021_cm050972b,1,Title investigates optical parametric processes in gold (Au).
ri-Au-3,10.1364_josa.65.000742,2,Title gives optical constants for Au from far infrared to x-ray.
ri-Au-3,10.1364_oe.25.025574,2,Title reports optical constants and dispersion of gold (Au).
ri-Au-3,10.3390_bios11040104,2,Title reports refractive index and dispersion data for gold (Au).
ri-BN-1,10.1002_adom.202402251,1,Title discusses related optical/physical data for BN.
ri-BN-1,10.1002_pssb.201800417,2,Title reports refractive index and dispersion data for BN.
ri-BN-2,10.1002_adom.202402251,1,Title discusses related optical/physical data for BN.
ri-BN-2,10.1002_pssb.201800417,2,Title reports refractive index and dispersion data for BN.
ri-BN-3,10.1002_adom.202402251,1,Title discusses related optical/physical data for BN.
ri-BN-3,10.1002_pssb.201800417,2,Title reports refractive index and dispersion data for BN.
ri-BaB2O4-1,10.1002_ange.201708231,0,"Title discusses CsB 4, not BaB2O4 (BBO)."
ri-BaB2O4-1,10.1002_anie.201407708,0,"Title discusses Synthesis, Structure,, not BaB2O4 (BBO)."
ri-BaB2O4-1,10.1002_anie.201612236,0,"Title discusses Rb2Al2B2O7, not BaB2O4 (BBO)."
ri-BaB2O4-1,10.1002_anie.201708231,0,"Title discusses CsB4O6F, not BaB2O4 (BBO)."
ri-BaB2O4-1,10.1002_anie.201803392,0,"Title discusses NaB4O6F, not BaB2O4 (BBO)."
ri-BaB2O4-1,10.1002_anie.202011006,0,"Title discusses Series of, not BaB2O4 (BBO)."
ri-BaB2O4-1,10.1002_anie.202112844,0,"Title discusses Achieving Short‐Wavelength, not BaB2O4 (BBO)."
ri-BaB2O4-1,10.1002_anie.202115374,1,Title studies nonlinear optical properties of BaB2O4 (BBO).
ri-BaB2O4-1,10.1002_anie.202215145,0,"Title discusses A High‐Performance, not BaB2O4 (BBO)."
ri-BaB2O4-1,10.1002_anie.202415066,0,"Title discusses Rb2ScB3O6F2, not BaB2O4 (BBO)."
ri-BaB2O4-1,10.1007_bf00323647,1,Title discusses related optical/physical data for BaB2O4 (BBO).
ri-BaB2O4-1,10.1007_bf00405687,1,Title discusses related optical/physical data for BaB2O4 (BBO).
ri-BaB2O4-1,10.1016_0030_4018_88_90157_5,1,Title investigates optical parametric processes in BaB2O4 (BBO).
ri-BaB2O4-1,10.1016_0030_4018_90_90226_j,1,Title investigates optical parametric processes in BaB2O4 (BBO).
ri-BaB2O4-1,10.1016_0030_4018_94_90300_x,1,Title discusses related optical/physical data for BaB2O4 (BBO).
ri-BaB2O4-1,10.1016_j.optcom.2003.10.046,1,Title studies nonlinear optical properties of BaB2O4 (BBO).
ri-BaB2O4-1,10.1016_j.optlastec.2022.107876,1,Title studies thermal or damage properties of BaB2O4 (BBO).
ri-BaB2O4-1,10.1016_j.optmat.2007.12.020,1,Title discusses related optical/physical data for BaB2O4 (BBO).
ri-BaB2O4-1,10.1016_s0030_4018_00_00968_8,1,Title investigates optical parametric processes in BaB2O4 (BBO).
ri-BaB2O4-1,10.1017_hpl.2020.41,0,"Title discusses High-energy hybrid, not BaB2O4 (BBO)."
ri-BaB2O4-1,10.1021_acs.cgd.6b01428,0,"Title discusses Top-Seeded Solution, not BaB2O4 (BBO)."
ri-BaB2O4-1,10.1021_acs.cgd.7b00677,0,"Title discusses C3N3O3, not BaB2O4 (BBO)."
ri-BaB2O4-1,10.1021_acs.chemmater.8b03310,0,"Title discusses Monofluorophosphates, not BaB2O4 (BBO)."
ri-BaB2O4-1,10.1021_acscentsci.2c00832,0,"Title discusses KBe2BO3F2, not BaB2O4 (BBO)."
ri-BaB2O4-1,10.1021_cg5016912,0,"Title discusses Na3Ba22F, not BaB2O4 (BBO)."
ri-BaB2O4-1,10.1021_jacs.5b06519,0,"Title discusses RbMgCO3F, not BaB2O4 (BBO)."
ri-BaB2O4-1,10.1021_jacs.8b10009,0,"Title discusses Designing an, not BaB2O4 (BBO)."
ri-BaB2O4-1,10.1021_jacs.9b08851,0,"Title discusses How To, not BaB2O4 (BBO)."
ri-BaB2O4-1,10.1063_1.100492,1,Title investigates optical parametric processes in BaB2O4 (BBO).
ri-BaB2O4-1,10.1063_1.100582,1,Title investigates optical parametric processes in BaB2O4 (BBO).
ri-BaB2O4-1,10.1063_1.101405,1,Title studies second-harmonic generation in BaB2O4 (BBO).
ri-BaB2O4-1,10.1063_1.101434,1,Title investigates optical parametric processes in BaB2O4 (BBO).
ri-BaB2O4-1,10.1063_1.102334,1,Title investigates optical parametric processes in BaB2O4 (BBO).
ri-BaB2O4-1,10.1063_1.103080,1,Title investigates optical parametric processes in BaB2O4 (BBO).
ri-BaB2O4-1,10.1063_1.104698,1,Title discusses related optical/physical data for BaB2O4 (BBO).
ri-BaB2O4-1,10.1063_1.109262,0,"Title discusses CsB3O5, not BaB2O4 (BBO)."
ri-BaB2O4-1,10.1063_1.111602,0,"Title discusses Ultraviolet generation, not BaB2O4 (BBO)."
ri-BaB2O4-1,10.1063_1.119559,1,Title studies second-harmonic generation in BaB2O4 (BBO).
ri-BaB2O4-1,10.1063_1.120458,0,"Title discusses Generation of, not BaB2O4 (BBO)."
ri-BaB2O4-1,10.1063_1.3009964,1,Title discusses related optical/physical data for BaB2O4 (BBO).
ri-BaB2O4-1,10.1063_1.3176439,1,Title studies second-harmonic generation in BaB2O4 (BBO).
ri-BaB2O4-1,10.1063_1.339536,2,Title reports refractive index and dispersion data for BaB2O4 (BBO).
ri-BaB2O4-1,10.1063_1.345765,0,"Title discusses LiB3O5, not BaB2O4 (BBO)."
ri-BaB2O4-1,10.1063_1.358814,0,"Title discusses New development, not BaB2O4 (BBO)."
ri-BaB2O4-1,10.1063_1.360499,2,Title reports refractive index and dispersion data for BaB2O4 (BBO).
ri-BaB2O4-1,10.1063_1.4827538,0,"Title discusses Wide-range cyclic, not BaB2O4 (BBO)."
ri-BaB2O4-1,10.1080_01442358909353223,0,"Title discusses NLO, not BaB2O4 (BBO)."
ri-BaB2O4-1,10.1080_10584580490458801,1,Title discusses related optical/physical data for BaB2O4 (BBO).
ri-BaB2O4-1,10.1088_1054_660x_23_3_035401,1,Title investigates optical parametric processes in BaB2O4 (BBO).
ri-BaB2O4-1,10.1103_physrevb.44.8496,0,"Title discusses Electronic structure, not BaB2O4 (BBO)."
ri-BaB2O4-1,10.1103_physrevb.57.1527,1,Title studies nonlinear optical properties of BaB2O4 (BBO).
ri-BaB2O4-1,10.1103_physrevb.57.6925,1,Title discusses related optical/physical data for BaB2O4 (BBO).
ri-BaB2O4-1,10.1103_physrevlett.81.570,0,"Title discusses Observation of, not BaB2O4 (BBO)."
ri-BaB2O4-1,10.1107_s1600576716001126,0,"Title discusses K3B6O10Br, not BaB2O4 (BBO)."
ri-BaB2O4-1,10.1109_3.511545,0,"Title discusses Infrared to, not BaB2O4 (BBO)."
ri-BaB2O4-1,10.1364_ao.27.002634,1,Title investigates optical parametric processes in BaB2O4 (BBO).
ri-BaB2O4-1,10.1364_ao.28.000202,1,Title studies nonlinear optical properties of BaB2O4 (BBO).
ri-BaB2O4-1,10.1364_ao.33.001000,0,"Title discusses Thermal conductivities, not BaB2O4 (BBO)."
ri-BaB2O4-1,10.1364_ao.37.007827,1,Title discusses related optical/physical data for BaB2O4 (BBO).
ri-BaB2O4-1,10.1364_ao.41.002470,1,Title discusses related optical/physical data for BaB2O4 (BBO).
ri-BaB2O4-1,10.1364_ao.42.002720,1,Title investigates optical parametric processes in BaB2O4 (BBO).
ri-BaB2O4-1,10.1364_josab.10.001758,1,Title investigates optical parametric processes in BaB2O4 (BBO).
ri-BaB2O4-1,10.1364_josab.10.002222,0,"Title discusses Traveling-wave parametric, not BaB2O4 (BBO)."
ri-BaB2O4-1,10.1364_josab.15.000200,1,Title studies second-harmonic generation in BaB2O4 (BBO).
ri-BaB2O4-1,10.1364_josab.18.000524,1,Title investigates optical parametric processes in BaB2O4 (BBO).
ri-BaB2O4-1,10.1364_josab.19.002505,0,"Title discusses Soliton compression, not BaB2O4 (BBO)."
ri-BaB2O4-1,10.1364_josab.6.000616,0,"Title discusses LiB3O5, not BaB2O4 (BBO)."
ri-BaB2O4-1,10.1364_oe.16.001546,0,"Title discusses Efficient 2^nd, not BaB2O4 (BBO)."
ri-BaB2O4-1,10.1364_ol.11.000797,1,Title discusses related optical/physical data for BaB2O4 (BBO).
ri-BaB2O4-1,10.1364_ol.13.000643,1,Title investigates optical parametric processes in BaB2O4 (BBO).
ri-BaB2O4-1,10.1364_ol.20.000252,0,"Title discusses l-Histidine tetrafluoroborate, not BaB2O4 (BBO)."
ri-BaB2O4-1,10.1364_ol.20.001394,1,Title investigates optical parametric processes in BaB2O4 (BBO).
ri-BaB2O4-1,10.1364_ol.20.001556,1,Title investigates optical parametric processes in BaB2O4 (BBO).
ri-BaB2O4-1,10.1364_ol.20.001562,0,"Title discusses Sub-20-fs tunable, not BaB2O4 (BBO)."
ri-BaB2O4-1,10.1364_ol.22.000245,0,"Title discusses Ultrafast optical, not BaB2O4 (BBO)."
ri-BaB2O4-1,10.1364_ol.22.001494,0,"Title discusses Sub-20-fs pulses, not BaB2O4 (BBO)."
ri-BaB2O4-1,10.1364_ol.24.000004,1,Title discusses related optical/physical data for BaB2O4 (BBO).
ri-BaB2O4-1,10.1364_ol.25.000408,0,"Title discusses Space-selective growth, not BaB2O4 (BBO)."
ri-BaB2O4-1,10.1364_ol.28.000432,0,"Title discusses YAG, not BaB2O4 (BBO)."
ri-BaB2O4-1,10.1364_ol.29.001120,0,"Title discusses Terahertz-pulse generation, not BaB2O4 (BBO)."
ri-BaB2O4-1,10.1364_ol.29.001686,0,"Title discusses Tunable sub-10-fs, not BaB2O4 (BBO)."
ri-BaB2O4-1,10.1364_ol.30.000567,0,"Title discusses Multimillijoule chirped, not BaB2O4 (BBO)."
ri-BaB2O4-1,10.1364_ol.39.000925,1,Title studies nonlinear optical properties of BaB2O4 (BBO).
ri-BaB2O4-1,10.1364_ome.3.000357,2,Title reports refractive index and dispersion data for BaB2O4 (BBO).
ri-BaB2O4-1,10.1364_ome.4.000559,1,Title discusses related optical/physical data for BaB2O4 (BBO).
ri-BaB2O4-1,10.1364_ome.8.001410,1,Title discusses related optical/physical data for BaB2O4 (BBO).
ri-BaB2O4-1,10.1364_opex.12.006002,0,"Title discusses BiB3O6, not BaB2O4 (BBO)."
ri-BaB2O4-1,openalex_W3103020704,2,Title reports refractive index and dispersion data for BaB2O4 (BBO).
ri-BaB2O4-2,10.1002_ange.201708231,0,"Title discusses CsB 4, not BaB2O4 (BBO)."
ri-BaB2O4-2,10.1002_anie.201407708,0,"Title discusses Synthesis, Structure,, not BaB2O4 (BBO)."
ri-BaB2O4-2,10.1002_anie.201612236,0,"Title discusses Rb2Al2B2O7, not BaB2O4 (BBO)."
ri-BaB2O4-2,10.1002_anie.201708231,0,"Title discusses CsB4O6F, not BaB2O4 (BBO)."
ri-BaB2O4-2,10.1002_anie.201803392,0,"Title discusses NaB4O6F, not BaB2O4 (BBO)."
ri-BaB2O4-2,10.1002_anie.202011006,0,"Title discusses Series of, not BaB2O4 (BBO)."
ri-BaB2O4-2,10.1002_anie.202112844,0,"Title discusses Achieving Short‐Wavelength, not BaB2O4 (BBO)."
ri-BaB2O4-2,10.1002_anie.202115374,1,Title studies nonlinear optical properties of BaB2O4 (BBO).
ri-BaB2O4-2,10.1002_anie.202215145,0,"Title discusses A High‐Performance, not BaB2O4 (BBO)."
ri-BaB2O4-2,10.1002_anie.202415066,0,"Title discusses Rb2ScB3O6F2, not BaB2O4 (BBO)."
ri-BaB2O4-2,10.1007_bf00323647,1,Title discusses related optical/physical data for BaB2O4 (BBO).
ri-BaB2O4-2,10.1007_bf00405687,1,Title discusses related optical/physical data for BaB2O4 (BBO).
ri-BaB2O4-2,10.1016_0030_4018_88_90157_5,1,Title investigates optical parametric processes in BaB2O4 (BBO).
ri-BaB2O4-2,10.1016_0030_4018_90_90226_j,1,Title investigates optical parametric processes in BaB2O4 (BBO).
ri-BaB2O4-2,10.1016_0030_4018_94_90300_x,1,Title discusses related optical/physical data for BaB2O4 (BBO).
ri-BaB2O4-2,10.1016_j.optcom.2003.10.046,1,Title studies nonlinear optical properties of BaB2O4 (BBO).
ri-BaB2O4-2,10.1016_j.optlastec.2022.107876,1,Title studies thermal or damage properties of BaB2O4 (BBO).
ri-BaB2O4-2,10.1016_j.optmat.2007.12.020,1,Title discusses related optical/physical data for BaB2O4 (BBO).
ri-BaB2O4-2,10.1016_s0030_4018_00_00968_8,1,Title investigates optical parametric processes in BaB2O4 (BBO).
ri-BaB2O4-2,10.1017_hpl.2020.41,0,"Title discusses High-energy hybrid, not BaB2O4 (BBO)."
ri-BaB2O4-2,10.1021_acs.cgd.6b01428,0,"Title discusses Top-Seeded Solution, not BaB2O4 (BBO)."
ri-BaB2O4-2,10.1021_acs.cgd.7b00677,0,"Title discusses C3N3O3, not BaB2O4 (BBO)."
ri-BaB2O4-2,10.1021_acs.chemmater.8b03310,0,"Title discusses Monofluorophosphates, not BaB2O4 (BBO)."
ri-BaB2O4-2,10.1021_acscentsci.2c00832,0,"Title discusses KBe2BO3F2, not BaB2O4 (BBO)."
ri-BaB2O4-2,10.1021_cg5016912,0,"Title discusses Na3Ba22F, not BaB2O4 (BBO)."
ri-BaB2O4-2,10.1021_jacs.5b06519,0,"Title discusses RbMgCO3F, not BaB2O4 (BBO)."
ri-BaB2O4-2,10.1021_jacs.8b10009,0,"Title discusses Designing an, not BaB2O4 (BBO)."
ri-BaB2O4-2,10.1021_jacs.9b08851,0,"Title discusses How To, not BaB2O4 (BBO)."
ri-BaB2O4-2,10.1063_1.100492,1,Title investigates optical parametric processes in BaB2O4 (BBO).
ri-BaB2O4-2,10.1063_1.100582,1,Title investigates optical parametric processes in BaB2O4 (BBO).
ri-BaB2O4-2,10.1063_1.101405,1,Title studies second-harmonic generation in BaB2O4 (BBO).
ri-BaB2O4-2,10.1063_1.101434,1,Title investigates optical parametric processes in BaB2O4 (BBO).
ri-BaB2O4-2,10.1063_1.102334,1,Title investigates optical parametric processes in BaB2O4 (BBO).
ri-BaB2O4-2,10.1063_1.103080,1,Title investigates optical parametric processes in BaB2O4 (BBO).
ri-BaB2O4-2,10.1063_1.104698,1,Title discusses related optical/physical data for BaB2O4 (BBO).
ri-BaB2O4-2,10.1063_1.109262,0,"Title discusses CsB3O5, not BaB2O4 (BBO)."
ri-BaB2O4-2,10.1063_1.111602,0,"Title discusses Ultraviolet generation, not BaB2O4 (BBO)."
ri-BaB2O4-2,10.1063_1.119559,1,Title studies second-harmonic generation in BaB2O4 (BBO).
ri-BaB2O4-2,10.1063_1.120458,0,"Title discusses Generation of, not BaB2O4 (BBO)."
ri-BaB2O4-2,10.1063_1.3009964,1,Title discusses related optical/physical data for BaB2O4 (BBO).
ri-BaB2O4-2,10.1063_1.3176439,1,Title studies second-harmonic generation in BaB2O4 (BBO).
ri-BaB2O4-2,10.1063_1.339536,2,Title reports refractive index and dispersion data for BaB2O4 (BBO).
ri-BaB2O4-2,10.1063_1.345765,0,"Title discusses LiB3O5, not BaB2O4 (BBO)."
ri-BaB2O4-2,10.1063_1.358814,0,"Title discusses New development, not BaB2O4 (BBO)."
ri-BaB2O4-2,10.1063_1.360499,2,Title reports refractive index and dispersion data for BaB2O4 (BBO).
ri-BaB2O4-2,10.1063_1.4827538,0,"Title discusses Wide-range cyclic, not BaB2O4 (BBO)."
ri-BaB2O4-2,10.1080_01442358909353223,0,"Title discusses NLO, not BaB2O4 (BBO)."
ri-BaB2O4-2,10.1080_10584580490458801,1,Title discusses related optical/physical data for BaB2O4 (BBO).
ri-BaB2O4-2,10.1088_1054_660x_23_3_035401,1,Title investigates optical parametric processes in BaB2O4 (BBO).
ri-BaB2O4-2,10.1103_physrevb.44.8496,0,"Title discusses Electronic structure, not BaB2O4 (BBO)."
ri-BaB2O4-2,10.1103_physrevb.57.1527,1,Title studies nonlinear optical properties of BaB2O4 (BBO).
ri-BaB2O4-2,10.1103_physrevb.57.6925,1,Title discusses related optical/physical data for BaB2O4 (BBO).
ri-BaB2O4-2,10.1103_physrevlett.81.570,0,"Title discusses Observation of, not BaB2O4 (BBO)."
ri-BaB2O4-2,10.1107_s1600576716001126,0,"Title discusses K3B6O10Br, not BaB2O4 (BBO)."
ri-BaB2O4-2,10.1109_3.511545,0,"Title discusses Infrared to, not BaB2O4 (BBO)."
ri-BaB2O4-2,10.1364_ao.27.002634,1,Title investigates optical parametric processes in BaB2O4 (BBO).
ri-BaB2O4-2,10.1364_ao.28.000202,1,Title studies nonlinear optical properties of BaB2O4 (BBO).
ri-BaB2O4-2,10.1364_ao.33.001000,0,"Title discusses Thermal conductivities, not BaB2O4 (BBO)."
ri-BaB2O4-2,10.1364_ao.37.007827,1,Title discusses related optical/physical data for BaB2O4 (BBO).
ri-BaB2O4-2,10.1364_ao.41.002470,1,Title discusses related optical/physical data for BaB2O4 (BBO).
ri-BaB2O4-2,10.1364_ao.42.002720,1,Title investigates optical parametric processes in BaB2O4 (BBO).
ri-BaB2O4-2,10.1364_josab.10.001758,1,Title investigates optical parametric processes in BaB2O4 (BBO).
ri-BaB2O4-2,10.1364_josab.10.002222,0,"Title discusses Traveling-wave parametric, not BaB2O4 (BBO)."
ri-BaB2O4-2,10.1364_josab.15.000200,1,Title studies second-harmonic generation in BaB2O4 (BBO).
ri-BaB2O4-2,10.1364_josab.18.000524,1,Title investigates optical parametric processes in BaB2O4 (BBO).
ri-BaB2O4-2,10.1364_josab.19.002505,0,"Title discusses Soliton compression, not BaB2O4 (BBO)."
ri-BaB2O4-2,10.1364_josab.6.000616,0,"Title discusses LiB3O5, not BaB2O4 (BBO)."
ri-BaB2O4-2,10.1364_oe.16.001546,0,"Title discusses Efficient 2^nd, not BaB2O4 (BBO)."
ri-BaB2O4-2,10.1364_ol.11.000797,1,Title discusses related optical/physical data for BaB2O4 (BBO).
ri-BaB2O4-2,10.1364_ol.13.000643,1,Title investigates optical parametric processes in BaB2O4 (BBO).
ri-BaB2O4-2,10.1364_ol.20.000252,0,"Title discusses l-Histidine tetrafluoroborate, not BaB2O4 (BBO)."
ri-BaB2O4-2,10.1364_ol.20.001394,1,Title investigates optical parametric processes in BaB2O4 (BBO).
ri-BaB2O4-2,10.1364_ol.20.001556,1,Title investigates optical parametric processes in BaB2O4 (BBO).
ri-BaB2O4-2,10.1364_ol.20.001562,0,"Title discusses Sub-20-fs tunable, not BaB2O4 (BBO)."
ri-BaB2O4-2,10.1364_ol.22.000245,0,"Title discusses Ultrafast optical, not BaB2O4 (BBO)."
ri-BaB2O4-2,10.1364_ol.22.001494,0,"Title discusses Sub-20-fs pulses, not BaB2O4 (BBO)."
ri-BaB2O4-2,10.1364_ol.24.000004,1,Title discusses related optical/physical data for BaB2O4 (BBO).
ri-BaB2O4-2,10.1364_ol.25.000408,0,"Title discusses Space-selective growth, not BaB2O4 (BBO)."
ri-BaB2O4-2,10.1364_ol.28.000432,0,"Title discusses YAG, not BaB2O4 (BBO)."
ri-BaB2O4-2,10.1364_ol.29.001120,0,"Title discusses Terahertz-pulse generation, not BaB2O4 (BBO)."
ri-BaB2O4-2,10.1364_ol.29.001686,0,"Title discusses Tunable sub-10-fs, not BaB2O4 (BBO)."
ri-BaB2O4-2,10.1364_ol.30.000567,0,"Title discusses Multimillijoule chirped, not BaB2O4 (BBO)."
ri-BaB2O4-2,10.1364_ol.39.000925,1,Title studies nonlinear optical properties of BaB2O4 (BBO).
ri-BaB2O4-2,10.1364_ome.3.000357,2,Title reports refractive index and dispersion data for BaB2O4 (BBO).
ri-BaB2O4-2,10.1364_ome.4.000559,1,Title discusses related optical/physical data for BaB2O4 (BBO).
ri-BaB2O4-2,10.1364_ome.8.001410,1,Title discusses related optical/physical data for BaB2O4 (BBO).
ri-BaB2O4-2,10.1364_opex.12.006002,0,"Title discusses BiB3O6, not BaB2O4 (BBO)."
ri-BaB2O4-2,openalex_W3103020704,2,Title reports refractive index and dispersion data for BaB2O4 (BBO).
ri-BaB2O4-3,10.1002_ange.201708231,0,"Title discusses CsB 4, not BaB2O4 (BBO)."
ri-BaB2O4-3,10.1002_anie.201407708,0,"Title discusses Synthesis, Structure,, not BaB2O4 (BBO)."
ri-BaB2O4-3,10.1002_anie.201612236,0,"Title discusses Rb2Al2B2O7, not BaB2O4 (BBO)."
ri-BaB2O4-3,10.1002_anie.201708231,0,"Title discusses CsB4O6F, not BaB2O4 (BBO)."
ri-BaB2O4-3,10.1002_anie.201803392,0,"Title discusses NaB4O6F, not BaB2O4 (BBO)."
ri-BaB2O4-3,10.1002_anie.202011006,0,"Title discusses Series of, not BaB2O4 (BBO)."
ri-BaB2O4-3,10.1002_anie.202112844,0,"Title discusses Achieving Short‐Wavelength, not BaB2O4 (BBO)."
ri-BaB2O4-3,10.1002_anie.202115374,1,Title studies nonlinear optical properties of BaB2O4 (BBO).
ri-BaB2O4-3,10.1002_anie.202215145,0,"Title discusses A High‐Performance, not BaB2O4 (BBO)."
ri-BaB2O4-3,10.1002_anie.202415066,0,"Title discusses Rb2ScB3O6F2, not BaB2O4 (BBO)."
ri-BaB2O4-3,10.1007_bf00323647,1,Title discusses related optical/physical data for BaB2O4 (BBO).
ri-BaB2O4-3,10.1007_bf00405687,1,Title discusses related optical/physical data for BaB2O4 (BBO).
ri-BaB2O4-3,10.1016_0030_4018_88_90157_5,1,Title investigates optical parametric processes in BaB2O4 (BBO).
ri-BaB2O4-3,10.1016_0030_4018_90_90226_j,1,Title investigates optical parametric processes in BaB2O4 (BBO).
ri-BaB2O4-3,10.1016_0030_4018_94_90300_x,1,Title discusses related optical/physical data for BaB2O4 (BBO).
ri-BaB2O4-3,10.1016_j.optcom.2003.10.046,1,Title studies nonlinear optical properties of BaB2O4 (BBO).
ri-BaB2O4-3,10.1016_j.optlastec.2022.107876,1,Title studies thermal or damage properties of BaB2O4 (BBO).
ri-BaB2O4-3,10.1016_j.optmat.2007.12.020,1,Title discusses related optical/physical data for BaB2O4 (BBO).
ri-BaB2O4-3,10.1016_s0030_4018_00_00968_8,1,Title investigates optical parametric processes in BaB2O4 (BBO).
ri-BaB2O4-3,10.1017_hpl.2020.41,0,"Title discusses High-energy hybrid, not BaB2O4 (BBO)."
ri-BaB2O4-3,10.1021_acs.cgd.6b01428,0,"Title discusses Top-Seeded Solution, not BaB2O4 (BBO)."
ri-BaB2O4-3,10.1021_acs.cgd.7b00677,0,"Title discusses C3N3O3, not BaB2O4 (BBO)."
ri-BaB2O4-3,10.1021_acs.chemmater.8b03310,0,"Title discusses Monofluorophosphates, not BaB2O4 (BBO)."
ri-BaB2O4-3,10.1021_acscentsci.2c00832,0,"Title discusses KBe2BO3F2, not BaB2O4 (BBO)."
ri-BaB2O4-3,10.1021_cg5016912,0,"Title discusses Na3Ba22F, not BaB2O4 (BBO)."
ri-BaB2O4-3,10.1021_jacs.5b06519,0,"Title discusses RbMgCO3F, not BaB2O4 (BBO)."
ri-BaB2O4-3,10.1021_jacs.8b10009,0,"Title discusses Designing an, not BaB2O4 (BBO)."
ri-BaB2O4-3,10.1021_jacs.9b08851,0,"Title discusses How To, not BaB2O4 (BBO)."
ri-BaB2O4-3,10.1063_1.100492,1,Title investigates optical parametric processes in BaB2O4 (BBO).
ri-BaB2O4-3,10.1063_1.100582,1,Title investigates optical parametric processes in BaB2O4 (BBO).
ri-BaB2O4-3,10.1063_1.101405,1,Title studies second-harmonic generation in BaB2O4 (BBO).
ri-BaB2O4-3,10.1063_1.101434,1,Title investigates optical parametric processes in BaB2O4 (BBO).
ri-BaB2O4-3,10.1063_1.102334,1,Title investigates optical parametric processes in BaB2O4 (BBO).
ri-BaB2O4-3,10.1063_1.103080,1,Title investigates optical parametric processes in BaB2O4 (BBO).
ri-BaB2O4-3,10.1063_1.104698,1,Title discusses related optical/physical data for BaB2O4 (BBO).
ri-BaB2O4-3,10.1063_1.109262,0,"Title discusses CsB3O5, not BaB2O4 (BBO)."
ri-BaB2O4-3,10.1063_1.111602,0,"Title discusses Ultraviolet generation, not BaB2O4 (BBO)."
ri-BaB2O4-3,10.1063_1.119559,1,Title studies second-harmonic generation in BaB2O4 (BBO).
ri-BaB2O4-3,10.1063_1.120458,0,"Title discusses Generation of, not BaB2O4 (BBO)."
ri-BaB2O4-3,10.1063_1.3009964,1,Title discusses related optical/physical data for BaB2O4 (BBO).
ri-BaB2O4-3,10.1063_1.3176439,1,Title studies second-harmonic generation in BaB2O4 (BBO).
ri-BaB2O4-3,10.1063_1.339536,2,Title reports refractive index and dispersion data for BaB2O4 (BBO).
ri-BaB2O4-3,10.1063_1.345765,0,"Title discusses LiB3O5, not BaB2O4 (BBO)."
ri-BaB2O4-3,10.1063_1.358814,0,"Title discusses New development, not BaB2O4 (BBO)."
ri-BaB2O4-3,10.1063_1.360499,2,Title reports refractive index and dispersion data for BaB2O4 (BBO).
ri-BaB2O4-3,10.1063_1.4827538,0,"Title discusses Wide-range cyclic, not BaB2O4 (BBO)."
ri-BaB2O4-3,10.1080_01442358909353223,0,"Title discusses NLO, not BaB2O4 (BBO)."
ri-BaB2O4-3,10.1080_10584580490458801,1,Title discusses related optical/physical data for BaB2O4 (BBO).
ri-BaB2O4-3,10.1088_1054_660x_23_3_035401,1,Title investigates optical parametric processes in BaB2O4 (BBO).
ri-BaB2O4-3,10.1103_physrevb.44.8496,0,"Title discusses Electronic structure, not BaB2O4 (BBO)."
ri-BaB2O4-3,10.1103_physrevb.57.1527,1,Title studies nonlinear optical properties of BaB2O4 (BBO).
ri-BaB2O4-3,10.1103_physrevb.57.6925,1,Title discusses related optical/physical data for BaB2O4 (BBO).
ri-BaB2O4-3,10.1103_physrevlett.81.570,0,"Title discusses Observation of, not BaB2O4 (BBO)."
ri-BaB2O4-3,10.1107_s1600576716001126,0,"Title discusses K3B6O10Br, not BaB2O4 (BBO)."
ri-BaB2O4-3,10.1109_3.511545,0,"Title discusses Infrared to, not BaB2O4 (BBO)."
ri-BaB2O4-3,10.1364_ao.27.002634,1,Title investigates optical parametric processes in BaB2O4 (BBO).
ri-BaB2O4-3,10.1364_ao.28.000202,1,Title studies nonlinear optical properties of BaB2O4 (BBO).
ri-BaB2O4-3,10.1364_ao.33.001000,0,"Title discusses Thermal conductivities, not BaB2O4 (BBO)."
ri-BaB2O4-3,10.1364_ao.37.007827,1,Title discusses related optical/physical data for BaB2O4 (BBO).
ri-BaB2O4-3,10.1364_ao.41.002470,1,Title discusses related optical/physical data for BaB2O4 (BBO).
ri-BaB2O4-3,10.1364_ao.42.002720,1,Title investigates optical parametric processes in BaB2O4 (BBO).
ri-BaB2O4-3,10.1364_josab.10.001758,1,Title investigates optical parametric processes in BaB2O4 (BBO).
ri-BaB2O4-3,10.1364_josab.10.002222,0,"Title discusses Traveling-wave parametric, not BaB2O4 (BBO)."
ri-BaB2O4-3,10.1364_josab.15.000200,1,Title studies second-harmonic generation in BaB2O4 (BBO).
ri-BaB2O4-3,10.1364_josab.18.000524,1,Title investigates optical parametric processes in BaB2O4 (BBO).
ri-BaB2O4-3,10.1364_josab.19.002505,0,"Title discusses Soliton compression, not BaB2O4 (BBO)."
ri-BaB2O4-3,10.1364_josab.6.000616,0,"Title discusses LiB3O5, not BaB2O4 (BBO)."
ri-BaB2O4-3,10.1364_oe.16.001546,0,"Title discusses Efficient 2^nd, not BaB2O4 (BBO)."
ri-BaB2O4-3,10.1364_ol.11.000797,1,Title discusses related optical/physical data for BaB2O4 (BBO).
ri-BaB2O4-3,10.1364_ol.13.000643,1,Title investigates optical parametric processes in BaB2O4 (BBO).
ri-BaB2O4-3,10.1364_ol.20.000252,0,"Title discusses l-Histidine tetrafluoroborate, not BaB2O4 (BBO)."
ri-BaB2O4-3,10.1364_ol.20.001394,1,Title investigates optical parametric processes in BaB2O4 (BBO).
ri-BaB2O4-3,10.1364_ol.20.001556,1,Title investigates optical parametric processes in BaB2O4 (BBO).
ri-BaB2O4-3,10.1364_ol.20.001562,0,"Title discusses Sub-20-fs tunable, not BaB2O4 (BBO)."
ri-BaB2O4-3,10.1364_ol.22.000245,0,"Title discusses Ultrafast optical, not BaB2O4 (BBO)."
ri-BaB2O4-3,10.1364_ol.22.001494,0,"Title discusses Sub-20-fs pulses, not BaB2O4 (BBO)."
ri-BaB2O4-3,10.1364_ol.24.000004,1,Title discusses related optical/physical data for BaB2O4 (BBO).
ri-BaB2O4-3,10.1364_ol.25.000408,0,"Title discusses Space-selective growth, not BaB2O4 (BBO)."
ri-BaB2O4-3,10.1364_ol.28.000432,0,"Title discusses YAG, not BaB2O4 (BBO)."
ri-BaB2O4-3,10.1364_ol.29.001120,0,"Title discusses Terahertz-pulse generation, not BaB2O4 (BBO)."
ri-BaB2O4-3,10.1364_ol.29.001686,0,"Title discusses Tunable sub-10-fs, not BaB2O4 (BBO)."
ri-BaB2O4-3,10.1364_ol.30.000567,0,"Title discusses Multimillijoule chirped, not BaB2O4 (BBO)."
ri-BaB2O4-3,10.1364_ol.39.000925,1,Title studies nonlinear optical properties of BaB2O4 (BBO).
ri-BaB2O4-3,10.1364_ome.3.000357,2,Title reports refractive index and dispersion data for BaB2O4 (BBO).
ri-BaB2O4-3,10.1364_ome.4.000559,1,Title discusses related optical/physical data for BaB2O4 (BBO).
ri-BaB2O4-3,10.1364_ome.8.001410,1,Title discusses related optical/physical data for BaB2O4 (BBO).
ri-BaB2O4-3,10.1364_opex.12.006002,0,"Title discusses BiB3O6, not BaB2O4 (BBO)."
ri-BaB2O4-3,openalex_W3103020704,2,Title reports refractive index and dispersion data for BaB2O4 (BBO).
ri-BaF2-1,10.1002_adfm.200800954,0,"Title discusses P3HT, not BaF2."
ri-BaF2-1,10.1002_pssb.19670210131,0,"Title discusses Calculations of, not BaF2."
ri-BaF2-1,10.1002_sici_1099_159x_199907_08_7_4_245_aid_pip255_3.0.co_2_3,0,"Title discusses PECVD, not BaF2."
ri-BaF2-1,10.1016_0022_3697_66_90232_0,1,Title discusses related optical/physical data for BaF2.
ri-BaF2-1,10.1016_j.apsusc.2016.09.149,0,"Title discusses Universal dispersion, not BaF2."
ri-BaF2-1,10.1016_j.ijleo.2021.166950,0,"Title discusses High sensitivity, not BaF2."
ri-BaF2-1,10.1016_j.optmat.2011.05.035,0,"Title discusses YAG, not BaF2."
ri-BaF2-1,10.1016_j.optmat.2017.06.052,2,Title reports refractive index and dispersion data for BaF2.
ri-BaF2-1,10.1016_j.solener.2021.01.012,0,"Title discusses Broadband graded, not BaF2."
ri-BaF2-1,10.1021_acs.chemmater.6b01111,0,"Title discusses A Deep-Ultraviolet, not BaF2."
ri-BaF2-1,10.1021_cm8010106,0,"Title discusses CSD, not BaF2."
ri-BaF2-1,10.1038_ncomms2335,0,"Title discusses Mid-infrared optical, not BaF2."
ri-BaF2-1,10.1063_1.1327273,0,"Title discusses Application of, not BaF2."
ri-BaF2-1,10.1063_1.1640784,0,"Title discusses Femtosecond-laser-encoded distributed-feedback, not BaF2."
ri-BaF2-1,10.1063_1.3159673,0,"Title discusses Energy decomposition, not BaF2."
ri-BaF2-1,10.1063_1.3599884,0,"Title discusses Refractive index, not BaF2."
ri-BaF2-1,10.1063_1.451131,0,"Title discusses The determination, not BaF2."
ri-BaF2-1,10.1063_1.4890714,0,"Title discusses Determining the, not BaF2."
ri-BaF2-1,10.1063_1.555616,2,Title gives refractive index of alkaline earth halides (BaF2).
ri-BaF2-1,10.1063_1.89561,0,"Title discusses Nonlinear refractive, not BaF2."
ri-BaF2-1,10.1103_physrev.127.1950,2,Title reports refractive index and dispersion data for BaF2.
ri-BaF2-1,10.1103_physrev.130.2193,0,"Title discusses Infrared Absorption, not BaF2."
ri-BaF2-1,10.1103_physrev.144.495,0,"Title discusses Optical Modes, not BaF2."
ri-BaF2-1,10.1103_physrev.146.526,0,"Title discusses Temperature Dependence, not BaF2."
ri-BaF2-1,10.1103_physrev.150.573,0,"Title discusses Optical Modes, not BaF2."
ri-BaF2-1,10.1103_physrev.154.817,0,"Title discusses Optical Properties, not BaF2."
ri-BaF2-1,10.1103_physrev.157.709,2,Title reports refractive index and dispersion data for BaF2.
ri-BaF2-1,10.1103_physreva.84.011804,0,"Title discusses Thermal-noise-limited crystalline, not BaF2."
ri-BaF2-1,10.1103_physrevb.27.3662,0,"Title discusses High-resolution helium, not BaF2."
ri-BaF2-1,10.1103_physrevb.39.3337,0,"Title discusses nonlinear index of crystals, without BaF2 dispersion formula."
ri-BaF2-1,10.1103_physrevb.64.241102,1,Title discusses related optical/physical data for BaF2.
ri-BaF2-1,10.1103_physrevlett.113.123901,0,"Title discusses Mode Spectrum, not BaF2."
ri-BaF2-1,10.1103_physrevlett.46.437,0,"Title discusses Measurement of, not BaF2."
ri-BaF2-1,10.1109_jphot.2013.2277882,0,"Title discusses Azimuthal Turing, not BaF2."
ri-BaF2-1,10.1116_1.1315743,0,"Title discusses Porosity of, not BaF2."
ri-BaF2-1,10.1117_1.2965541,0,"Title discusses Optical properties, not BaF2."
ri-BaF2-1,10.1117_12.201666,2,Title reports refractive index and dispersion data for BaF2.
ri-BaF2-1,10.1117_12.2190104,0,"Title discusses Dispersion model, not BaF2."
ri-BaF2-1,10.1364_ao.2.001103,0,"Title discusses A Redetermination, not BaF2."
ri-BaF2-1,10.1364_ao.22.002419,2,Title reports refractive index and dispersion data for BaF2.
ri-BaF2-1,10.1364_ao.22.003191,0,"Title discusses Determination of, not BaF2."
ri-BaF2-1,10.1364_ao.23.001980,0,"Title discusses Refractive properties, not BaF2."
ri-BaF2-1,10.1364_ao.27.002549,0,"Title discusses Determination of, not BaF2."
ri-BaF2-1,10.1364_ao.37.005964,0,"Title discusses Absolute refractive, not BaF2."
ri-BaF2-1,10.1364_ao.41.002508,1,Title studies thermal or damage properties of BaF2.
ri-BaF2-1,10.1364_ao.41.003196,0,"Title discusses Ultraviolet optical, not BaF2."
ri-BaF2-1,10.1364_ao.41.005275,0,"Title discusses High-accuracy measurements, not BaF2."
ri-BaF2-1,10.1364_ao.57.001260,0,"Title discusses Temperature-dependent optical, not BaF2."
ri-BaF2-1,10.1364_josa.53.001286,0,"Title discusses Temperature Dependence, not BaF2."
ri-BaF2-1,10.1364_josa.54.000628,2,Title reports refractive properties of BaF2.
ri-BaF2-1,10.1364_josa.73.001062,0,"Title discusses Vacuum-ultraviolet refractive, not BaF2."
ri-BaF2-1,10.1364_josab.34.000715,0,"Title discusses High-order dispersion, not BaF2."
ri-BaF2-1,10.1364_oe.16.005516,0,"Title discusses Simultaneous measurement, not BaF2."
ri-BaF2-1,10.1364_oe.22.030934,0,"Title discusses High-Q MgF2, not BaF2."
ri-BaF2-1,10.1364_oe.434238,0,"Title discusses Post-compression of, not BaF2."
ri-BaF2-1,10.1364_ol.29.002767,0,"Title discusses High-power diode-pumped Yb^3+, not BaF2."
ri-BaF2-1,10.1364_ol.36.002290,0,"Title discusses Generation of, not BaF2."
ri-BaF2-1,10.1364_ome.496246,1,Title discusses related optical/physical data for BaF2.
ri-BaF2-1,10.1364_ome.7.000989,0,"Title discusses Self-consistent optical, not BaF2."
ri-BaF2-1,10.3390_bios11040104,0,"Title discusses Highly Sensitive, not BaF2."
ri-BaF2-1,10.6028_jres.067a.040,0,"Title discusses Measurement of, not BaF2."
ri-BaF2-1,10.6028_jres.069a.033,0,"Title discusses Effect of, not BaF2."
ri-BaF2-2,10.1002_adfm.200800954,0,"Title discusses P3HT, not BaF2."
ri-BaF2-2,10.1002_pssb.19670210131,0,"Title discusses Calculations of, not BaF2."
ri-BaF2-2,10.1002_sici_1099_159x_199907_08_7_4_245_aid_pip255_3.0.co_2_3,0,"Title discusses PECVD, not BaF2."
ri-BaF2-2,10.1016_0022_3697_66_90232_0,1,Title discusses related optical/physical data for BaF2.
ri-BaF2-2,10.1016_j.apsusc.2016.09.149,0,"Title discusses Universal dispersion, not BaF2."
ri-BaF2-2,10.1016_j.ijleo.2021.166950,0,"Title discusses High sensitivity, not BaF2."
ri-BaF2-2,10.1016_j.optmat.2011.05.035,0,"Title discusses YAG, not BaF2."
ri-BaF2-2,10.1016_j.optmat.2017.06.052,2,Title reports refractive index and dispersion data for BaF2.
ri-BaF2-2,10.1016_j.solener.2021.01.012,0,"Title discusses Broadband graded, not BaF2."
ri-BaF2-2,10.1021_acs.chemmater.6b01111,0,"Title discusses A Deep-Ultraviolet, not BaF2."
ri-BaF2-2,10.1021_cm8010106,0,"Title discusses CSD, not BaF2."
ri-BaF2-2,10.1038_ncomms2335,0,"Title discusses Mid-infrared optical, not BaF2."
ri-BaF2-2,10.1063_1.1327273,0,"Title discusses Application of, not BaF2."
ri-BaF2-2,10.1063_1.1640784,0,"Title discusses Femtosecond-laser-encoded distributed-feedback, not BaF2."
ri-BaF2-2,10.1063_1.3159673,0,"Title discusses Energy decomposition, not BaF2."
ri-BaF2-2,10.1063_1.3599884,0,"Title discusses Refractive index, not BaF2."
ri-BaF2-2,10.1063_1.451131,0,"Title discusses The determination, not BaF2."
ri-BaF2-2,10.1063_1.4890714,0,"Title discusses Determining the, not BaF2."
ri-BaF2-2,10.1063_1.555616,2,Title gives refractive index of alkaline earth halides (BaF2).
ri-BaF2-2,10.1063_1.89561,0,"Title discusses Nonlinear refractive, not BaF2."
ri-BaF2-2,10.1103_physrev.127.1950,2,Title reports refractive index and dispersion data for BaF2.
ri-BaF2-2,10.1103_physrev.130.2193,0,"Title discusses Infrared Absorption, not BaF2."
ri-BaF2-2,10.1103_physrev.144.495,0,"Title discusses Optical Modes, not BaF2."
ri-BaF2-2,10.1103_physrev.146.526,0,"Title discusses Temperature Dependence, not BaF2."
ri-BaF2-2,10.1103_physrev.150.573,0,"Title discusses Optical Modes, not BaF2."
ri-BaF2-2,10.1103_physrev.154.817,0,"Title discusses Optical Properties, not BaF2."
ri-BaF2-2,10.1103_physrev.157.709,2,Title reports refractive index and dispersion data for BaF2.
ri-BaF2-2,10.1103_physreva.84.011804,0,"Title discusses Thermal-noise-limited crystalline, not BaF2."
ri-BaF2-2,10.1103_physrevb.27.3662,0,"Title discusses High-resolution helium, not BaF2."
ri-BaF2-2,10.1103_physrevb.39.3337,0,"Title discusses nonlinear index of crystals, without BaF2 dispersion formula."
ri-BaF2-2,10.1103_physrevb.64.241102,1,Title discusses related optical/physical data for BaF2.
ri-BaF2-2,10.1103_physrevlett.113.123901,0,"Title discusses Mode Spectrum, not BaF2."
ri-BaF2-2,10.1103_physrevlett.46.437,0,"Title discusses Measurement of, not BaF2."
ri-BaF2-2,10.1109_jphot.2013.2277882,0,"Title discusses Azimuthal Turing, not BaF2."
ri-BaF2-2,10.1116_1.1315743,0,"Title discusses Porosity of, not BaF2."
ri-BaF2-2,10.1117_1.2965541,0,"Title discusses Optical properties, not BaF2."
ri-BaF2-2,10.1117_12.201666,2,Title reports refractive index and dispersion data for BaF2.
ri-BaF2-2,10.1117_12.2190104,0,"Title discusses Dispersion model, not BaF2."
ri-BaF2-2,10.1364_ao.2.001103,0,"Title discusses A Redetermination, not BaF2."
ri-BaF2-2,10.1364_ao.22.002419,2,Title reports refractive index and dispersion data for BaF2.
ri-BaF2-2,10.1364_ao.22.003191,0,"Title discusses Determination of, not BaF2."
ri-BaF2-2,10.1364_ao.23.001980,0,"Title discusses Refractive properties, not BaF2."
ri-BaF2-2,10.1364_ao.27.002549,0,"Title discusses Determination of, not BaF2."
ri-BaF2-2,10.1364_ao.37.005964,0,"Title discusses Absolute refractive, not BaF2."
ri-BaF2-2,10.1364_ao.41.002508,1,Title studies thermal or damage properties of BaF2.
ri-BaF2-2,10.1364_ao.41.003196,0,"Title discusses Ultraviolet optical, not BaF2."
ri-BaF2-2,10.1364_ao.41.005275,0,"Title discusses High-accuracy measurements, not BaF2."
ri-BaF2-2,10.1364_ao.57.001260,0,"Title discusses Temperature-dependent optical, not BaF2."
ri-BaF2-2,10.1364_josa.53.001286,0,"Title discusses Temperature Dependence, not BaF2."
ri-BaF2-2,10.1364_josa.54.000628,2,Title reports refractive properties of BaF2.
ri-BaF2-2,10.1364_josa.73.001062,0,"Title discusses Vacuum-ultraviolet refractive, not BaF2."
ri-BaF2-2,10.1364_josab.34.000715,0,"Title discusses High-order dispersion, not BaF2."
ri-BaF2-2,10.1364_oe.16.005516,0,"Title discusses Simultaneous measurement, not BaF2."
ri-BaF2-2,10.1364_oe.22.030934,0,"Title discusses High-Q MgF2, not BaF2."
ri-BaF2-2,10.1364_oe.434238,0,"Title discusses Post-compression of, not BaF2."
ri-BaF2-2,10.1364_ol.29.002767,0,"Title discusses High-power diode-pumped Yb^3+, not BaF2."
ri-BaF2-2,10.1364_ol.36.002290,0,"Title discusses Generation of, not BaF2."
ri-BaF2-2,10.1364_ome.496246,1,Title discusses related optical/physical data for BaF2.
ri-BaF2-2,10.1364_ome.7.000989,0,"Title discusses Self-consistent optical, not BaF2."
ri-BaF2-2,10.3390_bios11040104,0,"Title discusses Highly Sensitive, not BaF2."
ri-BaF2-2,10.6028_jres.067a.040,0,"Title discusses Measurement of, not BaF2."
ri-BaF2-2,10.6028_jres.069a.033,0,"Title discusses Effect of, not BaF2."
ri-BaF2-3,10.1002_adfm.200800954,0,"Title discusses P3HT, not BaF2."
ri-BaF2-3,10.1002_pssb.19670210131,0,"Title discusses Calculations of, not BaF2."
ri-BaF2-3,10.1002_sici_1099_159x_199907_08_7_4_245_aid_pip255_3.0.co_2_3,0,"Title discusses PECVD, not BaF2."
ri-BaF2-3,10.1016_0022_3697_66_90232_0,1,Title discusses related optical/physical data for BaF2.
ri-BaF2-3,10.1016_j.apsusc.2016.09.149,0,"Title discusses Universal dispersion, not BaF2."
ri-BaF2-3,10.1016_j.ijleo.2021.166950,0,"Title discusses High sensitivity, not BaF2."
ri-BaF2-3,10.1016_j.optmat.2011.05.035,0,"Title discusses YAG, not BaF2."
ri-BaF2-3,10.1016_j.optmat.2017.06.052,2,Title reports refractive index and dispersion data for BaF2.
ri-BaF2-3,10.1016_j.solener.2021.01.012,0,"Title discusses Broadband graded, not BaF2."
ri-BaF2-3,10.1021_acs.chemmater.6b01111,0,"Title discusses A Deep-Ultraviolet, not BaF2."
ri-BaF2-3,10.1021_cm8010106,0,"Title discusses CSD, not BaF2."
ri-BaF2-3,10.1038_ncomms2335,0,"Title discusses Mid-infrared optical, not BaF2."
ri-BaF2-3,10.1063_1.1327273,0,"Title discusses Application of, not BaF2."
ri-BaF2-3,10.1063_1.1640784,0,"Title discusses Femtosecond-laser-encoded distributed-feedback, not BaF2."
ri-BaF2-3,10.1063_1.3159673,0,"Title discusses Energy decomposition, not BaF2."
ri-BaF2-3,10.1063_1.3599884,0,"Title discusses Refractive index, not BaF2."
ri-BaF2-3,10.1063_1.451131,0,"Title discusses The determination, not BaF2."
ri-BaF2-3,10.1063_1.4890714,0,"Title discusses Determining the, not BaF2."
ri-BaF2-3,10.1063_1.555616,2,Title gives refractive index of alkaline earth halides (BaF2).
ri-BaF2-3,10.1063_1.89561,0,"Title discusses Nonlinear refractive, not BaF2."
ri-BaF2-3,10.1103_physrev.127.1950,2,Title reports refractive index and dispersion data for BaF2.
ri-BaF2-3,10.1103_physrev.130.2193,0,"Title discusses Infrared Absorption, not BaF2."
ri-BaF2-3,10.1103_physrev.144.495,0,"Title discusses Optical Modes, not BaF2."
ri-BaF2-3,10.1103_physrev.146.526,0,"Title discusses Temperature Dependence, not BaF2."
ri-BaF2-3,10.1103_physrev.150.573,0,"Title discusses Optical Modes, not BaF2."
ri-BaF2-3,10.1103_physrev.154.817,0,"Title discusses Optical Properties, not BaF2."
ri-BaF2-3,10.1103_physrev.157.709,2,Title reports refractive index and dispersion data for BaF2.
ri-BaF2-3,10.1103_physreva.84.011804,0,"Title discusses Thermal-noise-limited crystalline, not BaF2."
ri-BaF2-3,10.1103_physrevb.27.3662,0,"Title discusses High-resolution helium, not BaF2."
ri-BaF2-3,10.1103_physrevb.39.3337,0,"Title discusses nonlinear index of crystals, without BaF2 dispersion formula."
ri-BaF2-3,10.1103_physrevb.64.241102,1,Title discusses related optical/physical data for BaF2.
ri-BaF2-3,10.1103_physrevlett.113.123901,0,"Title discusses Mode Spectrum, not BaF2."
ri-BaF2-3,10.1103_physrevlett.46.437,0,"Title discusses Measurement of, not BaF2."
ri-BaF2-3,10.1109_jphot.2013.2277882,0,"Title discusses Azimuthal Turing, not BaF2."
ri-BaF2-3,10.1116_1.1315743,0,"Title discusses Porosity of, not BaF2."
ri-BaF2-3,10.1117_1.2965541,0,"Title discusses Optical properties, not BaF2."
ri-BaF2-3,10.1117_12.201666,2,Title reports refractive index and dispersion data for BaF2.
ri-BaF2-3,10.1117_12.2190104,0,"Title discusses Dispersion model, not BaF2."
ri-BaF2-3,10.1364_ao.2.001103,0,"Title discusses A Redetermination, not BaF2."
ri-BaF2-3,10.1364_ao.22.002419,2,Title reports refractive index and dispersion data for BaF2.
ri-BaF2-3,10.1364_ao.22.003191,0,"Title discusses Determination of, not BaF2."
ri-BaF2-3,10.1364_ao.23.001980,0,"Title discusses Refractive properties, not BaF2."
ri-BaF2-3,10.1364_ao.27.002549,0,"Title discusses Determination of, not BaF2."
ri-BaF2-3,10.1364_ao.37.005964,0,"Title discusses Absolute refractive, not BaF2."
ri-BaF2-3,10.1364_ao.41.002508,1,Title studies thermal or damage properties of BaF2.
ri-BaF2-3,10.1364_ao.41.003196,0,"Title discusses Ultraviolet optical, not BaF2."
ri-BaF2-3,10.1364_ao.41.005275,0,"Title discusses High-accuracy measurements, not BaF2."
ri-BaF2-3,10.1364_ao.57.001260,0,"Title discusses Temperature-dependent optical, not BaF2."
ri-BaF2-3,10.1364_josa.53.001286,0,"Title discusses Temperature Dependence, not BaF2."
ri-BaF2-3,10.1364_josa.54.000628,2,Title reports refractive properties of BaF2.
ri-BaF2-3,10.1364_josa.73.001062,0,"Title discusses Vacuum-ultraviolet refractive, not BaF2."
ri-BaF2-3,10.1364_josab.34.000715,0,"Title discusses High-order dispersion, not BaF2."
ri-BaF2-3,10.1364_oe.16.005516,0,"Title discusses Simultaneous measurement, not BaF2."
ri-BaF2-3,10.1364_oe.22.030934,0,"Title discusses High-Q MgF2, not BaF2."
ri-BaF2-3,10.1364_oe.434238,0,"Title discusses Post-compression of, not BaF2."
ri-BaF2-3,10.1364_ol.29.002767,0,"Title discusses High-power diode-pumped Yb^3+, not BaF2."
ri-BaF2-3,10.1364_ol.36.002290,0,"Title discusses Generation of, not BaF2."
ri-BaF2-3,10.1364_ome.496246,1,Title discusses related optical/physical data for BaF2.
ri-BaF2-3,10.1364_ome.7.000989,0,"Title discusses Self-consistent optical, not BaF2."
ri-BaF2-3,10.3390_bios11040104,0,"Title discusses Highly Sensitive, not BaF2."
ri-BaF2-3,10.6028_jres.067a.040,0,"Title discusses Measurement of, not BaF2."
ri-BaF2-3,10.6028_jres.069a.033,0,"Title discusses Effect of, not BaF2."
ri-BaGa2GeSe6-1,10.1016_j.optlastec.2019.02.035,1,Title discusses related optical/physical data for BaGa2GeSe6 (BGGSe).
ri-BaGa2GeSe6-1,10.1364_ao.57.007440,2,Title reports phase-matching and dispersion properties of BaGa2GeSe6 (BGGSe).
ri-BaGa2GeSe6-1,10.1364_ol.397981,1,Title discusses related optical/physical data for BaGa2GeSe6 (BGGSe).
ri-BaGa2GeSe6-1,10.1364_ome.6.002933,1,Title investigates crystal growth and properties of BaGa2GeSe6 (BGGSe).
ri-BaGa2GeSe6-2,10.1016_j.optlastec.2019.02.035,1,Title discusses related optical/physical data for BaGa2GeSe6 (BGGSe).
ri-BaGa2GeSe6-2,10.1364_ao.57.007440,2,Title reports phase-matching and dispersion properties of BaGa2GeSe6 (BGGSe).
ri-BaGa2GeSe6-2,10.1364_ol.397981,1,Title discusses related optical/physical data for BaGa2GeSe6 (BGGSe).
ri-BaGa2GeSe6-2,10.1364_ome.6.002933,1,Title investigates crystal growth and properties of BaGa2GeSe6 (BGGSe).
ri-BaGa2GeSe6-3,10.1016_j.optlastec.2019.02.035,1,Title discusses related optical/physical data for BaGa2GeSe6 (BGGSe).
ri-BaGa2GeSe6-3,10.1364_ao.57.007440,2,Title reports phase-matching and dispersion properties of BaGa2GeSe6 (BGGSe).
ri-BaGa2GeSe6-3,10.1364_ol.397981,1,Title discusses related optical/physical data for BaGa2GeSe6 (BGGSe).
ri-BaGa2GeSe6-3,10.1364_ome.6.002933,1,Title investigates crystal growth and properties of BaGa2GeSe6 (BGGSe).
ri-BaGa4S7-1,10.1002_pssr.201004425,2,Title reports phase-matching and dispersion properties of BaGa4S7 (BGS).
ri-BaGa4S7-1,10.1007_s00340_016_6631_5,0,"Title discusses BaGa4Se7, not BaGa4S7 (BGS)."
ri-BaGa4S7-1,10.1007_s12200_023_00077_0,0,"Title discusses BaGa4Se7, not BaGa4S7 (BGS)."
ri-BaGa4S7-1,10.1016_j.ijleo.2019.163004,0,"Title discusses BaGa4Se7, not BaGa4S7 (BGS)."
ri-BaGa4S7-1,10.1016_j.infrared.2020.103571,1,Title investigates optical parametric processes in BaGa4S7 (BGS).
ri-BaGa4S7-1,10.1016_j.infrared.2025.106096,0,"Title discusses BaGa4Se7, not BaGa4S7 (BGS)."
ri-BaGa4S7-1,10.1016_j.omx.2024.100319,0,"Title discusses Barium chalcogenides, not BaGa4S7 (BGS)."
ri-BaGa4S7-1,10.1016_j.optlastec.2022.109082,0,"Title discusses BaGa4Se7, not BaGa4S7 (BGS)."
ri-BaGa4S7-1,10.1016_j.optlastec.2023.109750,0,"Title discusses BaGa4Se7, not BaGa4S7 (BGS)."
ri-BaGa4S7-1,10.1016_j.optlastec.2023.110455,0,"Title discusses BaGa4Se7, not BaGa4S7 (BGS)."
ri-BaGa4S7-1,10.1016_j.optmat.2019.109564,0,"Title discusses BaGa4Se7, not BaGa4S7 (BGS)."
ri-BaGa4S7-1,10.1016_j.optmat.2022.112994,1,Title studies nonlinear optical properties of BaGa4S7 (BGS).
ri-BaGa4S7-1,10.1021_acs.cgd.8b01681,0,"Title discusses BaGa4Se7, not BaGa4S7 (BGS)."
ri-BaGa4S7-1,10.1021_cg8010579,1,Title investigates crystal growth and properties of BaGa4S7 (BGS).
ri-BaGa4S7-1,10.1038_s41598_018_34552_y,0,"Title discusses BaGa4Se7, not BaGa4S7 (BGS)."
ri-BaGa4S7-1,10.1038_s41598_022_08964_w,0,"Title discusses Efficient generation, not BaGa4S7 (BGS)."
ri-BaGa4S7-1,10.1038_s42005_020_0302_x,0,"Title discusses BaGa4Se7, not BaGa4S7 (BGS)."
ri-BaGa4S7-1,10.1063_5.0067667,0,"Title discusses BaGa4Se7, not BaGa4S7 (BGS)."
ri-BaGa4S7-1,10.1063_5.0159719,0,"Title discusses SWIR, not BaGa4S7 (BGS)."
ri-BaGa4S7-1,10.1063_5.0167190,0,"Title discusses BaGa4Se7, not BaGa4S7 (BGS)."
ri-BaGa4S7-1,10.1063_5.0221273,0,"Title discusses 5, not BaGa4S7 (BGS)."
ri-BaGa4S7-1,10.1109_jphot.2019.2953097,0,"Title discusses BaGa4Se7, not BaGa4S7 (BGS)."
ri-BaGa4S7-1,10.1109_lpt.2015.2407895,0,"Title discusses BaGa4Se7, not BaGa4S7 (BGS)."
ri-BaGa4S7-1,10.1109_lpt.2024.3426623,0,"Title discusses BaGa4Se7, not BaGa4S7 (BGS)."
ri-BaGa4S7-1,10.1166_jno.2020.2879,1,Title studies nonlinear optical properties of BaGa4S7 (BGS).
ri-BaGa4S7-1,10.1360_n972018_01081,0,"Title discusses Li2BaSiSe4, not BaGa4S7 (BGS)."
ri-BaGa4S7-1,10.1364_ao.430424,2,Title provides Sellmeier equations for BaGa4S7 (BGS).
ri-BaGa4S7-1,10.1364_ao.446136,0,"Title discusses BaGa4Se7, not BaGa4S7 (BGS)."
ri-BaGa4S7-1,10.1364_ao.468491,0,"Title discusses OPO, not BaGa4S7 (BGS)."
ri-BaGa4S7-1,10.1364_ao.478246,0,"Title discusses BaGa4Se7, not BaGa4S7 (BGS)."
ri-BaGa4S7-1,10.1364_ao.56.002783,0,"Title discusses BaGa4Se7, not BaGa4S7 (BGS)."
ri-BaGa4S7-1,10.1364_josab.575268,0,"Title discusses Homogeneous growth, not BaGa4S7 (BGS)."
ri-BaGa4S7-1,10.1364_oe.536974,0,"Title discusses 750 nm, not BaGa4S7 (BGS)."
ri-BaGa4S7-1,10.1364_oe.538688,0,"Title discusses YAG, not BaGa4S7 (BGS)."
ri-BaGa4S7-1,10.1364_ol.40.004591,0,"Title discusses BaGa4Se7, not BaGa4S7 (BGS)."
ri-BaGa4S7-1,10.1364_ol.400951,0,"Title discusses BaGa4Se7, not BaGa4S7 (BGS)."
ri-BaGa4S7-1,10.1364_ol.403759,0,"Title discusses Research on, not BaGa4S7 (BGS)."
ri-BaGa4S7-1,10.1364_ol.403856,1,Title investigates optical parametric processes in BaGa4S7 (BGS).
ri-BaGa4S7-1,10.1364_ol.41.002731,0,"Title discusses BaGa4Se7, not BaGa4S7 (BGS)."
ri-BaGa4S7-1,10.1364_ol.44.002201,0,"Title discusses High-conversion-efficiency tunable, not BaGa4S7 (BGS)."
ri-BaGa4S7-1,10.1364_ol.446333,0,"Title discusses BaGa4Se7, not BaGa4S7 (BGS)."
ri-BaGa4S7-1,10.1364_ol.449826,0,"Title discusses BaGa4Se7, not BaGa4S7 (BGS)."
ri-BaGa4S7-1,10.1364_ol.477361,0,"Title discusses Ultrabroad (3.7, not BaGa4S7 (BGS)."
ri-BaGa4S7-1,10.1364_ol.522496,0,"Title discusses High-peak-power long-wave, not BaGa4S7 (BGS)."
ri-BaGa4S7-1,10.1364_ol.541336,0,"Title discusses BaGa4Se7, not BaGa4S7 (BGS)."
ri-BaGa4S7-1,10.1364_ol.543119,0,"Title discusses BaGa 4, not BaGa4S7 (BGS)."
ri-BaGa4S7-1,10.1364_ome.8.003332,0,"Title discusses High-efficiency, tunable, not BaGa4S7 (BGS)."
ri-BaGa4S7-1,10.1364_prj.485813,0,"Title discusses Widely tunable, not BaGa4S7 (BGS)."
ri-BaGa4S7-1,10.3390_app12147197,0,"Title discusses BaGa4Se7, not BaGa4S7 (BGS)."
ri-BaGa4S7-1,10.3390_app13116413,0,"Title discusses BaGa4Se7, not BaGa4S7 (BGS)."
ri-BaGa4S7-1,10.3390_cryst12020143,0,"Title discusses BaGa4Se7, not BaGa4S7 (BGS)."
ri-BaGa4S7-1,10.3390_cryst7030062,0,"Title discusses BaGa4Se7, not BaGa4S7 (BGS)."
ri-BaGa4S7-1,10.3390_photonics9020105,0,"Title discusses BaGa4Se7, not BaGa4S7 (BGS)."
ri-BaGa4S7-1,10.3788_col201917.121402,0,"Title discusses BaGa4Se7, not BaGa4S7 (BGS)."
ri-BaGa4S7-1,10.3788_col202119.021901,0,"Title discusses BaGa4Se7, not BaGa4S7 (BGS)."
ri-BaGa4S7-1,10.3788_col202220.041901,0,"Title discusses BaGa4Se7, not BaGa4S7 (BGS)."
ri-BaGa4S7-2,10.1002_pssr.201004425,2,Title reports phase-matching and dispersion properties of BaGa4S7 (BGS).
ri-BaGa4S7-2,10.1007_s00340_016_6631_5,0,"Title discusses BaGa4Se7, not BaGa4S7 (BGS)."
ri-BaGa4S7-2,10.1007_s12200_023_00077_0,0,"Title discusses BaGa4Se7, not BaGa4S7 (BGS)."
ri-BaGa4S7-2,10.1016_j.ijleo.2019.163004,0,"Title discusses BaGa4Se7, not BaGa4S7 (BGS)."
ri-BaGa4S7-2,10.1016_j.infrared.2020.103571,1,Title investigates optical parametric processes in BaGa4S7 (BGS).
ri-BaGa4S7-2,10.1016_j.infrared.2025.106096,0,"Title discusses BaGa4Se7, not BaGa4S7 (BGS)."
ri-BaGa4S7-2,10.1016_j.omx.2024.100319,0,"Title discusses Barium chalcogenides, not BaGa4S7 (BGS)."
ri-BaGa4S7-2,10.1016_j.optlastec.2022.109082,0,"Title discusses BaGa4Se7, not BaGa4S7 (BGS)."
ri-BaGa4S7-2,10.1016_j.optlastec.2023.109750,0,"Title discusses BaGa4Se7, not BaGa4S7 (BGS)."
ri-BaGa4S7-2,10.1016_j.optlastec.2023.110455,0,"Title discusses BaGa4Se7, not BaGa4S7 (BGS)."
ri-BaGa4S7-2,10.1016_j.optmat.2019.109564,0,"Title discusses BaGa4Se7, not BaGa4S7 (BGS)."
ri-BaGa4S7-2,10.1016_j.optmat.2022.112994,1,Title studies nonlinear optical properties of BaGa4S7 (BGS).
ri-BaGa4S7-2,10.1021_acs.cgd.8b01681,0,"Title discusses BaGa4Se7, not BaGa4S7 (BGS)."
ri-BaGa4S7-2,10.1021_cg8010579,1,Title investigates crystal growth and properties of BaGa4S7 (BGS).
ri-BaGa4S7-2,10.1038_s41598_018_34552_y,0,"Title discusses BaGa4Se7, not BaGa4S7 (BGS)."
ri-BaGa4S7-2,10.1038_s41598_022_08964_w,0,"Title discusses Efficient generation, not BaGa4S7 (BGS)."
ri-BaGa4S7-2,10.1038_s42005_020_0302_x,0,"Title discusses BaGa4Se7, not BaGa4S7 (BGS)."
ri-BaGa4S7-2,10.1063_5.0067667,0,"Title discusses BaGa4Se7, not BaGa4S7 (BGS)."
ri-BaGa4S7-2,10.1063_5.0159719,0,"Title discusses SWIR, not BaGa4S7 (BGS)."
ri-BaGa4S7-2,10.1063_5.0167190,0,"Title discusses BaGa4Se7, not BaGa4S7 (BGS)."
ri-BaGa4S7-2,10.1063_5.0221273,0,"Title discusses 5, not BaGa4S7 (BGS)."
ri-BaGa4S7-2,10.1109_jphot.2019.2953097,0,"Title discusses BaGa4Se7, not BaGa4S7 (BGS)."
ri-BaGa4S7-2,10.1109_lpt.2015.2407895,0,"Title discusses BaGa4Se7, not BaGa4S7 (BGS)."
ri-BaGa4S7-2,10.1109_lpt.2024.3426623,0,"Title discusses BaGa4Se7, not BaGa4S7 (BGS)."
ri-BaGa4S7-2,10.1166_jno.2020.2879,1,Title studies nonlinear optical properties of BaGa4S7 (BGS).
ri-BaGa4S7-2,10.1360_n972018_01081,0,"Title discusses Li2BaSiSe4, not BaGa4S7 (BGS)."
ri-BaGa4S7-2,10.1364_ao.430424,2,Title provides Sellmeier equations for BaGa4S7 (BGS).
ri-BaGa4S7-2,10.1364_ao.446136,0,"Title discusses BaGa4Se7, not BaGa4S7 (BGS)."
ri-BaGa4S7-2,10.1364_ao.468491,0,"Title discusses OPO, not BaGa4S7 (BGS)."
ri-BaGa4S7-2,10.1364_ao.478246,0,"Title discusses BaGa4Se7, not BaGa4S7 (BGS)."
ri-BaGa4S7-2,10.1364_ao.56.002783,0,"Title discusses BaGa4Se7, not BaGa4S7 (BGS)."
ri-BaGa4S7-2,10.1364_josab.575268,0,"Title discusses Homogeneous growth, not BaGa4S7 (BGS)."
ri-BaGa4S7-2,10.1364_oe.536974,0,"Title discusses 750 nm, not BaGa4S7 (BGS)."
ri-BaGa4S7-2,10.1364_oe.538688,0,"Title discusses YAG, not BaGa4S7 (BGS)."
ri-BaGa4S7-2,10.1364_ol.40.004591,0,"Title discusses BaGa4Se7, not BaGa4S7 (BGS)."
ri-BaGa4S7-2,10.1364_ol.400951,0,"Title discusses BaGa4Se7, not BaGa4S7 (BGS)."
ri-BaGa4S7-2,10.1364_ol.403759,0,"Title discusses Research on, not BaGa4S7 (BGS)."
ri-BaGa4S7-2,10.1364_ol.403856,1,Title investigates optical parametric processes in BaGa4S7 (BGS).
ri-BaGa4S7-2,10.1364_ol.41.002731,0,"Title discusses BaGa4Se7, not BaGa4S7 (BGS)."
ri-BaGa4S7-2,10.1364_ol.44.002201,0,"Title discusses High-conversion-efficiency tunable, not BaGa4S7 (BGS)."
ri-BaGa4S7-2,10.1364_ol.446333,0,"Title discusses BaGa4Se7, not BaGa4S7 (BGS)."
ri-BaGa4S7-2,10.1364_ol.449826,0,"Title discusses BaGa4Se7, not BaGa4S7 (BGS)."
ri-BaGa4S7-2,10.1364_ol.477361,0,"Title discusses Ultrabroad (3.7, not BaGa4S7 (BGS)."
ri-BaGa4S7-2,10.1364_ol.522496,0,"Title discusses High-peak-power long-wave, not BaGa4S7 (BGS)."
ri-BaGa4S7-2,10.1364_ol.541336,0,"Title discusses BaGa4Se7, not BaGa4S7 (BGS)."
ri-BaGa4S7-2,10.1364_ol.543119,0,"Title discusses BaGa 4, not BaGa4S7 (BGS)."
ri-BaGa4S7-2,10.1364_ome.8.003332,0,"Title discusses High-efficiency, tunable, not BaGa4S7 (BGS)."
ri-BaGa4S7-2,10.1364_prj.485813,0,"Title discusses Widely tunable, not BaGa4S7 (BGS)."
ri-BaGa4S7-2,10.3390_app12147197,0,"Title discusses BaGa4Se7, not BaGa4S7 (BGS)."
ri-BaGa4S7-2,10.3390_app13116413,0,"Title discusses BaGa4Se7, not BaGa4S7 (BGS)."
ri-BaGa4S7-2,10.3390_cryst12020143,0,"Title discusses BaGa4Se7, not BaGa4S7 (BGS)."
ri-BaGa4S7-2,10.3390_cryst7030062,0,"Title discusses BaGa4Se7, not BaGa4S7 (BGS)."
ri-BaGa4S7-2,10.3390_photonics9020105,0,"Title discusses BaGa4Se7, not BaGa4S7 (BGS)."
ri-BaGa4S7-2,10.3788_col201917.121402,0,"Title discusses BaGa4Se7, not BaGa4S7 (BGS)."
ri-BaGa4S7-2,10.3788_col202119.021901,0,"Title discusses BaGa4Se7, not BaGa4S7 (BGS)."
ri-BaGa4S7-2,10.3788_col202220.041901,0,"Title discusses BaGa4Se7, not BaGa4S7 (BGS)."
ri-BaGa4S7-3,10.1002_pssr.201004425,2,Title reports phase-matching and dispersion properties of BaGa4S7 (BGS).
ri-BaGa4S7-3,10.1007_s00340_016_6631_5,0,"Title discusses BaGa4Se7, not BaGa4S7 (BGS)."
ri-BaGa4S7-3,10.1007_s12200_023_00077_0,0,"Title discusses BaGa4Se7, not BaGa4S7 (BGS)."
ri-BaGa4S7-3,10.1016_j.ijleo.2019.163004,0,"Title discusses BaGa4Se7, not BaGa4S7 (BGS)."
ri-BaGa4S7-3,10.1016_j.infrared.2020.103571,1,Title investigates optical parametric processes in BaGa4S7 (BGS).
ri-BaGa4S7-3,10.1016_j.infrared.2025.106096,0,"Title discusses BaGa4Se7, not BaGa4S7 (BGS)."
ri-BaGa4S7-3,10.1016_j.omx.2024.100319,0,"Title discusses Barium chalcogenides, not BaGa4S7 (BGS)."
ri-BaGa4S7-3,10.1016_j.optlastec.2022.109082,0,"Title discusses BaGa4Se7, not BaGa4S7 (BGS)."
ri-BaGa4S7-3,10.1016_j.optlastec.2023.109750,0,"Title discusses BaGa4Se7, not BaGa4S7 (BGS)."
ri-BaGa4S7-3,10.1016_j.optlastec.2023.110455,0,"Title discusses BaGa4Se7, not BaGa4S7 (BGS)."
ri-BaGa4S7-3,10.1016_j.optmat.2019.109564,0,"Title discusses BaGa4Se7, not BaGa4S7 (BGS)."
ri-BaGa4S7-3,10.1016_j.optmat.2022.112994,1,Title studies nonlinear optical properties of BaGa4S7 (BGS).
ri-BaGa4S7-3,10.1021_acs.cgd.8b01681,0,"Title discusses BaGa4Se7, not BaGa4S7 (BGS)."
ri-BaGa4S7-3,10.1021_cg8010579,1,Title investigates crystal growth and properties of BaGa4S7 (BGS).
ri-BaGa4S7-3,10.1038_s41598_018_34552_y,0,"Title discusses BaGa4Se7, not BaGa4S7 (BGS)."
ri-BaGa4S7-3,10.1038_s41598_022_08964_w,0,"Title discusses Efficient generation, not BaGa4S7 (BGS)."
ri-BaGa4S7-3,10.1038_s42005_020_0302_x,0,"Title discusses BaGa4Se7, not BaGa4S7 (BGS)."
ri-BaGa4S7-3,10.1063_5.0067667,0,"Title discusses BaGa4Se7, not BaGa4S7 (BGS)."
ri-BaGa4S7-3,10.1063_5.0159719,0,"Title discusses SWIR, not BaGa4S7 (BGS)."
ri-BaGa4S7-3,10.1063_5.0167190,0,"Title discusses BaGa4Se7, not BaGa4S7 (BGS)."
ri-BaGa4S7-3,10.1063_5.0221273,0,"Title discusses 5, not BaGa4S7 (BGS)."
ri-BaGa4S7-3,10.1109_jphot.2019.2953097,0,"Title discusses BaGa4Se7, not BaGa4S7 (BGS)."
ri-BaGa4S7-3,10.1109_lpt.2015.2407895,0,"Title discusses BaGa4Se7, not BaGa4S7 (BGS)."
ri-BaGa4S7-3,10.1109_lpt.2024.3426623,0,"Title discusses BaGa4Se7, not BaGa4S7 (BGS)."
ri-BaGa4S7-3,10.1166_jno.2020.2879,1,Title studies nonlinear optical properties of BaGa4S7 (BGS).
ri-BaGa4S7-3,10.1360_n972018_01081,0,"Title discusses Li2BaSiSe4, not BaGa4S7 (BGS)."
ri-BaGa4S7-3,10.1364_ao.430424,2,Title provides Sellmeier equations for BaGa4S7 (BGS).
ri-BaGa4S7-3,10.1364_ao.446136,0,"Title discusses BaGa4Se7, not BaGa4S7 (BGS)."
ri-BaGa4S7-3,10.1364_ao.468491,0,"Title discusses OPO, not BaGa4S7 (BGS)."
ri-BaGa4S7-3,10.1364_ao.478246,0,"Title discusses BaGa4Se7, not BaGa4S7 (BGS)."
ri-BaGa4S7-3,10.1364_ao.56.002783,0,"Title discusses BaGa4Se7, not BaGa4S7 (BGS)."
ri-BaGa4S7-3,10.1364_josab.575268,0,"Title discusses Homogeneous growth, not BaGa4S7 (BGS)."
ri-BaGa4S7-3,10.1364_oe.536974,0,"Title discusses 750 nm, not BaGa4S7 (BGS)."
ri-BaGa4S7-3,10.1364_oe.538688,0,"Title discusses YAG, not BaGa4S7 (BGS)."
ri-BaGa4S7-3,10.1364_ol.40.004591,0,"Title discusses BaGa4Se7, not BaGa4S7 (BGS)."
ri-BaGa4S7-3,10.1364_ol.400951,0,"Title discusses BaGa4Se7, not BaGa4S7 (BGS)."
ri-BaGa4S7-3,10.1364_ol.403759,0,"Title discusses Research on, not BaGa4S7 (BGS)."
ri-BaGa4S7-3,10.1364_ol.403856,1,Title investigates optical parametric processes in BaGa4S7 (BGS).
ri-BaGa4S7-3,10.1364_ol.41.002731,0,"Title discusses BaGa4Se7, not BaGa4S7 (BGS)."
ri-BaGa4S7-3,10.1364_ol.44.002201,0,"Title discusses High-conversion-efficiency tunable, not BaGa4S7 (BGS)."
ri-BaGa4S7-3,10.1364_ol.446333,0,"Title discusses BaGa4Se7, not BaGa4S7 (BGS)."
ri-BaGa4S7-3,10.1364_ol.449826,0,"Title discusses BaGa4Se7, not BaGa4S7 (BGS)."
ri-BaGa4S7-3,10.1364_ol.477361,0,"Title discusses Ultrabroad (3.7, not BaGa4S7 (BGS)."
ri-BaGa4S7-3,10.1364_ol.522496,0,"Title discusses High-peak-power long-wave, not BaGa4S7 (BGS)."
ri-BaGa4S7-3,10.1364_ol.541336,0,"Title discusses BaGa4Se7, not BaGa4S7 (BGS)."
ri-BaGa4S7-3,10.1364_ol.543119,0,"Title discusses BaGa 4, not BaGa4S7 (BGS)."
ri-BaGa4S7-3,10.1364_ome.8.003332,0,"Title discusses High-efficiency, tunable, not BaGa4S7 (BGS)."
ri-BaGa4S7-3,10.1364_prj.485813,0,"Title discusses Widely tunable, not BaGa4S7 (BGS)."
ri-BaGa4S7-3,10.3390_app12147197,0,"Title discusses BaGa4Se7, not BaGa4S7 (BGS)."
ri-BaGa4S7-3,10.3390_app13116413,0,"Title discusses BaGa4Se7, not BaGa4S7 (BGS)."
ri-BaGa4S7-3,10.3390_cryst12020143,0,"Title discusses BaGa4Se7, not BaGa4S7 (BGS)."
ri-BaGa4S7-3,10.3390_cryst7030062,0,"Title discusses BaGa4Se7, not BaGa4S7 (BGS)."
ri-BaGa4S7-3,10.3390_photonics9020105,0,"Title discusses BaGa4Se7, not BaGa4S7 (BGS)."
ri-BaGa4S7-3,10.3788_col201917.121402,0,"Title discusses BaGa4Se7, not BaGa4S7 (BGS)."
ri-BaGa4S7-3,10.3788_col202119.021901,0,"Title discusses BaGa4Se7, not BaGa4S7 (BGS)."
ri-BaGa4S7-3,10.3788_col202220.041901,0,"Title discusses BaGa4Se7, not BaGa4S7 (BGS)."
ri-BaGa4Se7-1,10.1002_pssr.201004425,2,Title reports phase-matching and dispersion properties of BaGa4Se7 (BGSe).
ri-BaGa4Se7-1,10.1007_s00340_016_6631_5,1,Title investigates optical parametric processes in BaGa4Se7 (BGSe).
ri-BaGa4Se7-1,10.1007_s12200_023_00077_0,1,Title investigates optical parametric processes in BaGa4Se7 (BGSe).
ri-BaGa4Se7-1,10.1016_j.ijleo.2019.163004,1,Title studies nonlinear optical properties of BaGa4Se7 (BGSe).
ri-BaGa4Se7-1,10.1016_j.infrared.2020.103571,0,"Title discusses BaGa4S7, not BaGa4Se7 (BGSe)."
ri-BaGa4Se7-1,10.1016_j.infrared.2025.106096,1,Title investigates optical parametric processes in BaGa4Se7 (BGSe).
ri-BaGa4Se7-1,10.1016_j.omx.2024.100319,0,"Title discusses Barium chalcogenides, not BaGa4Se7 (BGSe)."
ri-BaGa4Se7-1,10.1016_j.optlastec.2022.109082,1,Title investigates optical parametric processes in BaGa4Se7 (BGSe).
ri-BaGa4Se7-1,10.1016_j.optlastec.2023.109750,1,Title investigates optical parametric processes in BaGa4Se7 (BGSe).
ri-BaGa4Se7-1,10.1016_j.optlastec.2023.110455,1,Title investigates optical parametric processes in BaGa4Se7 (BGSe).
ri-BaGa4Se7-1,10.1016_j.optmat.2019.109564,1,Title studies nonlinear optical properties of BaGa4Se7 (BGSe).
ri-BaGa4Se7-1,10.1016_j.optmat.2022.112994,1,Title studies nonlinear optical properties of BaGa4Se7 (BGSe).
ri-BaGa4Se7-1,10.1021_acs.cgd.8b01681,1,Title discusses related optical/physical data for BaGa4Se7 (BGSe).
ri-BaGa4Se7-1,10.1021_cg8010579,0,"Title discusses BaGa4S7, not BaGa4Se7 (BGSe)."
ri-BaGa4Se7-1,10.1021_ic1006742,1,Title studies nonlinear optical properties of BaGa4Se7 (BGSe).
ri-BaGa4Se7-1,10.1038_s41598_018_34552_y,1,Title investigates optical parametric processes in BaGa4Se7 (BGSe).
ri-BaGa4Se7-1,10.1038_s41598_022_08964_w,0,"Title discusses Efficient generation, not BaGa4Se7 (BGSe)."
ri-BaGa4Se7-1,10.1038_s42005_020_0302_x,1,Title studies vibrational/phonon properties of BaGa4Se7 (BGSe).
ri-BaGa4Se7-1,10.1063_5.0067667,1,Title discusses related optical/physical data for BaGa4Se7 (BGSe).
ri-BaGa4Se7-1,10.1063_5.0159719,0,"Title discusses SWIR, not BaGa4Se7 (BGSe)."
ri-BaGa4Se7-1,10.1063_5.0167190,1,Title discusses related optical/physical data for BaGa4Se7 (BGSe).
ri-BaGa4Se7-1,10.1063_5.0221273,0,"Title discusses 5, not BaGa4Se7 (BGSe)."
ri-BaGa4Se7-1,10.1109_jphot.2019.2953097,1,Title investigates optical parametric processes in BaGa4Se7 (BGSe).
ri-BaGa4Se7-1,10.1109_lpt.2015.2407895,1,Title investigates optical parametric processes in BaGa4Se7 (BGSe).
ri-BaGa4Se7-1,10.1109_lpt.2024.3426623,1,Title investigates optical parametric processes in BaGa4Se7 (BGSe).
ri-BaGa4Se7-1,10.1166_jno.2020.2879,0,"Title discusses BaGa4S7, not BaGa4Se7 (BGSe)."
ri-BaGa4Se7-1,10.1360_n972018_01081,0,"Title discusses Li2BaSiSe4, not BaGa4Se7 (BGSe)."
ri-BaGa4Se7-1,10.1364_ao.430424,0,"Title discusses BaGa4S7, not BaGa4Se7 (BGSe)."
ri-BaGa4Se7-1,10.1364_ao.446136,1,Title discusses related optical/physical data for BaGa4Se7 (BGSe).
ri-BaGa4Se7-1,10.1364_ao.468491,0,"Title discusses OPO, not BaGa4Se7 (BGSe)."
ri-BaGa4Se7-1,10.1364_ao.478246,1,Title discusses related optical/physical data for BaGa4Se7 (BGSe).
ri-BaGa4Se7-1,10.1364_ao.56.002783,1,Title investigates optical parametric processes in BaGa4Se7 (BGSe).
ri-BaGa4Se7-1,10.1364_ao.56.002978,2,Title reports phase-matching and dispersion properties of BaGa4Se7 (BGSe).
ri-BaGa4Se7-1,10.1364_ao.57.002935,2,Title reports dispersion formula for BaGa4Se7 (BGSe).
ri-BaGa4Se7-1,10.1364_josab.575268,0,"Title discusses Homogeneous growth, not BaGa4Se7 (BGSe)."
ri-BaGa4Se7-1,10.1364_oe.23.000552,1,Title studies nonlinear optical properties of BaGa4Se7 (BGSe).
ri-BaGa4Se7-1,10.1364_oe.536974,0,"Title discusses 750 nm, not BaGa4Se7 (BGSe)."
ri-BaGa4Se7-1,10.1364_oe.538688,0,"Title discusses YAG, not BaGa4Se7 (BGSe)."
ri-BaGa4Se7-1,10.1364_ol.398588,1,Title investigates optical parametric processes in BaGa4Se7 (BGSe).
ri-BaGa4Se7-1,10.1364_ol.40.004591,1,Title studies second-harmonic generation in BaGa4Se7 (BGSe).
ri-BaGa4Se7-1,10.1364_ol.400951,1,Title investigates optical parametric processes in BaGa4Se7 (BGSe).
ri-BaGa4Se7-1,10.1364_ol.403759,0,"Title discusses Research on, not BaGa4Se7 (BGSe)."
ri-BaGa4Se7-1,10.1364_ol.403856,0,"Title discusses BaGa4S7, not BaGa4Se7 (BGSe)."
ri-BaGa4Se7-1,10.1364_ol.41.002731,2,Title provides Sellmeier equations for BaGa4Se7 (BGSe).
ri-BaGa4Se7-1,10.1364_ol.44.002201,0,"Title discusses High-conversion-efficiency tunable, not BaGa4Se7 (BGSe)."
ri-BaGa4Se7-1,10.1364_ol.446333,1,Title studies second-harmonic generation in BaGa4Se7 (BGSe).
ri-BaGa4Se7-1,10.1364_ol.449826,1,Title studies nonlinear optical properties of BaGa4Se7 (BGSe).
ri-BaGa4Se7-1,10.1364_ol.477361,0,"Title discusses Ultrabroad (3.7, not BaGa4Se7 (BGSe)."
ri-BaGa4Se7-1,10.1364_ol.522496,0,"Title discusses High-peak-power long-wave, not BaGa4Se7 (BGSe)."
ri-BaGa4Se7-1,10.1364_ol.541336,1,Title investigates optical parametric processes in BaGa4Se7 (BGSe).
ri-BaGa4Se7-1,10.1364_ol.543119,0,"Title discusses BaGa 4, not BaGa4Se7 (BGSe)."
ri-BaGa4Se7-1,10.1364_ome.8.003332,0,"Title discusses High-efficiency, tunable, not BaGa4Se7 (BGSe)."
ri-BaGa4Se7-1,10.1364_prj.485813,0,"Title discusses Widely tunable, not BaGa4Se7 (BGSe)."
ri-BaGa4Se7-1,10.3390_app12147197,1,Title investigates optical parametric processes in BaGa4Se7 (BGSe).
ri-BaGa4Se7-1,10.3390_app13116413,1,Title investigates optical parametric processes in BaGa4Se7 (BGSe).
ri-BaGa4Se7-1,10.3390_cryst12020143,1,Title discusses related optical/physical data for BaGa4Se7 (BGSe).
ri-BaGa4Se7-1,10.3390_cryst7030062,2,Title provides Sellmeier equations for BaGa4Se7 (BGSe).
ri-BaGa4Se7-1,10.3390_photonics9020105,1,Title investigates optical parametric processes in BaGa4Se7 (BGSe).
ri-BaGa4Se7-1,10.3788_col201917.121402,1,Title investigates optical parametric processes in BaGa4Se7 (BGSe).
ri-BaGa4Se7-1,10.3788_col202119.021901,1,Title investigates optical parametric processes in BaGa4Se7 (BGSe).
ri-BaGa4Se7-1,10.3788_col202220.041901,1,Title investigates optical parametric processes in BaGa4Se7 (BGSe).
ri-BaGa4Se7-2,10.1002_pssr.201004425,2,Title reports phase-matching and dispersion properties of BaGa4Se7 (BGSe).
ri-BaGa4Se7-2,10.1007_s00340_016_6631_5,1,Title investigates optical parametric processes in BaGa4Se7 (BGSe).
ri-BaGa4Se7-2,10.1007_s12200_023_00077_0,1,Title investigates optical parametric processes in BaGa4Se7 (BGSe).
ri-BaGa4Se7-2,10.1016_j.ijleo.2019.163004,1,Title studies nonlinear optical properties of BaGa4Se7 (BGSe).
ri-BaGa4Se7-2,10.1016_j.infrared.2020.103571,0,"Title discusses BaGa4S7, not BaGa4Se7 (BGSe)."
ri-BaGa4Se7-2,10.1016_j.infrared.2025.106096,1,Title investigates optical parametric processes in BaGa4Se7 (BGSe).
ri-BaGa4Se7-2,10.1016_j.omx.2024.100319,0,"Title discusses Barium chalcogenides, not BaGa4Se7 (BGSe)."
ri-BaGa4Se7-2,10.1016_j.optlastec.2022.109082,1,Title investigates optical parametric processes in BaGa4Se7 (BGSe).
ri-BaGa4Se7-2,10.1016_j.optlastec.2023.109750,1,Title investigates optical parametric processes in BaGa4Se7 (BGSe).
ri-BaGa4Se7-2,10.1016_j.optlastec.2023.110455,1,Title investigates optical parametric processes in BaGa4Se7 (BGSe).
ri-BaGa4Se7-2,10.1016_j.optmat.2019.109564,1,Title studies nonlinear optical properties of BaGa4Se7 (BGSe).
ri-BaGa4Se7-2,10.1016_j.optmat.2022.112994,1,Title studies nonlinear optical properties of BaGa4Se7 (BGSe).
ri-BaGa4Se7-2,10.1021_acs.cgd.8b01681,1,Title discusses related optical/physical data for BaGa4Se7 (BGSe).
ri-BaGa4Se7-2,10.1021_cg8010579,0,"Title discusses BaGa4S7, not BaGa4Se7 (BGSe)."
ri-BaGa4Se7-2,10.1021_ic1006742,1,Title studies nonlinear optical properties of BaGa4Se7 (BGSe).
ri-BaGa4Se7-2,10.1038_s41598_018_34552_y,1,Title investigates optical parametric processes in BaGa4Se7 (BGSe).
ri-BaGa4Se7-2,10.1038_s41598_022_08964_w,0,"Title discusses Efficient generation, not BaGa4Se7 (BGSe)."
ri-BaGa4Se7-2,10.1038_s42005_020_0302_x,1,Title studies vibrational/phonon properties of BaGa4Se7 (BGSe).
ri-BaGa4Se7-2,10.1063_5.0067667,1,Title discusses related optical/physical data for BaGa4Se7 (BGSe).
ri-BaGa4Se7-2,10.1063_5.0159719,0,"Title discusses SWIR, not BaGa4Se7 (BGSe)."
ri-BaGa4Se7-2,10.1063_5.0167190,1,Title discusses related optical/physical data for BaGa4Se7 (BGSe).
ri-BaGa4Se7-2,10.1063_5.0221273,0,"Title discusses 5, not BaGa4Se7 (BGSe)."
ri-BaGa4Se7-2,10.1109_jphot.2019.2953097,1,Title investigates optical parametric processes in BaGa4Se7 (BGSe).
ri-BaGa4Se7-2,10.1109_lpt.2015.2407895,1,Title investigates optical parametric processes in BaGa4Se7 (BGSe).
ri-BaGa4Se7-2,10.1109_lpt.2024.3426623,1,Title investigates optical parametric processes in BaGa4Se7 (BGSe).
ri-BaGa4Se7-2,10.1166_jno.2020.2879,0,"Title discusses BaGa4S7, not BaGa4Se7 (BGSe)."
ri-BaGa4Se7-2,10.1360_n972018_01081,0,"Title discusses Li2BaSiSe4, not BaGa4Se7 (BGSe)."
ri-BaGa4Se7-2,10.1364_ao.430424,0,"Title discusses BaGa4S7, not BaGa4Se7 (BGSe)."
ri-BaGa4Se7-2,10.1364_ao.446136,1,Title discusses related optical/physical data for BaGa4Se7 (BGSe).
ri-BaGa4Se7-2,10.1364_ao.468491,0,"Title discusses OPO, not BaGa4Se7 (BGSe)."
ri-BaGa4Se7-2,10.1364_ao.478246,1,Title discusses related optical/physical data for BaGa4Se7 (BGSe).
ri-BaGa4Se7-2,10.1364_ao.56.002783,1,Title investigates optical parametric processes in BaGa4Se7 (BGSe).
ri-BaGa4Se7-2,10.1364_ao.56.002978,2,Title reports phase-matching and dispersion properties of BaGa4Se7 (BGSe).
ri-BaGa4Se7-2,10.1364_ao.57.002935,2,Title reports dispersion formula for BaGa4Se7 (BGSe).
ri-BaGa4Se7-2,10.1364_josab.575268,0,"Title discusses Homogeneous growth, not BaGa4Se7 (BGSe)."
ri-BaGa4Se7-2,10.1364_oe.23.000552,1,Title studies nonlinear optical properties of BaGa4Se7 (BGSe).
ri-BaGa4Se7-2,10.1364_oe.536974,0,"Title discusses 750 nm, not BaGa4Se7 (BGSe)."
ri-BaGa4Se7-2,10.1364_oe.538688,0,"Title discusses YAG, not BaGa4Se7 (BGSe)."
ri-BaGa4Se7-2,10.1364_ol.398588,1,Title investigates optical parametric processes in BaGa4Se7 (BGSe).
ri-BaGa4Se7-2,10.1364_ol.40.004591,1,Title studies second-harmonic generation in BaGa4Se7 (BGSe).
ri-BaGa4Se7-2,10.1364_ol.400951,1,Title investigates optical parametric processes in BaGa4Se7 (BGSe).
ri-BaGa4Se7-2,10.1364_ol.403759,0,"Title discusses Research on, not BaGa4Se7 (BGSe)."
ri-BaGa4Se7-2,10.1364_ol.403856,0,"Title discusses BaGa4S7, not BaGa4Se7 (BGSe)."
ri-BaGa4Se7-2,10.1364_ol.41.002731,2,Title provides Sellmeier equations for BaGa4Se7 (BGSe).
ri-BaGa4Se7-2,10.1364_ol.44.002201,0,"Title discusses High-conversion-efficiency tunable, not BaGa4Se7 (BGSe)."
ri-BaGa4Se7-2,10.1364_ol.446333,1,Title studies second-harmonic generation in BaGa4Se7 (BGSe).
ri-BaGa4Se7-2,10.1364_ol.449826,1,Title studies nonlinear optical properties of BaGa4Se7 (BGSe).
ri-BaGa4Se7-2,10.1364_ol.477361,0,"Title discusses Ultrabroad (3.7, not BaGa4Se7 (BGSe)."
ri-BaGa4Se7-2,10.1364_ol.522496,0,"Title discusses High-peak-power long-wave, not BaGa4Se7 (BGSe)."
ri-BaGa4Se7-2,10.1364_ol.541336,1,Title investigates optical parametric processes in BaGa4Se7 (BGSe).
ri-BaGa4Se7-2,10.1364_ol.543119,0,"Title discusses BaGa 4, not BaGa4Se7 (BGSe)."
ri-BaGa4Se7-2,10.1364_ome.8.003332,0,"Title discusses High-efficiency, tunable, not BaGa4Se7 (BGSe)."
ri-BaGa4Se7-2,10.1364_prj.485813,0,"Title discusses Widely tunable, not BaGa4Se7 (BGSe)."
ri-BaGa4Se7-2,10.3390_app12147197,1,Title investigates optical parametric processes in BaGa4Se7 (BGSe).
ri-BaGa4Se7-2,10.3390_app13116413,1,Title investigates optical parametric processes in BaGa4Se7 (BGSe).
ri-BaGa4Se7-2,10.3390_cryst12020143,1,Title discusses related optical/physical data for BaGa4Se7 (BGSe).
ri-BaGa4Se7-2,10.3390_cryst7030062,2,Title provides Sellmeier equations for BaGa4Se7 (BGSe).
ri-BaGa4Se7-2,10.3390_photonics9020105,1,Title investigates optical parametric processes in BaGa4Se7 (BGSe).
ri-BaGa4Se7-2,10.3788_col201917.121402,1,Title investigates optical parametric processes in BaGa4Se7 (BGSe).
ri-BaGa4Se7-2,10.3788_col202119.021901,1,Title investigates optical parametric processes in BaGa4Se7 (BGSe).
ri-BaGa4Se7-2,10.3788_col202220.041901,1,Title investigates optical parametric processes in BaGa4Se7 (BGSe).
ri-BaGa4Se7-3,10.1002_pssr.201004425,2,Title reports phase-matching and dispersion properties of BaGa4Se7 (BGSe).
ri-BaGa4Se7-3,10.1007_s00340_016_6631_5,1,Title investigates optical parametric processes in BaGa4Se7 (BGSe).
ri-BaGa4Se7-3,10.1007_s12200_023_00077_0,1,Title investigates optical parametric processes in BaGa4Se7 (BGSe).
ri-BaGa4Se7-3,10.1016_j.ijleo.2019.163004,1,Title studies nonlinear optical properties of BaGa4Se7 (BGSe).
ri-BaGa4Se7-3,10.1016_j.infrared.2020.103571,0,"Title discusses BaGa4S7, not BaGa4Se7 (BGSe)."
ri-BaGa4Se7-3,10.1016_j.infrared.2025.106096,1,Title investigates optical parametric processes in BaGa4Se7 (BGSe).
ri-BaGa4Se7-3,10.1016_j.omx.2024.100319,0,"Title discusses Barium chalcogenides, not BaGa4Se7 (BGSe)."
ri-BaGa4Se7-3,10.1016_j.optlastec.2022.109082,1,Title investigates optical parametric processes in BaGa4Se7 (BGSe).
ri-BaGa4Se7-3,10.1016_j.optlastec.2023.109750,1,Title investigates optical parametric processes in BaGa4Se7 (BGSe).
ri-BaGa4Se7-3,10.1016_j.optlastec.2023.110455,1,Title investigates optical parametric processes in BaGa4Se7 (BGSe).
ri-BaGa4Se7-3,10.1016_j.optmat.2019.109564,1,Title studies nonlinear optical properties of BaGa4Se7 (BGSe).
ri-BaGa4Se7-3,10.1016_j.optmat.2022.112994,1,Title studies nonlinear optical properties of BaGa4Se7 (BGSe).
ri-BaGa4Se7-3,10.1021_acs.cgd.8b01681,1,Title discusses related optical/physical data for BaGa4Se7 (BGSe).
ri-BaGa4Se7-3,10.1021_cg8010579,0,"Title discusses BaGa4S7, not BaGa4Se7 (BGSe)."
ri-BaGa4Se7-3,10.1021_ic1006742,1,Title studies nonlinear optical properties of BaGa4Se7 (BGSe).
ri-BaGa4Se7-3,10.1038_s41598_018_34552_y,1,Title investigates optical parametric processes in BaGa4Se7 (BGSe).
ri-BaGa4Se7-3,10.1038_s41598_022_08964_w,0,"Title discusses Efficient generation, not BaGa4Se7 (BGSe)."
ri-BaGa4Se7-3,10.1038_s42005_020_0302_x,1,Title studies vibrational/phonon properties of BaGa4Se7 (BGSe).
ri-BaGa4Se7-3,10.1063_5.0067667,1,Title discusses related optical/physical data for BaGa4Se7 (BGSe).
ri-BaGa4Se7-3,10.1063_5.0159719,0,"Title discusses SWIR, not BaGa4Se7 (BGSe)."
ri-BaGa4Se7-3,10.1063_5.0167190,1,Title discusses related optical/physical data for BaGa4Se7 (BGSe).
ri-BaGa4Se7-3,10.1063_5.0221273,0,"Title discusses 5, not BaGa4Se7 (BGSe)."
ri-BaGa4Se7-3,10.1109_jphot.2019.2953097,1,Title investigates optical parametric processes in BaGa4Se7 (BGSe).
ri-BaGa4Se7-3,10.1109_lpt.2015.2407895,1,Title investigates optical parametric processes in BaGa4Se7 (BGSe).
ri-BaGa4Se7-3,10.1109_lpt.2024.3426623,1,Title investigates optical parametric processes in BaGa4Se7 (BGSe).
ri-BaGa4Se7-3,10.1166_jno.2020.2879,0,"Title discusses BaGa4S7, not BaGa4Se7 (BGSe)."
ri-BaGa4Se7-3,10.1360_n972018_01081,0,"Title discusses Li2BaSiSe4, not BaGa4Se7 (BGSe)."
ri-BaGa4Se7-3,10.1364_ao.430424,0,"Title discusses BaGa4S7, not BaGa4Se7 (BGSe)."
ri-BaGa4Se7-3,10.1364_ao.446136,1,Title discusses related optical/physical data for BaGa4Se7 (BGSe).
ri-BaGa4Se7-3,10.1364_ao.468491,0,"Title discusses OPO, not BaGa4Se7 (BGSe)."
ri-BaGa4Se7-3,10.1364_ao.478246,1,Title discusses related optical/physical data for BaGa4Se7 (BGSe).
ri-BaGa4Se7-3,10.1364_ao.56.002783,1,Title investigates optical parametric processes in BaGa4Se7 (BGSe).
ri-BaGa4Se7-3,10.1364_ao.56.002978,2,Title reports phase-matching and dispersion properties of BaGa4Se7 (BGSe).
ri-BaGa4Se7-3,10.1364_ao.57.002935,2,Title reports dispersion formula for BaGa4Se7 (BGSe).
ri-BaGa4Se7-3,10.1364_josab.575268,0,"Title discusses Homogeneous growth, not BaGa4Se7 (BGSe)."
ri-BaGa4Se7-3,10.1364_oe.23.000552,1,Title studies nonlinear optical properties of BaGa4Se7 (BGSe).
ri-BaGa4Se7-3,10.1364_oe.536974,0,"Title discusses 750 nm, not BaGa4Se7 (BGSe)."
ri-BaGa4Se7-3,10.1364_oe.538688,0,"Title discusses YAG, not BaGa4Se7 (BGSe)."
ri-BaGa4Se7-3,10.1364_ol.398588,1,Title investigates optical parametric processes in BaGa4Se7 (BGSe).
ri-BaGa4Se7-3,10.1364_ol.40.004591,1,Title studies second-harmonic generation in BaGa4Se7 (BGSe).
ri-BaGa4Se7-3,10.1364_ol.400951,1,Title investigates optical parametric processes in BaGa4Se7 (BGSe).
ri-BaGa4Se7-3,10.1364_ol.403759,0,"Title discusses Research on, not BaGa4Se7 (BGSe)."
ri-BaGa4Se7-3,10.1364_ol.403856,0,"Title discusses BaGa4S7, not BaGa4Se7 (BGSe)."
ri-BaGa4Se7-3,10.1364_ol.41.002731,2,Title provides Sellmeier equations for BaGa4Se7 (BGSe).
ri-BaGa4Se7-3,10.1364_ol.44.002201,0,"Title discusses High-conversion-efficiency tunable, not BaGa4Se7 (BGSe)."
ri-BaGa4Se7-3,10.1364_ol.446333,1,Title studies second-harmonic generation in BaGa4Se7 (BGSe).
ri-BaGa4Se7-3,10.1364_ol.449826,1,Title studies nonlinear optical properties of BaGa4Se7 (BGSe).
ri-BaGa4Se7-3,10.1364_ol.477361,0,"Title discusses Ultrabroad (3.7, not BaGa4Se7 (BGSe)."
ri-BaGa4Se7-3,10.1364_ol.522496,0,"Title discusses High-peak-power long-wave, not BaGa4Se7 (BGSe)."
ri-BaGa4Se7-3,10.1364_ol.541336,1,Title investigates optical parametric processes in BaGa4Se7 (BGSe).
ri-BaGa4Se7-3,10.1364_ol.543119,0,"Title discusses BaGa 4, not BaGa4Se7 (BGSe)."
ri-BaGa4Se7-3,10.1364_ome.8.003332,0,"Title discusses High-efficiency, tunable, not BaGa4Se7 (BGSe)."
ri-BaGa4Se7-3,10.1364_prj.485813,0,"Title discusses Widely tunable, not BaGa4Se7 (BGSe)."
ri-BaGa4Se7-3,10.3390_app12147197,1,Title investigates optical parametric processes in BaGa4Se7 (BGSe).
ri-BaGa4Se7-3,10.3390_app13116413,1,Title investigates optical parametric processes in BaGa4Se7 (BGSe).
ri-BaGa4Se7-3,10.3390_cryst12020143,1,Title discusses related optical/physical data for BaGa4Se7 (BGSe).
ri-BaGa4Se7-3,10.3390_cryst7030062,2,Title provides Sellmeier equations for BaGa4Se7 (BGSe).
ri-BaGa4Se7-3,10.3390_photonics9020105,1,Title investigates optical parametric processes in BaGa4Se7 (BGSe).
ri-BaGa4Se7-3,10.3788_col201917.121402,1,Title investigates optical parametric processes in BaGa4Se7 (BGSe).
ri-BaGa4Se7-3,10.3788_col202119.021901,1,Title investigates optical parametric processes in BaGa4Se7 (BGSe).
ri-BaGa4Se7-3,10.3788_col202220.041901,1,Title investigates optical parametric processes in BaGa4Se7 (BGSe).
ri-BaTiO3-1,10.1002_adfm.200701077,1,Title studies thermal or damage properties of BaTiO3.
ri-BaTiO3-1,10.1002_adom.201900936,1,Title studies nonlinear optical properties of BaTiO3.
ri-BaTiO3-1,10.1002_adom.202001249,1,Title discusses related optical/physical data for BaTiO3.
ri-BaTiO3-1,10.1002_aenm.201803949,1,Title discusses related optical/physical data for BaTiO3.
ri-BaTiO3-1,10.1007_s11082_022_04516_8,1,Title studies thermal or damage properties of BaTiO3.
ri-BaTiO3-1,10.1007_s11468_022_01692_x,2,Title reports refractive index and dispersion data for BaTiO3.
ri-BaTiO3-1,10.1016_0022_3697_68_90164_9,2,Title reports refractive index and dispersion data for BaTiO3.
ri-BaTiO3-1,10.1016_j.ijleo.2021.166378,2,Title reports refractive index and dispersion data for BaTiO3.
ri-BaTiO3-1,10.1016_j.jeurceramsoc.2021.04.044,2,Title reports refractive index and dispersion data for BaTiO3.
ri-BaTiO3-1,10.1016_j.optmat.2013.12.037,2,Title reports refractive index and dispersion data for BaTiO3.
ri-BaTiO3-1,10.1016_j.optmat.2020.110648,1,Title discusses related optical/physical data for BaTiO3.
ri-BaTiO3-1,10.1021_acs.nanolett.6b01255,0,"Title discusses Super-Resolution Imaging, not BaTiO3."
ri-BaTiO3-1,10.1021_acsami.5b00555,1,Title discusses related optical/physical data for BaTiO3.
ri-BaTiO3-1,10.1021_acsami.5b05344,1,Title discusses related optical/physical data for BaTiO3.
ri-BaTiO3-1,10.1021_acsphotonics.9b00558,1,Title studies nonlinear optical properties of BaTiO3.
ri-BaTiO3-1,10.1038_s41467_023_38590_7,0,"Title discusses Superior ferroelectricity, not BaTiO3."
ri-BaTiO3-1,10.1039_c3ta15156e,1,Title studies thermal or damage properties of BaTiO3.
ri-BaTiO3-1,10.1063_1.105653,1,Title discusses related optical/physical data for BaTiO3.
ri-BaTiO3-1,10.1063_1.113934,1,Title studies second-harmonic generation in BaTiO3.
ri-BaTiO3-1,10.1063_1.125920,1,Title investigates optical absorption and transmission of BaTiO3.
ri-BaTiO3-1,10.1063_1.1421033,1,Title discusses related optical/physical data for BaTiO3.
ri-BaTiO3-1,10.1063_1.1433180,2,Title reports refractive index and dispersion data for BaTiO3.
ri-BaTiO3-1,10.1063_1.1522832,1,Title studies nonlinear optical properties of BaTiO3.
ri-BaTiO3-1,10.1063_1.1575935,1,Title discusses related optical/physical data for BaTiO3.
ri-BaTiO3-1,10.1063_1.1616631,1,Title discusses related optical/physical data for BaTiO3.
ri-BaTiO3-1,10.1063_1.1649820,2,Title reports refractive index and dispersion data for BaTiO3.
ri-BaTiO3-1,10.1063_1.1655759,0,"Title discusses Refractive Indices, not BaTiO3."
ri-BaTiO3-1,10.1063_1.1658643,2,Title reports refractive index and dispersion data for BaTiO3.
ri-BaTiO3-1,10.1063_1.1660761,2,Title reports refractive index and dispersion data for BaTiO3.
ri-BaTiO3-1,10.1063_1.2374678,0,"Title discusses Broadband femtosecond, not BaTiO3."
ri-BaTiO3-1,10.1063_1.2404773,0,"Title discusses Effect of, not BaTiO3."
ri-BaTiO3-1,10.1063_1.2884186,0,"Title discusses Ferroelectric nanoparticles, not BaTiO3."
ri-BaTiO3-1,10.1063_1.323822,2,Title reports refractive index and dispersion data for BaTiO3.
ri-BaTiO3-1,10.1063_1.327824,1,Title discusses related optical/physical data for BaTiO3.
ri-BaTiO3-1,10.1063_1.334018,1,Title discusses related optical/physical data for BaTiO3.
ri-BaTiO3-1,10.1063_1.358493,1,Title discusses related optical/physical data for BaTiO3.
ri-BaTiO3-1,10.1063_1.367099,1,Title discusses related optical/physical data for BaTiO3.
ri-BaTiO3-1,10.1063_1.4757600,0,"Title discusses Optical super-resolution, not BaTiO3."
ri-BaTiO3-1,10.1063_1.4807791,2,Title reports refractive index and dispersion data for BaTiO3.
ri-BaTiO3-1,10.1063_1.4927392,0,"Title discusses Refractive indices, not BaTiO3."
ri-BaTiO3-1,10.1063_1.4997939,1,Title discusses related optical/physical data for BaTiO3.
ri-BaTiO3-1,10.1063_1.93144,1,Title discusses related optical/physical data for BaTiO3.
ri-BaTiO3-1,10.1080_00018736000101229,0,"Title discusses Crystal stability, not BaTiO3."
ri-BaTiO3-1,10.1080_00150199808009159,2,Title reports refractive index and dispersion data for BaTiO3.
ri-BaTiO3-1,10.1088_1402_4896_ac68ad,1,Title discusses related optical/physical data for BaTiO3.
ri-BaTiO3-1,10.1103_physrev.127.702,0,"Title discusses Electron Paramagnetic, not BaTiO3."
ri-BaTiO3-1,10.1103_physrev.136.a429,1,Title discusses related optical/physical data for BaTiO3.
ri-BaTiO3-1,10.1103_physrevb.37.2074,1,Title studies vibrational/phonon properties of BaTiO3.
ri-BaTiO3-1,10.1103_physrevb.38.597,1,Title discusses related optical/physical data for BaTiO3.
ri-BaTiO3-1,10.1103_physrevb.44.35,0,"Title discusses Ferroelectric Sr0.60, not BaTiO3."
ri-BaTiO3-1,10.1103_physrevb.54.3158,1,Title discusses related optical/physical data for BaTiO3.
ri-BaTiO3-1,10.1103_physrevb.60.836,1,Title studies vibrational/phonon properties of BaTiO3.
ri-BaTiO3-1,10.1103_physrevb.84.094123,1,Title discusses related optical/physical data for BaTiO3.
ri-BaTiO3-1,10.1103_physrevlett.19.234,1,Title discusses related optical/physical data for BaTiO3.
ri-BaTiO3-1,10.1107_s0021889876010789,0,"Title discusses A second, not BaTiO3."
ri-BaTiO3-1,10.1117_12.7974088,0,"Title discusses Development And, not BaTiO3."
ri-BaTiO3-1,10.1364_josab.25.000325,1,Title investigates optical parametric processes in BaTiO3.
ri-BaTiO3-1,10.1364_ol.12.000114,0,"Title discusses Double phase-conjugate mirror, not BaTiO3."
ri-BaTiO3-1,10.1364_ol.40.000005,0,"Title discusses Optical super-resolution, not BaTiO3."
ri-BaTiO3-2,10.1002_adfm.200701077,1,Title studies thermal or damage properties of BaTiO3.
ri-BaTiO3-2,10.1002_adom.201900936,1,Title studies nonlinear optical properties of BaTiO3.
ri-BaTiO3-2,10.1002_adom.202001249,1,Title discusses related optical/physical data for BaTiO3.
ri-BaTiO3-2,10.1002_aenm.201803949,1,Title discusses related optical/physical data for BaTiO3.
ri-BaTiO3-2,10.1007_s11082_022_04516_8,1,Title studies thermal or damage properties of BaTiO3.
ri-BaTiO3-2,10.1007_s11468_022_01692_x,2,Title reports refractive index and dispersion data for BaTiO3.
ri-BaTiO3-2,10.1016_0022_3697_68_90164_9,2,Title reports refractive index and dispersion data for BaTiO3.
ri-BaTiO3-2,10.1016_j.ijleo.2021.166378,2,Title reports refractive index and dispersion data for BaTiO3.
ri-BaTiO3-2,10.1016_j.jeurceramsoc.2021.04.044,2,Title reports refractive index and dispersion data for BaTiO3.
ri-BaTiO3-2,10.1016_j.optmat.2013.12.037,2,Title reports refractive index and dispersion data for BaTiO3.
ri-BaTiO3-2,10.1016_j.optmat.2020.110648,1,Title discusses related optical/physical data for BaTiO3.
ri-BaTiO3-2,10.1021_acs.nanolett.6b01255,0,"Title discusses Super-Resolution Imaging, not BaTiO3."
ri-BaTiO3-2,10.1021_acsami.5b00555,1,Title discusses related optical/physical data for BaTiO3.
ri-BaTiO3-2,10.1021_acsami.5b05344,1,Title discusses related optical/physical data for BaTiO3.
ri-BaTiO3-2,10.1021_acsphotonics.9b00558,1,Title studies nonlinear optical properties of BaTiO3.
ri-BaTiO3-2,10.1038_s41467_023_38590_7,0,"Title discusses Superior ferroelectricity, not BaTiO3."
ri-BaTiO3-2,10.1039_c3ta15156e,1,Title studies thermal or damage properties of BaTiO3.
ri-BaTiO3-2,10.1063_1.105653,1,Title discusses related optical/physical data for BaTiO3.
ri-BaTiO3-2,10.1063_1.113934,1,Title studies second-harmonic generation in BaTiO3.
ri-BaTiO3-2,10.1063_1.125920,1,Title investigates optical absorption and transmission of BaTiO3.
ri-BaTiO3-2,10.1063_1.1421033,1,Title discusses related optical/physical data for BaTiO3.
ri-BaTiO3-2,10.1063_1.1433180,2,Title reports refractive index and dispersion data for BaTiO3.
ri-BaTiO3-2,10.1063_1.1522832,1,Title studies nonlinear optical properties of BaTiO3.
ri-BaTiO3-2,10.1063_1.1575935,1,Title discusses related optical/physical data for BaTiO3.
ri-BaTiO3-2,10.1063_1.1616631,1,Title discusses related optical/physical data for BaTiO3.
ri-BaTiO3-2,10.1063_1.1649820,2,Title reports refractive index and dispersion data for BaTiO3.
ri-BaTiO3-2,10.1063_1.1655759,0,"Title discusses Refractive Indices, not BaTiO3."
ri-BaTiO3-2,10.1063_1.1658643,2,Title reports refractive index and dispersion data for BaTiO3.
ri-BaTiO3-2,10.1063_1.1660761,2,Title reports refractive index and dispersion data for BaTiO3.
ri-BaTiO3-2,10.1063_1.2374678,0,"Title discusses Broadband femtosecond, not BaTiO3."
ri-BaTiO3-2,10.1063_1.2404773,0,"Title discusses Effect of, not BaTiO3."
ri-BaTiO3-2,10.1063_1.2884186,0,"Title discusses Ferroelectric nanoparticles, not BaTiO3."
ri-BaTiO3-2,10.1063_1.323822,2,Title reports refractive index and dispersion data for BaTiO3.
ri-BaTiO3-2,10.1063_1.327824,1,Title discusses related optical/physical data for BaTiO3.
ri-BaTiO3-2,10.1063_1.334018,1,Title discusses related optical/physical data for BaTiO3.
ri-BaTiO3-2,10.1063_1.358493,1,Title discusses related optical/physical data for BaTiO3.
ri-BaTiO3-2,10.1063_1.367099,1,Title discusses related optical/physical data for BaTiO3.
ri-BaTiO3-2,10.1063_1.4757600,0,"Title discusses Optical super-resolution, not BaTiO3."
ri-BaTiO3-2,10.1063_1.4807791,2,Title reports refractive index and dispersion data for BaTiO3.
ri-BaTiO3-2,10.1063_1.4927392,0,"Title discusses Refractive indices, not BaTiO3."
ri-BaTiO3-2,10.1063_1.4997939,1,Title discusses related optical/physical data for BaTiO3.
ri-BaTiO3-2,10.1063_1.93144,1,Title discusses related optical/physical data for BaTiO3.
ri-BaTiO3-2,10.1080_00018736000101229,0,"Title discusses Crystal stability, not BaTiO3."
ri-BaTiO3-2,10.1080_00150199808009159,2,Title reports refractive index and dispersion data for BaTiO3.
ri-BaTiO3-2,10.1088_1402_4896_ac68ad,1,Title discusses related optical/physical data for BaTiO3.
ri-BaTiO3-2,10.1103_physrev.127.702,0,"Title discusses Electron Paramagnetic, not BaTiO3."
ri-BaTiO3-2,10.1103_physrev.136.a429,1,Title discusses related optical/physical data for BaTiO3.
ri-BaTiO3-2,10.1103_physrevb.37.2074,1,Title studies vibrational/phonon properties of BaTiO3.
ri-BaTiO3-2,10.1103_physrevb.38.597,1,Title discusses related optical/physical data for BaTiO3.
ri-BaTiO3-2,10.1103_physrevb.44.35,0,"Title discusses Ferroelectric Sr0.60, not BaTiO3."
ri-BaTiO3-2,10.1103_physrevb.54.3158,1,Title discusses related optical/physical data for BaTiO3.
ri-BaTiO3-2,10.1103_physrevb.60.836,1,Title studies vibrational/phonon properties of BaTiO3.
ri-BaTiO3-2,10.1103_physrevb.84.094123,1,Title discusses related optical/physical data for BaTiO3.
ri-BaTiO3-2,10.1103_physrevlett.19.234,1,Title discusses related optical/physical data for BaTiO3.
ri-BaTiO3-2,10.1107_s0021889876010789,0,"Title discusses A second, not BaTiO3."
ri-BaTiO3-2,10.1117_12.7974088,0,"Title discusses Development And, not BaTiO3."
ri-BaTiO3-2,10.1364_josab.25.000325,1,Title investigates optical parametric processes in BaTiO3.
ri-BaTiO3-2,10.1364_ol.12.000114,0,"Title discusses Double phase-conjugate mirror, not BaTiO3."
ri-BaTiO3-2,10.1364_ol.40.000005,0,"Title discusses Optical super-resolution, not BaTiO3."
ri-BaTiO3-3,10.1002_adfm.200701077,1,Title studies thermal or damage properties of BaTiO3.
ri-BaTiO3-3,10.1002_adom.201900936,1,Title studies nonlinear optical properties of BaTiO3.
ri-BaTiO3-3,10.1002_adom.202001249,1,Title discusses related optical/physical data for BaTiO3.
ri-BaTiO3-3,10.1002_aenm.201803949,1,Title discusses related optical/physical data for BaTiO3.
ri-BaTiO3-3,10.1007_s11082_022_04516_8,1,Title studies thermal or damage properties of BaTiO3.
ri-BaTiO3-3,10.1007_s11468_022_01692_x,2,Title reports refractive index and dispersion data for BaTiO3.
ri-BaTiO3-3,10.1016_0022_3697_68_90164_9,2,Title reports refractive index and dispersion data for BaTiO3.
ri-BaTiO3-3,10.1016_j.ijleo.2021.166378,2,Title reports refractive index and dispersion data for BaTiO3.
ri-BaTiO3-3,10.1016_j.jeurceramsoc.2021.04.044,2,Title reports refractive index and dispersion data for BaTiO3.
ri-BaTiO3-3,10.1016_j.optmat.2013.12.037,2,Title reports refractive index and dispersion data for BaTiO3.
ri-BaTiO3-3,10.1016_j.optmat.2020.110648,1,Title discusses related optical/physical data for BaTiO3.
ri-BaTiO3-3,10.1021_acs.nanolett.6b01255,0,"Title discusses Super-Resolution Imaging, not BaTiO3."
ri-BaTiO3-3,10.1021_acsami.5b00555,1,Title discusses related optical/physical data for BaTiO3.
ri-BaTiO3-3,10.1021_acsami.5b05344,1,Title discusses related optical/physical data for BaTiO3.
ri-BaTiO3-3,10.1021_acsphotonics.9b00558,1,Title studies nonlinear optical properties of BaTiO3.
ri-BaTiO3-3,10.1038_s41467_023_38590_7,0,"Title discusses Superior ferroelectricity, not BaTiO3."
ri-BaTiO3-3,10.1039_c3ta15156e,1,Title studies thermal or damage properties of BaTiO3.
ri-BaTiO3-3,10.1063_1.105653,1,Title discusses related optical/physical data for BaTiO3.
ri-BaTiO3-3,10.1063_1.113934,1,Title studies second-harmonic generation in BaTiO3.
ri-BaTiO3-3,10.1063_1.125920,1,Title investigates optical absorption and transmission of BaTiO3.
ri-BaTiO3-3,10.1063_1.1421033,1,Title discusses related optical/physical data for BaTiO3.
ri-BaTiO3-3,10.1063_1.1433180,2,Title reports refractive index and dispersion data for BaTiO3.
ri-BaTiO3-3,10.1063_1.1522832,1,Title studies nonlinear optical properties of BaTiO3.
ri-BaTiO3-3,10.1063_1.1575935,1,Title discusses related optical/physical data for BaTiO3.
ri-BaTiO3-3,10.1063_1.1616631,1,Title discusses related optical/physical data for BaTiO3.
ri-BaTiO3-3,10.1063_1.1649820,2,Title reports refractive index and dispersion data for BaTiO3.
ri-BaTiO3-3,10.1063_1.1655759,0,"Title discusses Refractive Indices, not BaTiO3."
ri-BaTiO3-3,10.1063_1.1658643,2,Title reports refractive index and dispersion data for BaTiO3.
ri-BaTiO3-3,10.1063_1.1660761,2,Title reports refractive index and dispersion data for BaTiO3.
ri-BaTiO3-3,10.1063_1.2374678,0,"Title discusses Broadband femtosecond, not BaTiO3."
ri-BaTiO3-3,10.1063_1.2404773,0,"Title discusses Effect of, not BaTiO3."
ri-BaTiO3-3,10.1063_1.2884186,0,"Title discusses Ferroelectric nanoparticles, not BaTiO3."
ri-BaTiO3-3,10.1063_1.323822,2,Title reports refractive index and dispersion data for BaTiO3.
ri-BaTiO3-3,10.1063_1.327824,1,Title discusses related optical/physical data for BaTiO3.
ri-BaTiO3-3,10.1063_1.334018,1,Title discusses related optical/physical data for BaTiO3.
ri-BaTiO3-3,10.1063_1.358493,1,Title discusses related optical/physical data for BaTiO3.
ri-BaTiO3-3,10.1063_1.367099,1,Title discusses related optical/physical data for BaTiO3.
ri-BaTiO3-3,10.1063_1.4757600,0,"Title discusses Optical super-resolution, not BaTiO3."
ri-BaTiO3-3,10.1063_1.4807791,2,Title reports refractive index and dispersion data for BaTiO3.
ri-BaTiO3-3,10.1063_1.4927392,0,"Title discusses Refractive indices, not BaTiO3."
ri-BaTiO3-3,10.1063_1.4997939,1,Title discusses related optical/physical data for BaTiO3.
ri-BaTiO3-3,10.1063_1.93144,1,Title discusses related optical/physical data for BaTiO3.
ri-BaTiO3-3,10.1080_00018736000101229,0,"Title discusses Crystal stability, not BaTiO3."
ri-BaTiO3-3,10.1080_00150199808009159,2,Title reports refractive index and dispersion data for BaTiO3.
ri-BaTiO3-3,10.1088_1402_4896_ac68ad,1,Title discusses related optical/physical data for BaTiO3.
ri-BaTiO3-3,10.1103_physrev.127.702,0,"Title discusses Electron Paramagnetic, not BaTiO3."
ri-BaTiO3-3,10.1103_physrev.136.a429,1,Title discusses related optical/physical data for BaTiO3.
ri-BaTiO3-3,10.1103_physrevb.37.2074,1,Title studies vibrational/phonon properties of BaTiO3.
ri-BaTiO3-3,10.1103_physrevb.38.597,1,Title discusses related optical/physical data for BaTiO3.
ri-BaTiO3-3,10.1103_physrevb.44.35,0,"Title discusses Ferroelectric Sr0.60, not BaTiO3."
ri-BaTiO3-3,10.1103_physrevb.54.3158,1,Title discusses related optical/physical data for BaTiO3.
ri-BaTiO3-3,10.1103_physrevb.60.836,1,Title studies vibrational/phonon properties of BaTiO3.
ri-BaTiO3-3,10.1103_physrevb.84.094123,1,Title discusses related optical/physical data for BaTiO3.
ri-BaTiO3-3,10.1103_physrevlett.19.234,1,Title discusses related optical/physical data for BaTiO3.
ri-BaTiO3-3,10.1107_s0021889876010789,0,"Title discusses A second, not BaTiO3."
ri-BaTiO3-3,10.1117_12.7974088,0,"Title discusses Development And, not BaTiO3."
ri-BaTiO3-3,10.1364_josab.25.000325,1,Title investigates optical parametric processes in BaTiO3.
ri-BaTiO3-3,10.1364_ol.12.000114,0,"Title discusses Double phase-conjugate mirror, not BaTiO3."
ri-BaTiO3-3,10.1364_ol.40.000005,0,"Title discusses Optical super-resolution, not BaTiO3."
ri-BeAl2O4-1,10.1103_physrevb.39.3337,0,"Title discusses nonlinear index of crystals, without BeAl2O4 dispersion formula."
ri-BeAl2O4-2,10.1103_physrevb.39.3337,0,"Title discusses nonlinear index of crystals, without BeAl2O4 dispersion formula."
ri-BeAl2O4-3,10.1103_physrevb.39.3337,0,"Title discusses nonlinear index of crystals, without BeAl2O4 dispersion formula."
ri-Bi-1,10.1002_anie.201611770,1,Title studies second-harmonic generation in bismuth (Bi).
ri-Bi-1,10.1021_acs.inorgchem.9b00271,0,"Title discusses LiB3O5, not bismuth (Bi)."
ri-Bi-1,10.1038_ncomms9236,1,Title investigates optical parametric processes in bismuth (Bi).
ri-Bi-1,10.1109_access.2019.2922663,1,Title discusses related optical/physical data for bismuth (Bi).
ri-Bi-1,10.1364_josa.65.000742,2,Title gives optical constants for Bi from far infrared to x-ray.
ri-Bi-1,10.1364_ome.417670,0,"Title discusses Y3Al5O12, not bismuth (Bi)."
ri-Bi-1,10.1364_optica.6.001138,1,Title discusses related optical/physical data for bismuth (Bi).
ri-Bi-1,10.2971_jeos.2013.13010,2,Title reports refractive index and dispersion data for bismuth (Bi).
ri-Bi-1,10.3788_col201109.101901,0,"Title discusses YCOB, not bismuth (Bi)."
ri-Bi-2,10.1002_anie.201611770,1,Title studies second-harmonic generation in bismuth (Bi).
ri-Bi-2,10.1021_acs.inorgchem.9b00271,0,"Title discusses LiB3O5, not bismuth (Bi)."
ri-Bi-2,10.1038_ncomms9236,1,Title investigates optical parametric processes in bismuth (Bi).
ri-Bi-2,10.1109_access.2019.2922663,1,Title discusses related optical/physical data for bismuth (Bi).
ri-Bi-2,10.1364_josa.65.000742,2,Title gives optical constants for Bi from far infrared to x-ray.
ri-Bi-2,10.1364_ome.417670,0,"Title discusses Y3Al5O12, not bismuth (Bi)."
ri-Bi-2,10.1364_optica.6.001138,1,Title discusses related optical/physical data for bismuth (Bi).
ri-Bi-2,10.2971_jeos.2013.13010,2,Title reports refractive index and dispersion data for bismuth (Bi).
ri-Bi-2,10.3788_col201109.101901,0,"Title discusses YCOB, not bismuth (Bi)."
ri-Bi-3,10.1002_anie.201611770,1,Title studies second-harmonic generation in bismuth (Bi).
ri-Bi-3,10.1021_acs.inorgchem.9b00271,0,"Title discusses LiB3O5, not bismuth (Bi)."
ri-Bi-3,10.1038_ncomms9236,1,Title investigates optical parametric processes in bismuth (Bi).
ri-Bi-3,10.1109_access.2019.2922663,1,Title discusses related optical/physical data for bismuth (Bi).
ri-Bi-3,10.1364_josa.65.000742,2,Title gives optical constants for Bi from far infrared to x-ray.
ri-Bi-3,10.1364_ome.417670,0,"Title discusses Y3Al5O12, not bismuth (Bi)."
ri-Bi-3,10.1364_optica.6.001138,1,Title discusses related optical/physical data for bismuth (Bi).
ri-Bi-3,10.2971_jeos.2013.13010,2,Title reports refractive index and dispersion data for bismuth (Bi).
ri-Bi-3,10.3788_col201109.101901,0,"Title discusses YCOB, not bismuth (Bi)."
ri-Bi4Ge3O12-1,10.1364_ao.35.003562,2,Title reports refractive index and dispersion data for Bi4Ge3O12 (BGO).
ri-Bi4Ge3O12-2,10.1364_ao.35.003562,2,Title reports refractive index and dispersion data for Bi4Ge3O12 (BGO).
ri-Bi4Ge3O12-3,10.1364_ao.35.003562,2,Title reports refractive index and dispersion data for Bi4Ge3O12 (BGO).
ri-BiB3O6-1,10.1002_1521_4079_200111_36_11_1175_aid_crat1175_3.0.co_2_t,1,Title studies thermal or damage properties of BiB3O6 (BiBO).
ri-BiB3O6-1,10.1002_anie.200602993,1,Title discusses related optical/physical data for BiB3O6 (BiBO).
ri-BiB3O6-1,10.1002_lpor.200810075,0,"Title discusses Femtosecond nonlinear, not BiB3O6 (BiBO)."
ri-BiB3O6-1,10.1002_sici_1521_396x_199912_176_2_r1_aid_pssa99991_3.0.co_2_h,2,Title reports refractive index and dispersion data for BiB3O6 (BiBO).
ri-BiB3O6-1,10.1007_s00339_005_3443_6,2,Title reports refractive index and dispersion data for BiB3O6 (BiBO).
ri-BiB3O6-1,10.1007_s003400100634,1,Title studies second-harmonic generation in BiB3O6 (BiBO).
ri-BiB3O6-1,10.1007_s00340_005_1898_y,1,Title discusses related optical/physical data for BiB3O6 (BiBO).
ri-BiB3O6-1,10.1007_s00340_006_2258_2,2,Title reports refractive index and dispersion data for BiB3O6 (BiBO).
ri-BiB3O6-1,10.1016_j.optmat.2006.12.014,2,Title reports refractive index and dispersion data for BiB3O6 (BiBO).
ri-BiB3O6-1,10.1016_j.optmat.2007.11.015,2,Title reports refractive index and dispersion data for BiB3O6 (BiBO).
ri-BiB3O6-1,10.1016_s0022_0248_01_00975_7,2,Title reports refractive index and dispersion data for BiB3O6 (BiBO).
ri-BiB3O6-1,10.1016_s0030_4018_01_01740_0,1,Title discusses related optical/physical data for BiB3O6 (BiBO).
ri-BiB3O6-1,10.1016_s0030_4018_02_01074_x,1,Title studies second-harmonic generation in BiB3O6 (BiBO).
ri-BiB3O6-1,10.1016_s0030_4018_03_01309_9,1,Title studies second-harmonic generation in BiB3O6 (BiBO).
ri-BiB3O6-1,10.1016_s0038_1098_98_00538_9,2,Title reports refractive index and dispersion data for BiB3O6 (BiBO).
ri-BiB3O6-1,10.1021_ic050190k,1,Title discusses related optical/physical data for BiB3O6 (BiBO).
ri-BiB3O6-1,10.1038_s41598_017_11652_9,0,"Title discusses Generation of, not BiB3O6 (BiBO)."
ri-BiB3O6-1,10.1063_1.1413711,2,Title reports refractive index and dispersion data for BiB3O6 (BiBO).
ri-BiB3O6-1,10.1063_1.2364880,1,Title discusses related optical/physical data for BiB3O6 (BiBO).
ri-BiB3O6-1,10.1063_1.373647,2,Title reports refractive index and dispersion data for BiB3O6 (BiBO).
ri-BiB3O6-1,10.1063_1.5063458,0,"Title discusses Development of, not BiB3O6 (BiBO)."
ri-BiB3O6-1,10.1088_0022_3727_42_22_225109,2,Title reports refractive index and dispersion data for BiB3O6 (BiBO).
ri-BiB3O6-1,10.1088_1054_660x_23_3_035401,1,Title investigates optical parametric processes in BiB3O6 (BiBO).
ri-BiB3O6-1,10.1088_1464_4258_10_10_104011,0,"Title discusses Intracavity second-harmonic, not BiB3O6 (BiBO)."
ri-BiB3O6-1,10.1103_physrevb.106.195126,2,Title reports refractive index and dispersion data for BiB3O6 (BiBO).
ri-BiB3O6-1,10.1117_1.oe.53.8.086105,0,"Title discusses Calculation of, not BiB3O6 (BiBO)."
ri-BiB3O6-1,10.1364_ao.424241,0,"Title discusses Efficient second-harmonic, not BiB3O6 (BiBO)."
ri-BiB3O6-1,10.1364_oe.15.000449,0,"Title discusses An all, not BiB3O6 (BiBO)."
ri-BiB3O6-1,10.1364_oe.15.004139,1,Title investigates optical parametric processes in BiB3O6 (BiBO).
ri-BiB3O6-1,10.1364_oe.15.011913,1,Title discusses related optical/physical data for BiB3O6 (BiBO).
ri-BiB3O6-1,10.1364_oe.16.002363,1,Title investigates optical parametric processes in BiB3O6 (BiBO).
ri-BiB3O6-1,10.1364_oe.16.002438,0,"Title discusses Polarized supercontinuum, not BiB3O6 (BiBO)."
ri-BiB3O6-1,10.1364_oe.17.012039,1,Title discusses related optical/physical data for BiB3O6 (BiBO).
ri-BiB3O6-1,10.1364_oe.21.024829,1,Title investigates optical parametric processes in BiB3O6 (BiBO).
ri-BiB3O6-1,10.1364_oe.25.008840,0,"Title discusses High-average-power, 2-μm, not BiB3O6 (BiBO)."
ri-BiB3O6-1,10.1364_oe.26.016074,0,"Title discusses CEP, not BiB3O6 (BiBO)."
ri-BiB3O6-1,10.1364_ol.28.000432,1,Title discusses related optical/physical data for BiB3O6 (BiBO).
ri-BiB3O6-1,10.1364_ol.29.002530,1,Title discusses related optical/physical data for BiB3O6 (BiBO).
ri-BiB3O6-1,10.1364_ol.30.003395,1,Title discusses related optical/physical data for BiB3O6 (BiBO).
ri-BiB3O6-1,10.1364_ol.31.003128,1,Title investigates optical parametric processes in BiB3O6 (BiBO).
ri-BiB3O6-1,10.1364_ol.33.000345,0,"Title discusses Tunable, high-repetition-rate,, not BiB3O6 (BiBO)."
ri-BiB3O6-1,10.1364_ol.33.002650,0,"Title discusses Efficient, high-repetition-rate,, not BiB3O6 (BiBO)."
ri-BiB3O6-1,10.1364_ol.34.002024,1,Title discusses related optical/physical data for BiB3O6 (BiBO).
ri-BiB3O6-1,10.1364_ol.36.001671,1,Title investigates optical parametric processes in BiB3O6 (BiBO).
ri-BiB3O6-1,10.1364_ol.36.003627,1,Title discusses related optical/physical data for BiB3O6 (BiBO).
ri-BiB3O6-1,10.1364_ol.39.005419,1,Title discusses related optical/physical data for BiB3O6 (BiBO).
ri-BiB3O6-1,10.1364_ol.40.000403,1,Title discusses related optical/physical data for BiB3O6 (BiBO).
ri-BiB3O6-1,10.1364_ol.40.002614,0,"Title discusses Frequency-doubling characteristics, not BiB3O6 (BiBO)."
ri-BiB3O6-1,10.1364_ol.40.004269,0,"Title discusses High-power, high-repetition-rate,, not BiB3O6 (BiBO)."
ri-BiB3O6-1,10.1364_ol.41.001142,1,Title investigates optical parametric processes in BiB3O6 (BiBO).
ri-BiB3O6-1,10.1364_ol.41.003033,0,"Title discusses Yb-fiber laser, not BiB3O6 (BiBO)."
ri-BiB3O6-1,10.1364_ol.41.004851,1,Title investigates optical parametric processes in BiB3O6 (BiBO).
ri-BiB3O6-1,10.1364_ol.413899,0,"Title discusses Nonlinear frequency, not BiB3O6 (BiBO)."
ri-BiB3O6-1,10.1364_ol.43.003381,0,"Title discusses Generation of, not BiB3O6 (BiBO)."
ri-BiB3O6-1,10.1364_ol.455811,0,"Title discusses 100-mJ class,, not BiB3O6 (BiBO)."
ri-BiB3O6-1,10.1364_opex.12.006002,1,Title studies second-harmonic generation in BiB3O6 (BiBO).
ri-BiB3O6-1,10.1364_opex.13.008591,1,Title studies second-harmonic generation in BiB3O6 (BiBO).
ri-BiB3O6-1,openalex_W1817202019,1,Title discusses related optical/physical data for BiB3O6 (BiBO).
ri-BiB3O6-2,10.1002_1521_4079_200111_36_11_1175_aid_crat1175_3.0.co_2_t,1,Title studies thermal or damage properties of BiB3O6 (BiBO).
ri-BiB3O6-2,10.1002_anie.200602993,1,Title discusses related optical/physical data for BiB3O6 (BiBO).
ri-BiB3O6-2,10.1002_lpor.200810075,0,"Title discusses Femtosecond nonlinear, not BiB3O6 (BiBO)."
ri-BiB3O6-2,10.1002_sici_1521_396x_199912_176_2_r1_aid_pssa99991_3.0.co_2_h,2,Title reports refractive index and dispersion data for BiB3O6 (BiBO).
ri-BiB3O6-2,10.1007_s00339_005_3443_6,2,Title reports refractive index and dispersion data for BiB3O6 (BiBO).
ri-BiB3O6-2,10.1007_s003400100634,1,Title studies second-harmonic generation in BiB3O6 (BiBO).
ri-BiB3O6-2,10.1007_s00340_005_1898_y,1,Title discusses related optical/physical data for BiB3O6 (BiBO).
ri-BiB3O6-2,10.1007_s00340_006_2258_2,2,Title reports refractive index and dispersion data for BiB3O6 (BiBO).
ri-BiB3O6-2,10.1016_j.optmat.2006.12.014,2,Title reports refractive index and dispersion data for BiB3O6 (BiBO).
ri-BiB3O6-2,10.1016_j.optmat.2007.11.015,2,Title reports refractive index and dispersion data for BiB3O6 (BiBO).
ri-BiB3O6-2,10.1016_s0022_0248_01_00975_7,2,Title reports refractive index and dispersion data for BiB3O6 (BiBO).
ri-BiB3O6-2,10.1016_s0030_4018_01_01740_0,1,Title discusses related optical/physical data for BiB3O6 (BiBO).
ri-BiB3O6-2,10.1016_s0030_4018_02_01074_x,1,Title studies second-harmonic generation in BiB3O6 (BiBO).
ri-BiB3O6-2,10.1016_s0030_4018_03_01309_9,1,Title studies second-harmonic generation in BiB3O6 (BiBO).
ri-BiB3O6-2,10.1016_s0038_1098_98_00538_9,2,Title reports refractive index and dispersion data for BiB3O6 (BiBO).
ri-BiB3O6-2,10.1021_ic050190k,1,Title discusses related optical/physical data for BiB3O6 (BiBO).
ri-BiB3O6-2,10.1038_s41598_017_11652_9,0,"Title discusses Generation of, not BiB3O6 (BiBO)."
ri-BiB3O6-2,10.1063_1.1413711,2,Title reports refractive index and dispersion data for BiB3O6 (BiBO).
ri-BiB3O6-2,10.1063_1.2364880,1,Title discusses related optical/physical data for BiB3O6 (BiBO).
ri-BiB3O6-2,10.1063_1.373647,2,Title reports refractive index and dispersion data for BiB3O6 (BiBO).
ri-BiB3O6-2,10.1063_1.5063458,0,"Title discusses Development of, not BiB3O6 (BiBO)."
ri-BiB3O6-2,10.1088_0022_3727_42_22_225109,2,Title reports refractive index and dispersion data for BiB3O6 (BiBO).
ri-BiB3O6-2,10.1088_1054_660x_23_3_035401,1,Title investigates optical parametric processes in BiB3O6 (BiBO).
ri-BiB3O6-2,10.1088_1464_4258_10_10_104011,0,"Title discusses Intracavity second-harmonic, not BiB3O6 (BiBO)."
ri-BiB3O6-2,10.1103_physrevb.106.195126,2,Title reports refractive index and dispersion data for BiB3O6 (BiBO).
ri-BiB3O6-2,10.1117_1.oe.53.8.086105,0,"Title discusses Calculation of, not BiB3O6 (BiBO)."
ri-BiB3O6-2,10.1364_ao.424241,0,"Title discusses Efficient second-harmonic, not BiB3O6 (BiBO)."
ri-BiB3O6-2,10.1364_oe.15.000449,0,"Title discusses An all, not BiB3O6 (BiBO)."
ri-BiB3O6-2,10.1364_oe.15.004139,1,Title investigates optical parametric processes in BiB3O6 (BiBO).
ri-BiB3O6-2,10.1364_oe.15.011913,1,Title discusses related optical/physical data for BiB3O6 (BiBO).
ri-BiB3O6-2,10.1364_oe.16.002363,1,Title investigates optical parametric processes in BiB3O6 (BiBO).
ri-BiB3O6-2,10.1364_oe.16.002438,0,"Title discusses Polarized supercontinuum, not BiB3O6 (BiBO)."
ri-BiB3O6-2,10.1364_oe.17.012039,1,Title discusses related optical/physical data for BiB3O6 (BiBO).
ri-BiB3O6-2,10.1364_oe.21.024829,1,Title investigates optical parametric processes in BiB3O6 (BiBO).
ri-BiB3O6-2,10.1364_oe.25.008840,0,"Title discusses High-average-power, 2-μm, not BiB3O6 (BiBO)."
ri-BiB3O6-2,10.1364_oe.26.016074,0,"Title discusses CEP, not BiB3O6 (BiBO)."
ri-BiB3O6-2,10.1364_ol.28.000432,1,Title discusses related optical/physical data for BiB3O6 (BiBO).
ri-BiB3O6-2,10.1364_ol.29.002530,1,Title discusses related optical/physical data for BiB3O6 (BiBO).
ri-BiB3O6-2,10.1364_ol.30.003395,1,Title discusses related optical/physical data for BiB3O6 (BiBO).
ri-BiB3O6-2,10.1364_ol.31.003128,1,Title investigates optical parametric processes in BiB3O6 (BiBO).
ri-BiB3O6-2,10.1364_ol.33.000345,0,"Title discusses Tunable, high-repetition-rate,, not BiB3O6 (BiBO)."
ri-BiB3O6-2,10.1364_ol.33.002650,0,"Title discusses Efficient, high-repetition-rate,, not BiB3O6 (BiBO)."
ri-BiB3O6-2,10.1364_ol.34.002024,1,Title discusses related optical/physical data for BiB3O6 (BiBO).
ri-BiB3O6-2,10.1364_ol.36.001671,1,Title investigates optical parametric processes in BiB3O6 (BiBO).
ri-BiB3O6-2,10.1364_ol.36.003627,1,Title discusses related optical/physical data for BiB3O6 (BiBO).
ri-BiB3O6-2,10.1364_ol.39.005419,1,Title discusses related optical/physical data for BiB3O6 (BiBO).
ri-BiB3O6-2,10.1364_ol.40.000403,1,Title discusses related optical/physical data for BiB3O6 (BiBO).
ri-BiB3O6-2,10.1364_ol.40.002614,0,"Title discusses Frequency-doubling characteristics, not BiB3O6 (BiBO)."
ri-BiB3O6-2,10.1364_ol.40.004269,0,"Title discusses High-power, high-repetition-rate,, not BiB3O6 (BiBO)."
ri-BiB3O6-2,10.1364_ol.41.001142,1,Title investigates optical parametric processes in BiB3O6 (BiBO).
ri-BiB3O6-2,10.1364_ol.41.003033,0,"Title discusses Yb-fiber laser, not BiB3O6 (BiBO)."
ri-BiB3O6-2,10.1364_ol.41.004851,1,Title investigates optical parametric processes in BiB3O6 (BiBO).
ri-BiB3O6-2,10.1364_ol.413899,0,"Title discusses Nonlinear frequency, not BiB3O6 (BiBO)."
ri-BiB3O6-2,10.1364_ol.43.003381,0,"Title discusses Generation of, not BiB3O6 (BiBO)."
ri-BiB3O6-2,10.1364_ol.455811,0,"Title discusses 100-mJ class,, not BiB3O6 (BiBO)."
ri-BiB3O6-2,10.1364_opex.12.006002,1,Title studies second-harmonic generation in BiB3O6 (BiBO).
ri-BiB3O6-2,10.1364_opex.13.008591,1,Title studies second-harmonic generation in BiB3O6 (BiBO).
ri-BiB3O6-2,openalex_W1817202019,1,Title discusses related optical/physical data for BiB3O6 (BiBO).
ri-BiB3O6-3,10.1002_1521_4079_200111_36_11_1175_aid_crat1175_3.0.co_2_t,1,Title studies thermal or damage properties of BiB3O6 (BiBO).
ri-BiB3O6-3,10.1002_anie.200602993,1,Title discusses related optical/physical data for BiB3O6 (BiBO).
ri-BiB3O6-3,10.1002_lpor.200810075,0,"Title discusses Femtosecond nonlinear, not BiB3O6 (BiBO)."
ri-BiB3O6-3,10.1002_sici_1521_396x_199912_176_2_r1_aid_pssa99991_3.0.co_2_h,2,Title reports refractive index and dispersion data for BiB3O6 (BiBO).
ri-BiB3O6-3,10.1007_s00339_005_3443_6,2,Title reports refractive index and dispersion data for BiB3O6 (BiBO).
ri-BiB3O6-3,10.1007_s003400100634,1,Title studies second-harmonic generation in BiB3O6 (BiBO).
ri-BiB3O6-3,10.1007_s00340_005_1898_y,1,Title discusses related optical/physical data for BiB3O6 (BiBO).
ri-BiB3O6-3,10.1007_s00340_006_2258_2,2,Title reports refractive index and dispersion data for BiB3O6 (BiBO).
ri-BiB3O6-3,10.1016_j.optmat.2006.12.014,2,Title reports refractive index and dispersion data for BiB3O6 (BiBO).
ri-BiB3O6-3,10.1016_j.optmat.2007.11.015,2,Title reports refractive index and dispersion data for BiB3O6 (BiBO).
ri-BiB3O6-3,10.1016_s0022_0248_01_00975_7,2,Title reports refractive index and dispersion data for BiB3O6 (BiBO).
ri-BiB3O6-3,10.1016_s0030_4018_01_01740_0,1,Title discusses related optical/physical data for BiB3O6 (BiBO).
ri-BiB3O6-3,10.1016_s0030_4018_02_01074_x,1,Title studies second-harmonic generation in BiB3O6 (BiBO).
ri-BiB3O6-3,10.1016_s0030_4018_03_01309_9,1,Title studies second-harmonic generation in BiB3O6 (BiBO).
ri-BiB3O6-3,10.1016_s0038_1098_98_00538_9,2,Title reports refractive index and dispersion data for BiB3O6 (BiBO).
ri-BiB3O6-3,10.1021_ic050190k,1,Title discusses related optical/physical data for BiB3O6 (BiBO).
ri-BiB3O6-3,10.1038_s41598_017_11652_9,0,"Title discusses Generation of, not BiB3O6 (BiBO)."
ri-BiB3O6-3,10.1063_1.1413711,2,Title reports refractive index and dispersion data for BiB3O6 (BiBO).
ri-BiB3O6-3,10.1063_1.2364880,1,Title discusses related optical/physical data for BiB3O6 (BiBO).
ri-BiB3O6-3,10.1063_1.373647,2,Title reports refractive index and dispersion data for BiB3O6 (BiBO).
ri-BiB3O6-3,10.1063_1.5063458,0,"Title discusses Development of, not BiB3O6 (BiBO)."
ri-BiB3O6-3,10.1088_0022_3727_42_22_225109,2,Title reports refractive index and dispersion data for BiB3O6 (BiBO).
ri-BiB3O6-3,10.1088_1054_660x_23_3_035401,1,Title investigates optical parametric processes in BiB3O6 (BiBO).
ri-BiB3O6-3,10.1088_1464_4258_10_10_104011,0,"Title discusses Intracavity second-harmonic, not BiB3O6 (BiBO)."
ri-BiB3O6-3,10.1103_physrevb.106.195126,2,Title reports refractive index and dispersion data for BiB3O6 (BiBO).
ri-BiB3O6-3,10.1117_1.oe.53.8.086105,0,"Title discusses Calculation of, not BiB3O6 (BiBO)."
ri-BiB3O6-3,10.1364_ao.424241,0,"Title discusses Efficient second-harmonic, not BiB3O6 (BiBO)."
ri-BiB3O6-3,10.1364_oe.15.000449,0,"Title discusses An all, not BiB3O6 (BiBO)."
ri-BiB3O6-3,10.1364_oe.15.004139,1,Title investigates optical parametric processes in BiB3O6 (BiBO).
ri-BiB3O6-3,10.1364_oe.15.011913,1,Title discusses related optical/physical data for BiB3O6 (BiBO).
ri-BiB3O6-3,10.1364_oe.16.002363,1,Title investigates optical parametric processes in BiB3O6 (BiBO).
ri-BiB3O6-3,10.1364_oe.16.002438,0,"Title discusses Polarized supercontinuum, not BiB3O6 (BiBO)."
ri-BiB3O6-3,10.1364_oe.17.012039,1,Title discusses related optical/physical data for BiB3O6 (BiBO).
ri-BiB3O6-3,10.1364_oe.21.024829,1,Title investigates optical parametric processes in BiB3O6 (BiBO).
ri-BiB3O6-3,10.1364_oe.25.008840,0,"Title discusses High-average-power, 2-μm, not BiB3O6 (BiBO)."
ri-BiB3O6-3,10.1364_oe.26.016074,0,"Title discusses CEP, not BiB3O6 (BiBO)."
ri-BiB3O6-3,10.1364_ol.28.000432,1,Title discusses related optical/physical data for BiB3O6 (BiBO).
ri-BiB3O6-3,10.1364_ol.29.002530,1,Title discusses related optical/physical data for BiB3O6 (BiBO).
ri-BiB3O6-3,10.1364_ol.30.003395,1,Title discusses related optical/physical data for BiB3O6 (BiBO).
ri-BiB3O6-3,10.1364_ol.31.003128,1,Title investigates optical parametric processes in BiB3O6 (BiBO).
ri-BiB3O6-3,10.1364_ol.33.000345,0,"Title discusses Tunable, high-repetition-rate,, not BiB3O6 (BiBO)."
ri-BiB3O6-3,10.1364_ol.33.002650,0,"Title discusses Efficient, high-repetition-rate,, not BiB3O6 (BiBO)."
ri-BiB3O6-3,10.1364_ol.34.002024,1,Title discusses related optical/physical data for BiB3O6 (BiBO).
ri-BiB3O6-3,10.1364_ol.36.001671,1,Title investigates optical parametric processes in BiB3O6 (BiBO).
ri-BiB3O6-3,10.1364_ol.36.003627,1,Title discusses related optical/physical data for BiB3O6 (BiBO).
ri-BiB3O6-3,10.1364_ol.39.005419,1,Title discusses related optical/physical data for BiB3O6 (BiBO).
ri-BiB3O6-3,10.1364_ol.40.000403,1,Title discusses related optical/physical data for BiB3O6 (BiBO).
ri-BiB3O6-3,10.1364_ol.40.002614,0,"Title discusses Frequency-doubling characteristics, not BiB3O6 (BiBO)."
ri-BiB3O6-3,10.1364_ol.40.004269,0,"Title discusses High-power, high-repetition-rate,, not BiB3O6 (BiBO)."
ri-BiB3O6-3,10.1364_ol.41.001142,1,Title investigates optical parametric processes in BiB3O6 (BiBO).
ri-BiB3O6-3,10.1364_ol.41.003033,0,"Title discusses Yb-fiber laser, not BiB3O6 (BiBO)."
ri-BiB3O6-3,10.1364_ol.41.004851,1,Title investigates optical parametric processes in BiB3O6 (BiBO).
ri-BiB3O6-3,10.1364_ol.413899,0,"Title discusses Nonlinear frequency, not BiB3O6 (BiBO)."
ri-BiB3O6-3,10.1364_ol.43.003381,0,"Title discusses Generation of, not BiB3O6 (BiBO)."
ri-BiB3O6-3,10.1364_ol.455811,0,"Title discusses 100-mJ class,, not BiB3O6 (BiBO)."
ri-BiB3O6-3,10.1364_opex.12.006002,1,Title studies second-harmonic generation in BiB3O6 (BiBO).
ri-BiB3O6-3,10.1364_opex.13.008591,1,Title studies second-harmonic generation in BiB3O6 (BiBO).
ri-BiB3O6-3,openalex_W1817202019,1,Title discusses related optical/physical data for BiB3O6 (BiBO).
ri-C-1,10.1002_ange.202006671,1,Title studies nonlinear optical properties of carbon (C).
ri-C-1,10.1002_anie.202006671,1,Title studies nonlinear optical properties of carbon (C).
ri-C-1,10.1002_anie.202010319,1,Title studies second-harmonic generation in carbon (C).
ri-C-1,10.1002_anie.202101308,1,Title studies nonlinear optical properties of carbon (C).
ri-C-1,10.1002_anie.202408551,1,Title studies second-harmonic generation in carbon (C).
ri-C-1,10.1002_mame.202200338,1,Title discusses related optical/physical data for carbon (C).
ri-C-1,10.1016_j.ijleo.2021.166378,2,Title reports refractive index and dispersion data for carbon (C).
ri-C-1,10.1021_acs.chemmater.0c02929,1,Title studies second-harmonic generation in carbon (C).
ri-C-1,10.1021_acs.inorgchem.4c04843,1,Title discusses related optical/physical data for carbon (C).
ri-C-1,10.1021_acs.jpcc.5b11044,0,"Title discusses LiInSe2, not carbon (C)."
ri-C-1,10.1021_acs.jpcc.8b08971,0,"Title discusses VIS, not carbon (C)."
ri-C-1,10.1021_acsami.9b20500,1,Title discusses related optical/physical data for carbon (C).
ri-C-1,10.1021_ic502981r,1,Title studies thermal or damage properties of carbon (C).
ri-C-1,10.1021_ie3001666,1,Title discusses related optical/physical data for carbon (C).
ri-C-1,10.1021_jp1001989,0,"Title discusses Optical Properties, not carbon (C)."
ri-C-1,10.1021_jp500858q,0,"Title discusses K3B6O10Br, not carbon (C)."
ri-C-1,10.1021_jp501237c,0,"Title discusses DFT, not carbon (C)."
ri-C-1,10.1021_jp910489h,0,"Title discusses Fabrication of, not carbon (C)."
ri-C-1,10.1021_nn300989g,1,Title discusses related optical/physical data for carbon (C).
ri-C-1,10.1038_s41586_018_0508_1,1,Title discusses related optical/physical data for carbon (C).
ri-C-1,10.1038_s41598_023_28307_7,1,Title studies nonlinear optical properties of carbon (C).
ri-C-1,10.1039_c3tc30808a,0,"Title discusses Two phases, not carbon (C)."
ri-C-1,10.1039_c5dt01635e,1,Title studies nonlinear optical properties of carbon (C).
ri-C-1,10.1039_c8nj03393e,1,Title studies vibrational/phonon properties of carbon (C).
ri-C-1,10.1039_d3sc03052k,1,Title studies second-harmonic generation in carbon (C).
ri-C-1,10.1063_1.1530716,2,Title reports refractive index and dispersion data for carbon (C).
ri-C-1,10.1063_1.1592306,1,Title discusses related optical/physical data for carbon (C).
ri-C-1,10.1063_1.1714445,1,Title discusses related optical/physical data for carbon (C).
ri-C-1,10.1063_1.3021148,2,Title reports refractive index and dispersion data for carbon (C).
ri-C-1,10.1063_1.3475393,2,Title reports optical constants and dispersion of carbon (C).
ri-C-1,10.1063_1.3492841,1,Title discusses related optical/physical data for carbon (C).
ri-C-1,10.1063_1.4740071,1,Title studies thermal or damage properties of carbon (C).
ri-C-1,10.1088_0022_3719_13_36_014,0,"Title discusses Phonon dispersion, not carbon (C)."
ri-C-1,10.1103_physrevb.89.035204,1,Title discusses related optical/physical data for carbon (C).
ri-C-1,10.1107_s0108270195005798,0,"Title discusses Caesium Lithium Borate, not carbon (C)."
ri-C-1,10.1143_jjap.51.112101,1,Title discusses related optical/physical data for carbon (C).
ri-C-1,10.1364_ao.25.002650,2,Title reports optical constants and dispersion of carbon (C).
ri-C-1,10.1364_josa.65.000742,2,Title gives optical constants for C from far infrared to x-ray.
ri-C-1,10.1364_josab.10.001785,1,Title investigates optical parametric processes in carbon (C).
ri-C-1,10.1364_oe.19.006333,1,Title studies second-harmonic generation in carbon (C).
ri-C-1,10.1364_oe.27.027229,2,Title reports refractive index and dispersion data for carbon (C).
ri-C-1,10.1366_0003702963905385,2,Title reports optical constants and dispersion of carbon (C).
ri-C-1,10.3390_cryst11020125,1,Title investigates optical parametric processes in carbon (C).
ri-C-1,10.3390_cryst7040107,1,Title discusses related optical/physical data for carbon (C).
ri-C-1,10.3390_s150511499,1,Title discusses related optical/physical data for carbon (C).
ri-C-2,10.1002_ange.202006671,1,Title studies nonlinear optical properties of carbon (C).
ri-C-2,10.1002_anie.202006671,1,Title studies nonlinear optical properties of carbon (C).
ri-C-2,10.1002_anie.202010319,1,Title studies second-harmonic generation in carbon (C).
ri-C-2,10.1002_anie.202101308,1,Title studies nonlinear optical properties of carbon (C).
ri-C-2,10.1002_anie.202408551,1,Title studies second-harmonic generation in carbon (C).
ri-C-2,10.1002_mame.202200338,1,Title discusses related optical/physical data for carbon (C).
ri-C-2,10.1016_j.ijleo.2021.166378,2,Title reports refractive index and dispersion data for carbon (C).
ri-C-2,10.1021_acs.chemmater.0c02929,1,Title studies second-harmonic generation in carbon (C).
ri-C-2,10.1021_acs.inorgchem.4c04843,1,Title discusses related optical/physical data for carbon (C).
ri-C-2,10.1021_acs.jpcc.5b11044,0,"Title discusses LiInSe2, not carbon (C)."
ri-C-2,10.1021_acs.jpcc.8b08971,0,"Title discusses VIS, not carbon (C)."
ri-C-2,10.1021_acsami.9b20500,1,Title discusses related optical/physical data for carbon (C).
ri-C-2,10.1021_ic502981r,1,Title studies thermal or damage properties of carbon (C).
ri-C-2,10.1021_ie3001666,1,Title discusses related optical/physical data for carbon (C).
ri-C-2,10.1021_jp1001989,0,"Title discusses Optical Properties, not carbon (C)."
ri-C-2,10.1021_jp500858q,0,"Title discusses K3B6O10Br, not carbon (C)."
ri-C-2,10.1021_jp501237c,0,"Title discusses DFT, not carbon (C)."
ri-C-2,10.1021_jp910489h,0,"Title discusses Fabrication of, not carbon (C)."
ri-C-2,10.1021_nn300989g,1,Title discusses related optical/physical data for carbon (C).
ri-C-2,10.1038_s41586_018_0508_1,1,Title discusses related optical/physical data for carbon (C).
ri-C-2,10.1038_s41598_023_28307_7,1,Title studies nonlinear optical properties of carbon (C).
ri-C-2,10.1039_c3tc30808a,0,"Title discusses Two phases, not carbon (C)."
ri-C-2,10.1039_c5dt01635e,1,Title studies nonlinear optical properties of carbon (C).
ri-C-2,10.1039_c8nj03393e,1,Title studies vibrational/phonon properties of carbon (C).
ri-C-2,10.1039_d3sc03052k,1,Title studies second-harmonic generation in carbon (C).
ri-C-2,10.1063_1.1530716,2,Title reports refractive index and dispersion data for carbon (C).
ri-C-2,10.1063_1.1592306,1,Title discusses related optical/physical data for carbon (C).
ri-C-2,10.1063_1.1714445,1,Title discusses related optical/physical data for carbon (C).
ri-C-2,10.1063_1.3021148,2,Title reports refractive index and dispersion data for carbon (C).
ri-C-2,10.1063_1.3475393,2,Title reports optical constants and dispersion of carbon (C).
ri-C-2,10.1063_1.3492841,1,Title discusses related optical/physical data for carbon (C).
ri-C-2,10.1063_1.4740071,1,Title studies thermal or damage properties of carbon (C).
ri-C-2,10.1088_0022_3719_13_36_014,0,"Title discusses Phonon dispersion, not carbon (C)."
ri-C-2,10.1103_physrevb.89.035204,1,Title discusses related optical/physical data for carbon (C).
ri-C-2,10.1107_s0108270195005798,0,"Title discusses Caesium Lithium Borate, not carbon (C)."
ri-C-2,10.1143_jjap.51.112101,1,Title discusses related optical/physical data for carbon (C).
ri-C-2,10.1364_ao.25.002650,2,Title reports optical constants and dispersion of carbon (C).
ri-C-2,10.1364_josa.65.000742,2,Title gives optical constants for C from far infrared to x-ray.
ri-C-2,10.1364_josab.10.001785,1,Title investigates optical parametric processes in carbon (C).
ri-C-2,10.1364_oe.19.006333,1,Title studies second-harmonic generation in carbon (C).
ri-C-2,10.1364_oe.27.027229,2,Title reports refractive index and dispersion data for carbon (C).
ri-C-2,10.1366_0003702963905385,2,Title reports optical constants and dispersion of carbon (C).
ri-C-2,10.3390_cryst11020125,1,Title investigates optical parametric processes in carbon (C).
ri-C-2,10.3390_cryst7040107,1,Title discusses related optical/physical data for carbon (C).
ri-C-2,10.3390_s150511499,1,Title discusses related optical/physical data for carbon (C).
ri-C-3,10.1002_ange.202006671,1,Title studies nonlinear optical properties of carbon (C).
ri-C-3,10.1002_anie.202006671,1,Title studies nonlinear optical properties of carbon (C).
ri-C-3,10.1002_anie.202010319,1,Title studies second-harmonic generation in carbon (C).
ri-C-3,10.1002_anie.202101308,1,Title studies nonlinear optical properties of carbon (C).
ri-C-3,10.1002_anie.202408551,1,Title studies second-harmonic generation in carbon (C).
ri-C-3,10.1002_mame.202200338,1,Title discusses related optical/physical data for carbon (C).
ri-C-3,10.1016_j.ijleo.2021.166378,2,Title reports refractive index and dispersion data for carbon (C).
ri-C-3,10.1021_acs.chemmater.0c02929,1,Title studies second-harmonic generation in carbon (C).
ri-C-3,10.1021_acs.inorgchem.4c04843,1,Title discusses related optical/physical data for carbon (C).
ri-C-3,10.1021_acs.jpcc.5b11044,0,"Title discusses LiInSe2, not carbon (C)."
ri-C-3,10.1021_acs.jpcc.8b08971,0,"Title discusses VIS, not carbon (C)."
ri-C-3,10.1021_acsami.9b20500,1,Title discusses related optical/physical data for carbon (C).
ri-C-3,10.1021_ic502981r,1,Title studies thermal or damage properties of carbon (C).
ri-C-3,10.1021_ie3001666,1,Title discusses related optical/physical data for carbon (C).
ri-C-3,10.1021_jp1001989,0,"Title discusses Optical Properties, not carbon (C)."
ri-C-3,10.1021_jp500858q,0,"Title discusses K3B6O10Br, not carbon (C)."
ri-C-3,10.1021_jp501237c,0,"Title discusses DFT, not carbon (C)."
ri-C-3,10.1021_jp910489h,0,"Title discusses Fabrication of, not carbon (C)."
ri-C-3,10.1021_nn300989g,1,Title discusses related optical/physical data for carbon (C).
ri-C-3,10.1038_s41586_018_0508_1,1,Title discusses related optical/physical data for carbon (C).
ri-C-3,10.1038_s41598_023_28307_7,1,Title studies nonlinear optical properties of carbon (C).
ri-C-3,10.1039_c3tc30808a,0,"Title discusses Two phases, not carbon (C)."
ri-C-3,10.1039_c5dt01635e,1,Title studies nonlinear optical properties of carbon (C).
ri-C-3,10.1039_c8nj03393e,1,Title studies vibrational/phonon properties of carbon (C).
ri-C-3,10.1039_d3sc03052k,1,Title studies second-harmonic generation in carbon (C).
ri-C-3,10.1063_1.1530716,2,Title reports refractive index and dispersion data for carbon (C).
ri-C-3,10.1063_1.1592306,1,Title discusses related optical/physical data for carbon (C).
ri-C-3,10.1063_1.1714445,1,Title discusses related optical/physical data for carbon (C).
ri-C-3,10.1063_1.3021148,2,Title reports refractive index and dispersion data for carbon (C).
ri-C-3,10.1063_1.3475393,2,Title reports optical constants and dispersion of carbon (C).
ri-C-3,10.1063_1.3492841,1,Title discusses related optical/physical data for carbon (C).
ri-C-3,10.1063_1.4740071,1,Title studies thermal or damage properties of carbon (C).
ri-C-3,10.1088_0022_3719_13_36_014,0,"Title discusses Phonon dispersion, not carbon (C)."
ri-C-3,10.1103_physrevb.89.035204,1,Title discusses related optical/physical data for carbon (C).
ri-C-3,10.1107_s0108270195005798,0,"Title discusses Caesium Lithium Borate, not carbon (C)."
ri-C-3,10.1143_jjap.51.112101,1,Title discusses related optical/physical data for carbon (C).
ri-C-3,10.1364_ao.25.002650,2,Title reports optical constants and dispersion of carbon (C).
ri-C-3,10.1364_josa.65.000742,2,Title gives optical constants for C from far infrared to x-ray.
ri-C-3,10.1364_josab.10.001785,1,Title investigates optical parametric processes in carbon (C).
ri-C-3,10.1364_oe.19.006333,1,Title studies second-harmonic generation in carbon (C).
ri-C-3,10.1364_oe.27.027229,2,Title reports refractive index and dispersion data for carbon (C).
ri-C-3,10.1366_0003702963905385,2,Title reports optical constants and dispersion of carbon (C).
ri-C-3,10.3390_cryst11020125,1,Title investigates optical parametric processes in carbon (C).
ri-C-3,10.3390_cryst7040107,1,Title discusses related optical/physical data for carbon (C).
ri-C-3,10.3390_s150511499,1,Title discusses related optical/physical data for carbon (C).
ri-CaCO3-1,10.1002_adfm.200500096,0,"Title discusses Transparent Highly, not CaCO3 (calcite)."
ri-CaCO3-1,10.1002_adma.200901174,0,"Title discusses LiYF4, not CaCO3 (calcite)."
ri-CaCO3-1,10.1002_mame.200290032,0,"Title discusses Polymer‐TiO 2 Nanocomposites, not CaCO3 (calcite)."
ri-CaCO3-1,10.1016_j.jnoncrysol.2004.07.003,0,"Title discusses Linear and, not CaCO3 (calcite)."
ri-CaCO3-1,10.1016_j.rinp.2018.04.041,0,"Title discusses Optical properties, not CaCO3 (calcite)."
ri-CaCO3-1,10.1016_j.scriptamat.2020.08.027,0,"Title discusses Dielectric dispersion, not CaCO3 (calcite)."
ri-CaCO3-1,10.1016_s0022_3093_01_00793_1,0,"Title discusses High refractive, not CaCO3 (calcite)."
ri-CaCO3-1,10.1016_s0030_4018_99_00091_7,2,Title reports refractive index and dispersion data for CaCO3 (calcite).
ri-CaCO3-1,10.1021_cm001414u,0,"Title discusses Te2SeO7, not CaCO3 (calcite)."
ri-CaCO3-1,10.1021_ja044689,0,"Title discusses Phase Transition, not CaCO3 (calcite)."
ri-CaCO3-1,10.1021_ja052259t,0,"Title discusses Tailoring the, not CaCO3 (calcite)."
ri-CaCO3-1,10.1021_jp027345j,0,"Title discusses Photoelectrochemical and, not CaCO3 (calcite)."
ri-CaCO3-1,10.1021_jp962747a,0,"Title discusses Raman Spectroscopy, not CaCO3 (calcite)."
ri-CaCO3-1,10.1021_jp993819b,0,"Title discusses Role of, not CaCO3 (calcite)."
ri-CaCO3-1,10.1021_la4017728,0,"Title discusses Alcohol Dispersions, not CaCO3 (calcite)."
ri-CaCO3-1,10.1029_1999je900025,1,Title studies thermal or damage properties of CaCO3 (calcite).
ri-CaCO3-1,10.1051_0004_6361_20053727,0,"Title discusses Experimental and, not CaCO3 (calcite)."
ri-CaCO3-1,10.1063_1.113970,0,"Title discusses Thin-film nonlinear, not CaCO3 (calcite)."
ri-CaCO3-1,10.1063_1.1309039,0,"Title discusses Structural evolution, not CaCO3 (calcite)."
ri-CaCO3-1,10.1063_1.1423403,0,"Title discusses Preparation and, not CaCO3 (calcite)."
ri-CaCO3-1,10.1063_1.1590060,0,"Title discusses Sputtered stoichiometric, not CaCO3 (calcite)."
ri-CaCO3-1,10.1063_1.1655512,0,"Title discusses Noncollinear acousto-optic, not CaCO3 (calcite)."
ri-CaCO3-1,10.1063_1.1660950,0,"Title discusses Acousto-optic light, not CaCO3 (calcite)."
ri-CaCO3-1,10.1063_1.1777045,0,"Title discusses Recent Studies, not CaCO3 (calcite)."
ri-CaCO3-1,10.1063_1.2200449,0,"Title discusses Optical properties, not CaCO3 (calcite)."
ri-CaCO3-1,10.1063_1.351264,0,"Title discusses dc reactive, not CaCO3 (calcite)."
ri-CaCO3-1,10.1063_1.365938,0,"Title discusses Refractive indices, not CaCO3 (calcite)."
ri-CaCO3-1,10.1063_1.5111318,0,"Title discusses Quasiparticle band, not CaCO3 (calcite)."
ri-CaCO3-1,10.1080_02772248809357253,0,"Title discusses Photocatalytic degradation, not CaCO3 (calcite)."
ri-CaCO3-1,10.1080_08927029108022432,0,"Title discusses Molecular Dynamics, not CaCO3 (calcite)."
ri-CaCO3-1,10.1088_0953_8984_24_19_195503,0,"Title discusses The electronic, not CaCO3 (calcite)."
ri-CaCO3-1,10.1103_physrev.126.1710,0,"Title discusses Far Infrared, not CaCO3 (calcite)."
ri-CaCO3-1,10.1103_physrev.137.a1467,0,"Title discusses Optical Properties, not CaCO3 (calcite)."
ri-CaCO3-1,10.1103_physrev.140.a651,0,"Title discusses Optical Properties, not CaCO3 (calcite)."
ri-CaCO3-1,10.1103_physrev.154.851,1,Title studies second-harmonic generation in CaCO3 (calcite).
ri-CaCO3-1,10.1103_physrevb.10.1642,0,"Title discusses Temperature dependence, not CaCO3 (calcite)."
ri-CaCO3-1,10.1103_physrevb.10.4447,0,"Title discusses Dispersion of, not CaCO3 (calcite)."
ri-CaCO3-1,10.1103_physrevb.24.7342,0,"Title discusses Optical properties, not CaCO3 (calcite)."
ri-CaCO3-1,10.1103_physrevb.3.3457,0,"Title discusses Lattice Dynamics, not CaCO3 (calcite)."
ri-CaCO3-1,10.1103_physrevb.39.3337,0,"Title discusses nonlinear index of crystals, without CaCO3 dispersion formula."
ri-CaCO3-1,10.1103_physrevb.4.3736,0,"Title discusses Optical Properties, not CaCO3 (calcite)."
ri-CaCO3-1,10.1103_physrevb.51.6842,0,"Title discusses Optical properties, not CaCO3 (calcite)."
ri-CaCO3-1,10.1103_physrevb.77.235111,0,"Title discusses Optical properties, not CaCO3 (calcite)."
ri-CaCO3-1,10.1103_physrevb.82.045207,0,"Title discusses Self-energy and, not CaCO3 (calcite)."
ri-CaCO3-1,10.1103_physrevb.82.085203,0,"Title discusses Quasiparticle and, not CaCO3 (calcite)."
ri-CaCO3-1,10.1103_physrevlett.24.592,0,"Title discusses Observation of, not CaCO3 (calcite)."
ri-CaCO3-1,10.1103_physrevlett.8.404,1,Title discusses related optical/physical data for CaCO3 (calcite).
ri-CaCO3-1,10.1109_jqe.1987.1073278,0,"Title discusses Nonlinear optical, not CaCO3 (calcite)."
ri-CaCO3-1,10.1186_1743_8977_5_14,0,"Title discusses Optimized dispersion, not CaCO3 (calcite)."
ri-CaCO3-1,10.1364_ao.17.000353,0,"Title discusses Complex refractive, not CaCO3 (calcite)."
ri-CaCO3-1,10.1364_josa.41.000416,0,"Title discusses Refractive Indices, not CaCO3 (calcite)."
ri-CaCO3-1,10.1364_josa.70.001244,0,"Title discusses Temperature variation, not CaCO3 (calcite)."
ri-CaCO3-1,10.1364_ome.2.001797,0,"Title discusses Refractive indices,, not CaCO3 (calcite)."
ri-CaCO3-1,10.5194_acp_17_1901_2017,0,"Title discusses Global scale, not CaCO3 (calcite)."
ri-CaCO3-2,10.1002_adfm.200500096,0,"Title discusses Transparent Highly, not CaCO3 (calcite)."
ri-CaCO3-2,10.1002_adma.200901174,0,"Title discusses LiYF4, not CaCO3 (calcite)."
ri-CaCO3-2,10.1002_mame.200290032,0,"Title discusses Polymer‐TiO 2 Nanocomposites, not CaCO3 (calcite)."
ri-CaCO3-2,10.1016_j.jnoncrysol.2004.07.003,0,"Title discusses Linear and, not CaCO3 (calcite)."
ri-CaCO3-2,10.1016_j.rinp.2018.04.041,0,"Title discusses Optical properties, not CaCO3 (calcite)."
ri-CaCO3-2,10.1016_j.scriptamat.2020.08.027,0,"Title discusses Dielectric dispersion, not CaCO3 (calcite)."
ri-CaCO3-2,10.1016_s0022_3093_01_00793_1,0,"Title discusses High refractive, not CaCO3 (calcite)."
ri-CaCO3-2,10.1016_s0030_4018_99_00091_7,2,Title reports refractive index and dispersion data for CaCO3 (calcite).
ri-CaCO3-2,10.1021_cm001414u,0,"Title discusses Te2SeO7, not CaCO3 (calcite)."
ri-CaCO3-2,10.1021_ja044689,0,"Title discusses Phase Transition, not CaCO3 (calcite)."
ri-CaCO3-2,10.1021_ja052259t,0,"Title discusses Tailoring the, not CaCO3 (calcite)."
ri-CaCO3-2,10.1021_jp027345j,0,"Title discusses Photoelectrochemical and, not CaCO3 (calcite)."
ri-CaCO3-2,10.1021_jp962747a,0,"Title discusses Raman Spectroscopy, not CaCO3 (calcite)."
ri-CaCO3-2,10.1021_jp993819b,0,"Title discusses Role of, not CaCO3 (calcite)."
ri-CaCO3-2,10.1021_la4017728,0,"Title discusses Alcohol Dispersions, not CaCO3 (calcite)."
ri-CaCO3-2,10.1029_1999je900025,1,Title studies thermal or damage properties of CaCO3 (calcite).
ri-CaCO3-2,10.1051_0004_6361_20053727,0,"Title discusses Experimental and, not CaCO3 (calcite)."
ri-CaCO3-2,10.1063_1.113970,0,"Title discusses Thin-film nonlinear, not CaCO3 (calcite)."
ri-CaCO3-2,10.1063_1.1309039,0,"Title discusses Structural evolution, not CaCO3 (calcite)."
ri-CaCO3-2,10.1063_1.1423403,0,"Title discusses Preparation and, not CaCO3 (calcite)."
ri-CaCO3-2,10.1063_1.1590060,0,"Title discusses Sputtered stoichiometric, not CaCO3 (calcite)."
ri-CaCO3-2,10.1063_1.1655512,0,"Title discusses Noncollinear acousto-optic, not CaCO3 (calcite)."
ri-CaCO3-2,10.1063_1.1660950,0,"Title discusses Acousto-optic light, not CaCO3 (calcite)."
ri-CaCO3-2,10.1063_1.1777045,0,"Title discusses Recent Studies, not CaCO3 (calcite)."
ri-CaCO3-2,10.1063_1.2200449,0,"Title discusses Optical properties, not CaCO3 (calcite)."
ri-CaCO3-2,10.1063_1.351264,0,"Title discusses dc reactive, not CaCO3 (calcite)."
ri-CaCO3-2,10.1063_1.365938,0,"Title discusses Refractive indices, not CaCO3 (calcite)."
ri-CaCO3-2,10.1063_1.5111318,0,"Title discusses Quasiparticle band, not CaCO3 (calcite)."
ri-CaCO3-2,10.1080_02772248809357253,0,"Title discusses Photocatalytic degradation, not CaCO3 (calcite)."
ri-CaCO3-2,10.1080_08927029108022432,0,"Title discusses Molecular Dynamics, not CaCO3 (calcite)."
ri-CaCO3-2,10.1088_0953_8984_24_19_195503,0,"Title discusses The electronic, not CaCO3 (calcite)."
ri-CaCO3-2,10.1103_physrev.126.1710,0,"Title discusses Far Infrared, not CaCO3 (calcite)."
ri-CaCO3-2,10.1103_physrev.137.a1467,0,"Title discusses Optical Properties, not CaCO3 (calcite)."
ri-CaCO3-2,10.1103_physrev.140.a651,0,"Title discusses Optical Properties, not CaCO3 (calcite)."
ri-CaCO3-2,10.1103_physrev.154.851,1,Title studies second-harmonic generation in CaCO3 (calcite).
ri-CaCO3-2,10.1103_physrevb.10.1642,0,"Title discusses Temperature dependence, not CaCO3 (calcite)."
ri-CaCO3-2,10.1103_physrevb.10.4447,0,"Title discusses Dispersion of, not CaCO3 (calcite)."
ri-CaCO3-2,10.1103_physrevb.24.7342,0,"Title discusses Optical properties, not CaCO3 (calcite)."
ri-CaCO3-2,10.1103_physrevb.3.3457,0,"Title discusses Lattice Dynamics, not CaCO3 (calcite)."
ri-CaCO3-2,10.1103_physrevb.39.3337,0,"Title discusses nonlinear index of crystals, without CaCO3 dispersion formula."
ri-CaCO3-2,10.1103_physrevb.4.3736,0,"Title discusses Optical Properties, not CaCO3 (calcite)."
ri-CaCO3-2,10.1103_physrevb.51.6842,0,"Title discusses Optical properties, not CaCO3 (calcite)."
ri-CaCO3-2,10.1103_physrevb.77.235111,0,"Title discusses Optical properties, not CaCO3 (calcite)."
ri-CaCO3-2,10.1103_physrevb.82.045207,0,"Title discusses Self-energy and, not CaCO3 (calcite)."
ri-CaCO3-2,10.1103_physrevb.82.085203,0,"Title discusses Quasiparticle and, not CaCO3 (calcite)."
ri-CaCO3-2,10.1103_physrevlett.24.592,0,"Title discusses Observation of, not CaCO3 (calcite)."
ri-CaCO3-2,10.1103_physrevlett.8.404,1,Title discusses related optical/physical data for CaCO3 (calcite).
ri-CaCO3-2,10.1109_jqe.1987.1073278,0,"Title discusses Nonlinear optical, not CaCO3 (calcite)."
ri-CaCO3-2,10.1186_1743_8977_5_14,0,"Title discusses Optimized dispersion, not CaCO3 (calcite)."
ri-CaCO3-2,10.1364_ao.17.000353,0,"Title discusses Complex refractive, not CaCO3 (calcite)."
ri-CaCO3-2,10.1364_josa.41.000416,0,"Title discusses Refractive Indices, not CaCO3 (calcite)."
ri-CaCO3-2,10.1364_josa.70.001244,0,"Title discusses Temperature variation, not CaCO3 (calcite)."
ri-CaCO3-2,10.1364_ome.2.001797,0,"Title discusses Refractive indices,, not CaCO3 (calcite)."
ri-CaCO3-2,10.5194_acp_17_1901_2017,0,"Title discusses Global scale, not CaCO3 (calcite)."
ri-CaCO3-3,10.1002_adfm.200500096,0,"Title discusses Transparent Highly, not CaCO3 (calcite)."
ri-CaCO3-3,10.1002_adma.200901174,0,"Title discusses LiYF4, not CaCO3 (calcite)."
ri-CaCO3-3,10.1002_mame.200290032,0,"Title discusses Polymer‐TiO 2 Nanocomposites, not CaCO3 (calcite)."
ri-CaCO3-3,10.1016_j.jnoncrysol.2004.07.003,0,"Title discusses Linear and, not CaCO3 (calcite)."
ri-CaCO3-3,10.1016_j.rinp.2018.04.041,0,"Title discusses Optical properties, not CaCO3 (calcite)."
ri-CaCO3-3,10.1016_j.scriptamat.2020.08.027,0,"Title discusses Dielectric dispersion, not CaCO3 (calcite)."
ri-CaCO3-3,10.1016_s0022_3093_01_00793_1,0,"Title discusses High refractive, not CaCO3 (calcite)."
ri-CaCO3-3,10.1016_s0030_4018_99_00091_7,2,Title reports refractive index and dispersion data for CaCO3 (calcite).
ri-CaCO3-3,10.1021_cm001414u,0,"Title discusses Te2SeO7, not CaCO3 (calcite)."
ri-CaCO3-3,10.1021_ja044689,0,"Title discusses Phase Transition, not CaCO3 (calcite)."
ri-CaCO3-3,10.1021_ja052259t,0,"Title discusses Tailoring the, not CaCO3 (calcite)."
ri-CaCO3-3,10.1021_jp027345j,0,"Title discusses Photoelectrochemical and, not CaCO3 (calcite)."
ri-CaCO3-3,10.1021_jp962747a,0,"Title discusses Raman Spectroscopy, not CaCO3 (calcite)."
ri-CaCO3-3,10.1021_jp993819b,0,"Title discusses Role of, not CaCO3 (calcite)."
ri-CaCO3-3,10.1021_la4017728,0,"Title discusses Alcohol Dispersions, not CaCO3 (calcite)."
ri-CaCO3-3,10.1029_1999je900025,1,Title studies thermal or damage properties of CaCO3 (calcite).
ri-CaCO3-3,10.1051_0004_6361_20053727,0,"Title discusses Experimental and, not CaCO3 (calcite)."
ri-CaCO3-3,10.1063_1.113970,0,"Title discusses Thin-film nonlinear, not CaCO3 (calcite)."
ri-CaCO3-3,10.1063_1.1309039,0,"Title discusses Structural evolution, not CaCO3 (calcite)."
ri-CaCO3-3,10.1063_1.1423403,0,"Title discusses Preparation and, not CaCO3 (calcite)."
ri-CaCO3-3,10.1063_1.1590060,0,"Title discusses Sputtered stoichiometric, not CaCO3 (calcite)."
ri-CaCO3-3,10.1063_1.1655512,0,"Title discusses Noncollinear acousto-optic, not CaCO3 (calcite)."
ri-CaCO3-3,10.1063_1.1660950,0,"Title discusses Acousto-optic light, not CaCO3 (calcite)."
ri-CaCO3-3,10.1063_1.1777045,0,"Title discusses Recent Studies, not CaCO3 (calcite)."
ri-CaCO3-3,10.1063_1.2200449,0,"Title discusses Optical properties, not CaCO3 (calcite)."
ri-CaCO3-3,10.1063_1.351264,0,"Title discusses dc reactive, not CaCO3 (calcite)."
ri-CaCO3-3,10.1063_1.365938,0,"Title discusses Refractive indices, not CaCO3 (calcite)."
ri-CaCO3-3,10.1063_1.5111318,0,"Title discusses Quasiparticle band, not CaCO3 (calcite)."
ri-CaCO3-3,10.1080_02772248809357253,0,"Title discusses Photocatalytic degradation, not CaCO3 (calcite)."
ri-CaCO3-3,10.1080_08927029108022432,0,"Title discusses Molecular Dynamics, not CaCO3 (calcite)."
ri-CaCO3-3,10.1088_0953_8984_24_19_195503,0,"Title discusses The electronic, not CaCO3 (calcite)."
ri-CaCO3-3,10.1103_physrev.126.1710,0,"Title discusses Far Infrared, not CaCO3 (calcite)."
ri-CaCO3-3,10.1103_physrev.137.a1467,0,"Title discusses Optical Properties, not CaCO3 (calcite)."
ri-CaCO3-3,10.1103_physrev.140.a651,0,"Title discusses Optical Properties, not CaCO3 (calcite)."
ri-CaCO3-3,10.1103_physrev.154.851,1,Title studies second-harmonic generation in CaCO3 (calcite).
ri-CaCO3-3,10.1103_physrevb.10.1642,0,"Title discusses Temperature dependence, not CaCO3 (calcite)."
ri-CaCO3-3,10.1103_physrevb.10.4447,0,"Title discusses Dispersion of, not CaCO3 (calcite)."
ri-CaCO3-3,10.1103_physrevb.24.7342,0,"Title discusses Optical properties, not CaCO3 (calcite)."
ri-CaCO3-3,10.1103_physrevb.3.3457,0,"Title discusses Lattice Dynamics, not CaCO3 (calcite)."
ri-CaCO3-3,10.1103_physrevb.39.3337,0,"Title discusses nonlinear index of crystals, without CaCO3 dispersion formula."
ri-CaCO3-3,10.1103_physrevb.4.3736,0,"Title discusses Optical Properties, not CaCO3 (calcite)."
ri-CaCO3-3,10.1103_physrevb.51.6842,0,"Title discusses Optical properties, not CaCO3 (calcite)."
ri-CaCO3-3,10.1103_physrevb.77.235111,0,"Title discusses Optical properties, not CaCO3 (calcite)."
ri-CaCO3-3,10.1103_physrevb.82.045207,0,"Title discusses Self-energy and, not CaCO3 (calcite)."
ri-CaCO3-3,10.1103_physrevb.82.085203,0,"Title discusses Quasiparticle and, not CaCO3 (calcite)."
ri-CaCO3-3,10.1103_physrevlett.24.592,0,"Title discusses Observation of, not CaCO3 (calcite)."
ri-CaCO3-3,10.1103_physrevlett.8.404,1,Title discusses related optical/physical data for CaCO3 (calcite).
ri-CaCO3-3,10.1109_jqe.1987.1073278,0,"Title discusses Nonlinear optical, not CaCO3 (calcite)."
ri-CaCO3-3,10.1186_1743_8977_5_14,0,"Title discusses Optimized dispersion, not CaCO3 (calcite)."
ri-CaCO3-3,10.1364_ao.17.000353,0,"Title discusses Complex refractive, not CaCO3 (calcite)."
ri-CaCO3-3,10.1364_josa.41.000416,0,"Title discusses Refractive Indices, not CaCO3 (calcite)."
ri-CaCO3-3,10.1364_josa.70.001244,0,"Title discusses Temperature variation, not CaCO3 (calcite)."
ri-CaCO3-3,10.1364_ome.2.001797,0,"Title discusses Refractive indices,, not CaCO3 (calcite)."
ri-CaCO3-3,10.5194_acp_17_1901_2017,0,"Title discusses Global scale, not CaCO3 (calcite)."
ri-CaF2-1,10.1002_adfm.200800954,0,"Title discusses P3HT, not CaF2 (calcium fluoride)."
ri-CaF2-1,10.1002_pssb.19670210131,0,"Title discusses Calculations of, not CaF2 (calcium fluoride)."
ri-CaF2-1,10.1002_sici_1099_159x_199907_08_7_4_245_aid_pip255_3.0.co_2_3,0,"Title discusses PECVD, not CaF2 (calcium fluoride)."
ri-CaF2-1,10.1016_0022_3697_66_90232_0,2,Title reports refractive index and dispersion data for CaF2 (calcium fluoride).
ri-CaF2-1,10.1016_j.apsusc.2016.09.149,0,"Title discusses Universal dispersion, not CaF2 (calcium fluoride)."
ri-CaF2-1,10.1016_j.ijleo.2021.166950,0,"Title discusses High sensitivity, not CaF2 (calcium fluoride)."
ri-CaF2-1,10.1016_j.optmat.2011.05.035,1,Title discusses related optical/physical data for CaF2 (calcium fluoride).
ri-CaF2-1,10.1016_j.optmat.2017.06.052,2,Title reports refractive index and dispersion data for CaF2 (calcium fluoride).
ri-CaF2-1,10.1016_j.solener.2021.01.012,0,"Title discusses Broadband graded, not CaF2 (calcium fluoride)."
ri-CaF2-1,10.1021_acs.chemmater.6b01111,0,"Title discusses A Deep-Ultraviolet, not CaF2 (calcium fluoride)."
ri-CaF2-1,10.1021_cm8010106,0,"Title discusses CSD, not CaF2 (calcium fluoride)."
ri-CaF2-1,10.1038_ncomms2335,0,"Title discusses Mid-infrared optical, not CaF2 (calcium fluoride)."
ri-CaF2-1,10.1063_1.1327273,0,"Title discusses Application of, not CaF2 (calcium fluoride)."
ri-CaF2-1,10.1063_1.1640784,0,"Title discusses Femtosecond-laser-encoded distributed-feedback, not CaF2 (calcium fluoride)."
ri-CaF2-1,10.1063_1.3159673,0,"Title discusses Energy decomposition, not CaF2 (calcium fluoride)."
ri-CaF2-1,10.1063_1.3599884,0,"Title discusses Refractive index, not CaF2 (calcium fluoride)."
ri-CaF2-1,10.1063_1.451131,0,"Title discusses The determination, not CaF2 (calcium fluoride)."
ri-CaF2-1,10.1063_1.4890714,0,"Title discusses Determining the, not CaF2 (calcium fluoride)."
ri-CaF2-1,10.1063_1.555616,2,Title gives refractive index of alkaline earth halides (CaF2).
ri-CaF2-1,10.1063_1.89561,0,"Title discusses Nonlinear refractive, not CaF2 (calcium fluoride)."
ri-CaF2-1,10.1103_physrev.127.1950,2,Title reports refractive index and dispersion data for CaF2 (calcium fluoride).
ri-CaF2-1,10.1103_physrev.130.2193,0,"Title discusses Infrared Absorption, not CaF2 (calcium fluoride)."
ri-CaF2-1,10.1103_physrev.144.495,0,"Title discusses Optical Modes, not CaF2 (calcium fluoride)."
ri-CaF2-1,10.1103_physrev.146.526,0,"Title discusses Temperature Dependence, not CaF2 (calcium fluoride)."
ri-CaF2-1,10.1103_physrev.150.573,0,"Title discusses Optical Modes, not CaF2 (calcium fluoride)."
ri-CaF2-1,10.1103_physrev.154.817,0,"Title discusses Optical Properties, not CaF2 (calcium fluoride)."
ri-CaF2-1,10.1103_physrev.157.709,2,Title reports refractive index and dispersion data for CaF2 (calcium fluoride).
ri-CaF2-1,10.1103_physreva.84.011804,0,"Title discusses Thermal-noise-limited crystalline, not CaF2 (calcium fluoride)."
ri-CaF2-1,10.1103_physrevb.27.3662,0,"Title discusses High-resolution helium, not CaF2 (calcium fluoride)."
ri-CaF2-1,10.1103_physrevb.39.3337,0,"Title discusses nonlinear index of crystals, without CaF2 dispersion formula."
ri-CaF2-1,10.1103_physrevb.64.241102,1,Title discusses related optical/physical data for CaF2 (calcium fluoride).
ri-CaF2-1,10.1103_physrevlett.113.123901,0,"Title discusses Mode Spectrum, not CaF2 (calcium fluoride)."
ri-CaF2-1,10.1103_physrevlett.46.437,0,"Title discusses Measurement of, not CaF2 (calcium fluoride)."
ri-CaF2-1,10.1109_jphot.2013.2277882,0,"Title discusses Azimuthal Turing, not CaF2 (calcium fluoride)."
ri-CaF2-1,10.1116_1.1315743,0,"Title discusses Porosity of, not CaF2 (calcium fluoride)."
ri-CaF2-1,10.1117_1.2965541,0,"Title discusses Optical properties, not CaF2 (calcium fluoride)."
ri-CaF2-1,10.1117_12.201666,2,Title reports refractive index and dispersion data for CaF2 (calcium fluoride).
ri-CaF2-1,10.1117_12.2190104,0,"Title discusses Dispersion model, not CaF2 (calcium fluoride)."
ri-CaF2-1,10.1364_ao.2.001103,2,Title reports refractive index and dispersion data for CaF2 (calcium fluoride).
ri-CaF2-1,10.1364_ao.22.002419,0,"Title discusses Refractive-index dispersion, not CaF2 (calcium fluoride)."
ri-CaF2-1,10.1364_ao.22.003191,0,"Title discusses Determination of, not CaF2 (calcium fluoride)."
ri-CaF2-1,10.1364_ao.23.001980,0,"Title discusses Refractive properties, not CaF2 (calcium fluoride)."
ri-CaF2-1,10.1364_ao.27.002549,0,"Title discusses Determination of, not CaF2 (calcium fluoride)."
ri-CaF2-1,10.1364_ao.37.005964,2,Title reports refractive index and dispersion data for CaF2 (calcium fluoride).
ri-CaF2-1,10.1364_ao.41.002508,2,Title reports refractive index and dispersion data for CaF2 (calcium fluoride).
ri-CaF2-1,10.1364_ao.41.003196,0,"Title discusses Ultraviolet optical, not CaF2 (calcium fluoride)."
ri-CaF2-1,10.1364_ao.41.005275,2,Title reports refractive index and dispersion data for CaF2 (calcium fluoride).
ri-CaF2-1,10.1364_ao.57.001260,0,"Title discusses Temperature-dependent optical, not CaF2 (calcium fluoride)."
ri-CaF2-1,10.1364_josa.53.001286,0,"Title discusses Temperature Dependence, not CaF2 (calcium fluoride)."
ri-CaF2-1,10.1364_josa.54.000628,0,"Title discusses Refractive Properties, not CaF2 (calcium fluoride)."
ri-CaF2-1,10.1364_josa.73.001062,0,"Title discusses Vacuum-ultraviolet refractive, not CaF2 (calcium fluoride)."
ri-CaF2-1,10.1364_josab.34.000715,0,"Title discusses High-order dispersion, not CaF2 (calcium fluoride)."
ri-CaF2-1,10.1364_oe.16.005516,0,"Title discusses Simultaneous measurement, not CaF2 (calcium fluoride)."
ri-CaF2-1,10.1364_oe.22.030934,0,"Title discusses High-Q MgF2, not CaF2 (calcium fluoride)."
ri-CaF2-1,10.1364_oe.434238,0,"Title discusses Post-compression of, not CaF2 (calcium fluoride)."
ri-CaF2-1,10.1364_oe.579736,0,"Title discusses Nonlinear refractive, not CaF2 (calcium fluoride)."
ri-CaF2-1,10.1364_ol.29.002767,1,Title discusses related optical/physical data for CaF2 (calcium fluoride).
ri-CaF2-1,10.1364_ol.36.002290,0,"Title discusses Generation of, not CaF2 (calcium fluoride)."
ri-CaF2-1,10.1364_ome.496246,1,Title discusses related optical/physical data for CaF2 (calcium fluoride).
ri-CaF2-1,10.1364_ome.7.000989,0,"Title discusses Self-consistent optical, not CaF2 (calcium fluoride)."
ri-CaF2-1,10.3390_bios11040104,0,"Title discusses Highly Sensitive, not CaF2 (calcium fluoride)."
ri-CaF2-1,10.6028_jres.067a.040,0,"Title discusses Measurement of, not CaF2 (calcium fluoride)."
ri-CaF2-1,10.6028_jres.069a.033,0,"Title discusses Effect of, not CaF2 (calcium fluoride)."
ri-CaF2-2,10.1002_adfm.200800954,0,"Title discusses P3HT, not CaF2 (calcium fluoride)."
ri-CaF2-2,10.1002_pssb.19670210131,0,"Title discusses Calculations of, not CaF2 (calcium fluoride)."
ri-CaF2-2,10.1002_sici_1099_159x_199907_08_7_4_245_aid_pip255_3.0.co_2_3,0,"Title discusses PECVD, not CaF2 (calcium fluoride)."
ri-CaF2-2,10.1016_0022_3697_66_90232_0,2,Title reports refractive index and dispersion data for CaF2 (calcium fluoride).
ri-CaF2-2,10.1016_j.apsusc.2016.09.149,0,"Title discusses Universal dispersion, not CaF2 (calcium fluoride)."
ri-CaF2-2,10.1016_j.ijleo.2021.166950,0,"Title discusses High sensitivity, not CaF2 (calcium fluoride)."
ri-CaF2-2,10.1016_j.optmat.2011.05.035,1,Title discusses related optical/physical data for CaF2 (calcium fluoride).
ri-CaF2-2,10.1016_j.optmat.2017.06.052,2,Title reports refractive index and dispersion data for CaF2 (calcium fluoride).
ri-CaF2-2,10.1016_j.solener.2021.01.012,0,"Title discusses Broadband graded, not CaF2 (calcium fluoride)."
ri-CaF2-2,10.1021_acs.chemmater.6b01111,0,"Title discusses A Deep-Ultraviolet, not CaF2 (calcium fluoride)."
ri-CaF2-2,10.1021_cm8010106,0,"Title discusses CSD, not CaF2 (calcium fluoride)."
ri-CaF2-2,10.1038_ncomms2335,0,"Title discusses Mid-infrared optical, not CaF2 (calcium fluoride)."
ri-CaF2-2,10.1063_1.1327273,0,"Title discusses Application of, not CaF2 (calcium fluoride)."
ri-CaF2-2,10.1063_1.1640784,0,"Title discusses Femtosecond-laser-encoded distributed-feedback, not CaF2 (calcium fluoride)."
ri-CaF2-2,10.1063_1.3159673,0,"Title discusses Energy decomposition, not CaF2 (calcium fluoride)."
ri-CaF2-2,10.1063_1.3599884,0,"Title discusses Refractive index, not CaF2 (calcium fluoride)."
ri-CaF2-2,10.1063_1.451131,0,"Title discusses The determination, not CaF2 (calcium fluoride)."
ri-CaF2-2,10.1063_1.4890714,0,"Title discusses Determining the, not CaF2 (calcium fluoride)."
ri-CaF2-2,10.1063_1.555616,2,Title gives refractive index of alkaline earth halides (CaF2).
ri-CaF2-2,10.1063_1.89561,0,"Title discusses Nonlinear refractive, not CaF2 (calcium fluoride)."
ri-CaF2-2,10.1103_physrev.127.1950,2,Title reports refractive index and dispersion data for CaF2 (calcium fluoride).
ri-CaF2-2,10.1103_physrev.130.2193,0,"Title discusses Infrared Absorption, not CaF2 (calcium fluoride)."
ri-CaF2-2,10.1103_physrev.144.495,0,"Title discusses Optical Modes, not CaF2 (calcium fluoride)."
ri-CaF2-2,10.1103_physrev.146.526,0,"Title discusses Temperature Dependence, not CaF2 (calcium fluoride)."
ri-CaF2-2,10.1103_physrev.150.573,0,"Title discusses Optical Modes, not CaF2 (calcium fluoride)."
ri-CaF2-2,10.1103_physrev.154.817,0,"Title discusses Optical Properties, not CaF2 (calcium fluoride)."
ri-CaF2-2,10.1103_physrev.157.709,2,Title reports refractive index and dispersion data for CaF2 (calcium fluoride).
ri-CaF2-2,10.1103_physreva.84.011804,0,"Title discusses Thermal-noise-limited crystalline, not CaF2 (calcium fluoride)."
ri-CaF2-2,10.1103_physrevb.27.3662,0,"Title discusses High-resolution helium, not CaF2 (calcium fluoride)."
ri-CaF2-2,10.1103_physrevb.39.3337,0,"Title discusses nonlinear index of crystals, without CaF2 dispersion formula."
ri-CaF2-2,10.1103_physrevb.64.241102,1,Title discusses related optical/physical data for CaF2 (calcium fluoride).
ri-CaF2-2,10.1103_physrevlett.113.123901,0,"Title discusses Mode Spectrum, not CaF2 (calcium fluoride)."
ri-CaF2-2,10.1103_physrevlett.46.437,0,"Title discusses Measurement of, not CaF2 (calcium fluoride)."
ri-CaF2-2,10.1109_jphot.2013.2277882,0,"Title discusses Azimuthal Turing, not CaF2 (calcium fluoride)."
ri-CaF2-2,10.1116_1.1315743,0,"Title discusses Porosity of, not CaF2 (calcium fluoride)."
ri-CaF2-2,10.1117_1.2965541,0,"Title discusses Optical properties, not CaF2 (calcium fluoride)."
ri-CaF2-2,10.1117_12.201666,2,Title reports refractive index and dispersion data for CaF2 (calcium fluoride).
ri-CaF2-2,10.1117_12.2190104,0,"Title discusses Dispersion model, not CaF2 (calcium fluoride)."
ri-CaF2-2,10.1364_ao.2.001103,2,Title reports refractive index and dispersion data for CaF2 (calcium fluoride).
ri-CaF2-2,10.1364_ao.22.002419,0,"Title discusses Refractive-index dispersion, not CaF2 (calcium fluoride)."
ri-CaF2-2,10.1364_ao.22.003191,0,"Title discusses Determination of, not CaF2 (calcium fluoride)."
ri-CaF2-2,10.1364_ao.23.001980,0,"Title discusses Refractive properties, not CaF2 (calcium fluoride)."
ri-CaF2-2,10.1364_ao.27.002549,0,"Title discusses Determination of, not CaF2 (calcium fluoride)."
ri-CaF2-2,10.1364_ao.37.005964,2,Title reports refractive index and dispersion data for CaF2 (calcium fluoride).
ri-CaF2-2,10.1364_ao.41.002508,2,Title reports refractive index and dispersion data for CaF2 (calcium fluoride).
ri-CaF2-2,10.1364_ao.41.003196,0,"Title discusses Ultraviolet optical, not CaF2 (calcium fluoride)."
ri-CaF2-2,10.1364_ao.41.005275,2,Title reports refractive index and dispersion data for CaF2 (calcium fluoride).
ri-CaF2-2,10.1364_ao.57.001260,0,"Title discusses Temperature-dependent optical, not CaF2 (calcium fluoride)."
ri-CaF2-2,10.1364_josa.53.001286,0,"Title discusses Temperature Dependence, not CaF2 (calcium fluoride)."
ri-CaF2-2,10.1364_josa.54.000628,0,"Title discusses Refractive Properties, not CaF2 (calcium fluoride)."
ri-CaF2-2,10.1364_josa.73.001062,0,"Title discusses Vacuum-ultraviolet refractive, not CaF2 (calcium fluoride)."
ri-CaF2-2,10.1364_josab.34.000715,0,"Title discusses High-order dispersion, not CaF2 (calcium fluoride)."
ri-CaF2-2,10.1364_oe.16.005516,0,"Title discusses Simultaneous measurement, not CaF2 (calcium fluoride)."
ri-CaF2-2,10.1364_oe.22.030934,0,"Title discusses High-Q MgF2, not CaF2 (calcium fluoride)."
ri-CaF2-2,10.1364_oe.434238,0,"Title discusses Post-compression of, not CaF2 (calcium fluoride)."
ri-CaF2-2,10.1364_oe.579736,0,"Title discusses Nonlinear refractive, not CaF2 (calcium fluoride)."
ri-CaF2-2,10.1364_ol.29.002767,1,Title discusses related optical/physical data for CaF2 (calcium fluoride).
ri-CaF2-2,10.1364_ol.36.002290,0,"Title discusses Generation of, not CaF2 (calcium fluoride)."
ri-CaF2-2,10.1364_ome.496246,1,Title discusses related optical/physical data for CaF2 (calcium fluoride).
ri-CaF2-2,10.1364_ome.7.000989,0,"Title discusses Self-consistent optical, not CaF2 (calcium fluoride)."
ri-CaF2-2,10.3390_bios11040104,0,"Title discusses Highly Sensitive, not CaF2 (calcium fluoride)."
ri-CaF2-2,10.6028_jres.067a.040,0,"Title discusses Measurement of, not CaF2 (calcium fluoride)."
ri-CaF2-2,10.6028_jres.069a.033,0,"Title discusses Effect of, not CaF2 (calcium fluoride)."
ri-CaF2-3,10.1002_adfm.200800954,0,"Title discusses P3HT, not CaF2 (calcium fluoride)."
ri-CaF2-3,10.1002_pssb.19670210131,0,"Title discusses Calculations of, not CaF2 (calcium fluoride)."
ri-CaF2-3,10.1002_sici_1099_159x_199907_08_7_4_245_aid_pip255_3.0.co_2_3,0,"Title discusses PECVD, not CaF2 (calcium fluoride)."
ri-CaF2-3,10.1016_0022_3697_66_90232_0,2,Title reports refractive index and dispersion data for CaF2 (calcium fluoride).
ri-CaF2-3,10.1016_j.apsusc.2016.09.149,0,"Title discusses Universal dispersion, not CaF2 (calcium fluoride)."
ri-CaF2-3,10.1016_j.ijleo.2021.166950,0,"Title discusses High sensitivity, not CaF2 (calcium fluoride)."
ri-CaF2-3,10.1016_j.optmat.2011.05.035,1,Title discusses related optical/physical data for CaF2 (calcium fluoride).
ri-CaF2-3,10.1016_j.optmat.2017.06.052,2,Title reports refractive index and dispersion data for CaF2 (calcium fluoride).
ri-CaF2-3,10.1016_j.solener.2021.01.012,0,"Title discusses Broadband graded, not CaF2 (calcium fluoride)."
ri-CaF2-3,10.1021_acs.chemmater.6b01111,0,"Title discusses A Deep-Ultraviolet, not CaF2 (calcium fluoride)."
ri-CaF2-3,10.1021_cm8010106,0,"Title discusses CSD, not CaF2 (calcium fluoride)."
ri-CaF2-3,10.1038_ncomms2335,0,"Title discusses Mid-infrared optical, not CaF2 (calcium fluoride)."
ri-CaF2-3,10.1063_1.1327273,0,"Title discusses Application of, not CaF2 (calcium fluoride)."
ri-CaF2-3,10.1063_1.1640784,0,"Title discusses Femtosecond-laser-encoded distributed-feedback, not CaF2 (calcium fluoride)."
ri-CaF2-3,10.1063_1.3159673,0,"Title discusses Energy decomposition, not CaF2 (calcium fluoride)."
ri-CaF2-3,10.1063_1.3599884,0,"Title discusses Refractive index, not CaF2 (calcium fluoride)."
ri-CaF2-3,10.1063_1.451131,0,"Title discusses The determination, not CaF2 (calcium fluoride)."
ri-CaF2-3,10.1063_1.4890714,0,"Title discusses Determining the, not CaF2 (calcium fluoride)."
ri-CaF2-3,10.1063_1.555616,2,Title gives refractive index of alkaline earth halides (CaF2).
ri-CaF2-3,10.1063_1.89561,0,"Title discusses Nonlinear refractive, not CaF2 (calcium fluoride)."
ri-CaF2-3,10.1103_physrev.127.1950,2,Title reports refractive index and dispersion data for CaF2 (calcium fluoride).
ri-CaF2-3,10.1103_physrev.130.2193,0,"Title discusses Infrared Absorption, not CaF2 (calcium fluoride)."
ri-CaF2-3,10.1103_physrev.144.495,0,"Title discusses Optical Modes, not CaF2 (calcium fluoride)."
ri-CaF2-3,10.1103_physrev.146.526,0,"Title discusses Temperature Dependence, not CaF2 (calcium fluoride)."
ri-CaF2-3,10.1103_physrev.150.573,0,"Title discusses Optical Modes, not CaF2 (calcium fluoride)."
ri-CaF2-3,10.1103_physrev.154.817,0,"Title discusses Optical Properties, not CaF2 (calcium fluoride)."
ri-CaF2-3,10.1103_physrev.157.709,2,Title reports refractive index and dispersion data for CaF2 (calcium fluoride).
ri-CaF2-3,10.1103_physreva.84.011804,0,"Title discusses Thermal-noise-limited crystalline, not CaF2 (calcium fluoride)."
ri-CaF2-3,10.1103_physrevb.27.3662,0,"Title discusses High-resolution helium, not CaF2 (calcium fluoride)."
ri-CaF2-3,10.1103_physrevb.39.3337,0,"Title discusses nonlinear index of crystals, without CaF2 dispersion formula."
ri-CaF2-3,10.1103_physrevb.64.241102,1,Title discusses related optical/physical data for CaF2 (calcium fluoride).
ri-CaF2-3,10.1103_physrevlett.113.123901,0,"Title discusses Mode Spectrum, not CaF2 (calcium fluoride)."
ri-CaF2-3,10.1103_physrevlett.46.437,0,"Title discusses Measurement of, not CaF2 (calcium fluoride)."
ri-CaF2-3,10.1109_jphot.2013.2277882,0,"Title discusses Azimuthal Turing, not CaF2 (calcium fluoride)."
ri-CaF2-3,10.1116_1.1315743,0,"Title discusses Porosity of, not CaF2 (calcium fluoride)."
ri-CaF2-3,10.1117_1.2965541,0,"Title discusses Optical properties, not CaF2 (calcium fluoride)."
ri-CaF2-3,10.1117_12.201666,2,Title reports refractive index and dispersion data for CaF2 (calcium fluoride).
ri-CaF2-3,10.1117_12.2190104,0,"Title discusses Dispersion model, not CaF2 (calcium fluoride)."
ri-CaF2-3,10.1364_ao.2.001103,2,Title reports refractive index and dispersion data for CaF2 (calcium fluoride).
ri-CaF2-3,10.1364_ao.22.002419,0,"Title discusses Refractive-index dispersion, not CaF2 (calcium fluoride)."
ri-CaF2-3,10.1364_ao.22.003191,0,"Title discusses Determination of, not CaF2 (calcium fluoride)."
ri-CaF2-3,10.1364_ao.23.001980,0,"Title discusses Refractive properties, not CaF2 (calcium fluoride)."
ri-CaF2-3,10.1364_ao.27.002549,0,"Title discusses Determination of, not CaF2 (calcium fluoride)."
ri-CaF2-3,10.1364_ao.37.005964,2,Title reports refractive index and dispersion data for CaF2 (calcium fluoride).
ri-CaF2-3,10.1364_ao.41.002508,2,Title reports refractive index and dispersion data for CaF2 (calcium fluoride).
ri-CaF2-3,10.1364_ao.41.003196,0,"Title discusses Ultraviolet optical, not CaF2 (calcium fluoride)."
ri-CaF2-3,10.1364_ao.41.005275,2,Title reports refractive index and dispersion data for CaF2 (calcium fluoride).
ri-CaF2-3,10.1364_ao.57.001260,0,"Title discusses Temperature-dependent optical, not CaF2 (calcium fluoride)."
ri-CaF2-3,10.1364_josa.53.001286,0,"Title discusses Temperature Dependence, not CaF2 (calcium fluoride)."
ri-CaF2-3,10.1364_josa.54.000628,0,"Title discusses Refractive Properties, not CaF2 (calcium fluoride)."
ri-CaF2-3,10.1364_josa.73.001062,0,"Title discusses Vacuum-ultraviolet refractive, not CaF2 (calcium fluoride)."
ri-CaF2-3,10.1364_josab.34.000715,0,"Title discusses High-order dispersion, not CaF2 (calcium fluoride)."
ri-CaF2-3,10.1364_oe.16.005516,0,"Title discusses Simultaneous measurement, not CaF2 (calcium fluoride)."
ri-CaF2-3,10.1364_oe.22.030934,0,"Title discusses High-Q MgF2, not CaF2 (calcium fluoride)."
ri-CaF2-3,10.1364_oe.434238,0,"Title discusses Post-compression of, not CaF2 (calcium fluoride)."
ri-CaF2-3,10.1364_oe.579736,0,"Title discusses Nonlinear refractive, not CaF2 (calcium fluoride)."
ri-CaF2-3,10.1364_ol.29.002767,1,Title discusses related optical/physical data for CaF2 (calcium fluoride).
ri-CaF2-3,10.1364_ol.36.002290,0,"Title discusses Generation of, not CaF2 (calcium fluoride)."
ri-CaF2-3,10.1364_ome.496246,1,Title discusses related optical/physical data for CaF2 (calcium fluoride).
ri-CaF2-3,10.1364_ome.7.000989,0,"Title discusses Self-consistent optical, not CaF2 (calcium fluoride)."
ri-CaF2-3,10.3390_bios11040104,0,"Title discusses Highly Sensitive, not CaF2 (calcium fluoride)."
ri-CaF2-3,10.6028_jres.067a.040,0,"Title discusses Measurement of, not CaF2 (calcium fluoride)."
ri-CaF2-3,10.6028_jres.069a.033,0,"Title discusses Effect of, not CaF2 (calcium fluoride)."
ri-CaGdAlO4-1,10.1364_ol.42.002275,2,Title provides Sellmeier equations for CaGdAlO4 (CALGO).
ri-CaGdAlO4-2,10.1364_ol.42.002275,2,Title provides Sellmeier equations for CaGdAlO4 (CALGO).
ri-CaGdAlO4-3,10.1364_ol.42.002275,2,Title provides Sellmeier equations for CaGdAlO4 (CALGO).
ri-CaMoO4-1,10.1063_1.1703106,2,Title measures refractive indices of several crystals including CaMoO4.
ri-CaMoO4-1,10.1364_josa.58.001446,2,Title reports refractive index and dispersion data for CaMoO4.
ri-CaMoO4-2,10.1063_1.1703106,2,Title measures refractive indices of several crystals including CaMoO4.
ri-CaMoO4-2,10.1364_josa.58.001446,2,Title reports refractive index and dispersion data for CaMoO4.
ri-CaMoO4-3,10.1063_1.1703106,2,Title measures refractive indices of several crystals including CaMoO4.
ri-CaMoO4-3,10.1364_josa.58.001446,2,Title reports refractive index and dispersion data for CaMoO4.
ri-CaO-1,10.1002_anie.202217547,0,"Title discusses Host, not CaO."
ri-CaO-1,10.1002_chem.202004848,0,"Title discusses LaCoO, not CaO."
ri-CaO-1,10.1021_acs.chemmater.6b00847,0,"Title discusses Ruddlesden, not CaO."
ri-CaO-1,10.1021_jacs.5b04305,0,"Title discusses Strong Second-Harmonic, not CaO."
ri-CaO-1,10.1038_s41566_023_01187_z,0,"Title discusses Very-large-scale integrated, not CaO."
ri-CaO-1,10.1039_c9cc07288h,0,"Title discusses CuFeS, not CaO."
ri-CaO-1,10.1103_physrevb.39.3337,0,"Title discusses nonlinear index of crystals, without CaO dispersion formula."
ri-CaO-1,10.1177_0021955x231162187,0,"Title discusses Preparation of, not CaO."
ri-CaO-1,10.3390_cryst6120158,0,"Title discusses Molecular Structures, not CaO."
ri-CaO-2,10.1002_anie.202217547,0,"Title discusses Host, not CaO."
ri-CaO-2,10.1002_chem.202004848,0,"Title discusses LaCoO, not CaO."
ri-CaO-2,10.1021_acs.chemmater.6b00847,0,"Title discusses Ruddlesden, not CaO."
ri-CaO-2,10.1021_jacs.5b04305,0,"Title discusses Strong Second-Harmonic, not CaO."
ri-CaO-2,10.1038_s41566_023_01187_z,0,"Title discusses Very-large-scale integrated, not CaO."
ri-CaO-2,10.1039_c9cc07288h,0,"Title discusses CuFeS, not CaO."
ri-CaO-2,10.1103_physrevb.39.3337,0,"Title discusses nonlinear index of crystals, without CaO dispersion formula."
ri-CaO-2,10.1177_0021955x231162187,0,"Title discusses Preparation of, not CaO."
ri-CaO-2,10.3390_cryst6120158,0,"Title discusses Molecular Structures, not CaO."
ri-CaO-3,10.1002_anie.202217547,0,"Title discusses Host, not CaO."
ri-CaO-3,10.1002_chem.202004848,0,"Title discusses LaCoO, not CaO."
ri-CaO-3,10.1021_acs.chemmater.6b00847,0,"Title discusses Ruddlesden, not CaO."
ri-CaO-3,10.1021_jacs.5b04305,0,"Title discusses Strong Second-Harmonic, not CaO."
ri-CaO-3,10.1038_s41566_023_01187_z,0,"Title discusses Very-large-scale integrated, not CaO."
ri-CaO-3,10.1039_c9cc07288h,0,"Title discusses CuFeS, not CaO."
ri-CaO-3,10.1103_physrevb.39.3337,0,"Title discusses nonlinear index of crystals, without CaO dispersion formula."
ri-CaO-3,10.1177_0021955x231162187,0,"Title discusses Preparation of, not CaO."
ri-CaO-3,10.3390_cryst6120158,0,"Title discusses Molecular Structures, not CaO."
ri-CaWO4-1,10.1063_1.1703106,2,Title measures refractive indices of several crystals including CaWO4.
ri-CaWO4-1,10.1103_physrevb.39.3337,0,"Title discusses nonlinear index of crystals, without CaWO4 dispersion formula."
ri-CaWO4-1,10.1364_josa.58.001446,2,Title reports refractive index and dispersion data for CaWO4.
ri-CaWO4-2,10.1063_1.1703106,2,Title measures refractive indices of several crystals including CaWO4.
ri-CaWO4-2,10.1103_physrevb.39.3337,0,"Title discusses nonlinear index of crystals, without CaWO4 dispersion formula."
ri-CaWO4-2,10.1364_josa.58.001446,2,Title reports refractive index and dispersion data for CaWO4.
ri-CaWO4-3,10.1063_1.1703106,2,Title measures refractive indices of several crystals including CaWO4.
ri-CaWO4-3,10.1103_physrevb.39.3337,0,"Title discusses nonlinear index of crystals, without CaWO4 dispersion formula."
ri-CaWO4-3,10.1364_josa.58.001446,2,Title reports refractive index and dispersion data for CaWO4.
ri-CaYAlO4-1,10.1364_ol.42.002275,2,Title provides Sellmeier equations for CaYAlO4 (CALYO).
ri-CaYAlO4-2,10.1364_ol.42.002275,2,Title provides Sellmeier equations for CaYAlO4 (CALYO).
ri-CaYAlO4-3,10.1364_ol.42.002275,2,Title provides Sellmeier equations for CaYAlO4 (CALYO).
ri-CdF2-1,10.1063_1.89561,0,"Title discusses Nonlinear refractive, not CdF2."
ri-CdF2-1,10.1103_physrev.157.709,2,Title reports refractive index and dispersion data for CdF2.
ri-CdF2-1,10.1103_physrevb.39.3337,0,"Title discusses nonlinear index of crystals, without CdF2 dispersion formula."
ri-CdF2-2,10.1063_1.89561,0,"Title discusses Nonlinear refractive, not CdF2."
ri-CdF2-2,10.1103_physrev.157.709,2,Title reports refractive index and dispersion data for CdF2.
ri-CdF2-2,10.1103_physrevb.39.3337,0,"Title discusses nonlinear index of crystals, without CdF2 dispersion formula."
ri-CdF2-3,10.1063_1.89561,0,"Title discusses Nonlinear refractive, not CdF2."
ri-CdF2-3,10.1103_physrev.157.709,2,Title reports refractive index and dispersion data for CdF2.
ri-CdF2-3,10.1103_physrevb.39.3337,0,"Title discusses nonlinear index of crystals, without CdF2 dispersion formula."
ri-CdGeAs2-1,10.1002_advs.202106120,1,Title studies nonlinear optical properties of CdGeAs2.
ri-CdGeAs2-1,10.1002_pssa.2210570233,1,Title discusses related optical/physical data for CdGeAs2.
ri-CdGeAs2-1,10.1002_pssb.2221350220,1,Title discusses related optical/physical data for CdGeAs2.
ri-CdGeAs2-1,10.1007_bf00698031,1,Title studies second-harmonic generation in CdGeAs2.
ri-CdGeAs2-1,10.1007_s13538_016_0455_y,1,Title studies nonlinear optical properties of CdGeAs2.
ri-CdGeAs2-1,10.1016_0022_3697_70_90097_1,1,Title discusses related optical/physical data for CdGeAs2.
ri-CdGeAs2-1,10.1016_0030_4018_73_90316_7,1,Title studies thermal or damage properties of CdGeAs2.
ri-CdGeAs2-1,10.1016_0030_4018_74_90350_2,1,Title discusses related optical/physical data for CdGeAs2.
ri-CdGeAs2-1,10.1016_j.cossms.2008.07.001,1,Title studies nonlinear optical properties of CdGeAs2.
ri-CdGeAs2-1,10.1016_j.jcrysgro.2007.11.150,1,Title discusses related optical/physical data for CdGeAs2.
ri-CdGeAs2-1,10.1016_j.jcrysgro.2021.126060,1,Title investigates crystal growth and properties of CdGeAs2.
ri-CdGeAs2-1,10.1016_j.mtcomm.2022.103276,1,Title discusses related optical/physical data for CdGeAs2.
ri-CdGeAs2-1,10.1016_j.ssc.2014.11.021,1,Title discusses related optical/physical data for CdGeAs2.
ri-CdGeAs2-1,10.1039_c4ce00817k,1,Title studies nonlinear optical properties of CdGeAs2.
ri-CdGeAs2-1,10.1063_1.109716,1,Title studies second-harmonic generation in CdGeAs2.
ri-CdGeAs2-1,10.1063_1.118179,1,Title discusses related optical/physical data for CdGeAs2.
ri-CdGeAs2-1,10.1063_1.122417,1,Title discusses related optical/physical data for CdGeAs2.
ri-CdGeAs2-1,10.1063_1.1653901,1,Title studies nonlinear optical properties of CdGeAs2.
ri-CdGeAs2-1,10.1063_1.1678930,1,Title discusses related optical/physical data for CdGeAs2.
ri-CdGeAs2-1,10.1063_1.1687338,1,Title studies nonlinear optical properties of CdGeAs2.
ri-CdGeAs2-1,10.1063_1.1835564,1,Title investigates optical absorption and transmission of CdGeAs2.
ri-CdGeAs2-1,10.1063_1.2158493,1,Title discusses related optical/physical data for CdGeAs2.
ri-CdGeAs2-1,10.1063_1.364706,1,Title discusses related optical/physical data for CdGeAs2.
ri-CdGeAs2-1,10.1063_1.370704,1,Title studies nonlinear optical properties of CdGeAs2.
ri-CdGeAs2-1,10.1063_1.5006660,1,Title investigates optical absorption and transmission of CdGeAs2.
ri-CdGeAs2-1,10.1063_1.89104,1,Title studies second-harmonic generation in CdGeAs2.
ri-CdGeAs2-1,10.1088_0953_8984_16_8_011,1,Title investigates optical absorption and transmission of CdGeAs2.
ri-CdGeAs2-1,10.1109_jqe.1972.1076982,2,Title reports linear optical properties of chalcopyrite semiconductor CdGeAs2.
ri-CdGeAs2-1,10.1109_jqe.1974.1068091,1,Title discusses related optical/physical data for CdGeAs2.
ri-CdGeAs2-1,10.1143_jjap.16.1723,1,Title discusses related optical/physical data for CdGeAs2.
ri-CdGeAs2-1,10.1364_ao.41.002299,1,Title studies second-harmonic generation in CdGeAs2.
ri-CdGeAs2-1,10.1364_josa.69.000730,1,Title discusses related optical/physical data for CdGeAs2.
ri-CdGeAs2-1,10.1364_ol.4.000055,1,Title discusses related optical/physical data for CdGeAs2.
ri-CdGeAs2-1,10.1364_ol.42.003920,1,Title discusses related optical/physical data for CdGeAs2.
ri-CdGeAs2-1,10.1364_ol.44.002867,1,Title discusses related optical/physical data for CdGeAs2.
ri-CdGeAs2-1,10.15330_pcss.23.4.728_740,1,Title discusses related optical/physical data for CdGeAs2.
ri-CdGeAs2-1,10.1557_s0883769400029043,1,Title discusses related optical/physical data for CdGeAs2.
ri-CdGeAs2-1,10.1557_s0883769400029092,1,Title studies nonlinear optical properties of CdGeAs2.
ri-CdGeAs2-1,10.3390_coatings12111778,1,Title discusses related optical/physical data for CdGeAs2.
ri-CdGeAs2-1,10.3390_cryst13081164,1,Title studies nonlinear optical properties of CdGeAs2.
ri-CdGeAs2-2,10.1002_advs.202106120,1,Title studies nonlinear optical properties of CdGeAs2.
ri-CdGeAs2-2,10.1002_pssa.2210570233,1,Title discusses related optical/physical data for CdGeAs2.
ri-CdGeAs2-2,10.1002_pssb.2221350220,1,Title discusses related optical/physical data for CdGeAs2.
ri-CdGeAs2-2,10.1007_bf00698031,1,Title studies second-harmonic generation in CdGeAs2.
ri-CdGeAs2-2,10.1007_s13538_016_0455_y,1,Title studies nonlinear optical properties of CdGeAs2.
ri-CdGeAs2-2,10.1016_0022_3697_70_90097_1,1,Title discusses related optical/physical data for CdGeAs2.
ri-CdGeAs2-2,10.1016_0030_4018_73_90316_7,1,Title studies thermal or damage properties of CdGeAs2.
ri-CdGeAs2-2,10.1016_0030_4018_74_90350_2,1,Title discusses related optical/physical data for CdGeAs2.
ri-CdGeAs2-2,10.1016_j.cossms.2008.07.001,1,Title studies nonlinear optical properties of CdGeAs2.
ri-CdGeAs2-2,10.1016_j.jcrysgro.2007.11.150,1,Title discusses related optical/physical data for CdGeAs2.
ri-CdGeAs2-2,10.1016_j.jcrysgro.2021.126060,1,Title investigates crystal growth and properties of CdGeAs2.
ri-CdGeAs2-2,10.1016_j.mtcomm.2022.103276,1,Title discusses related optical/physical data for CdGeAs2.
ri-CdGeAs2-2,10.1016_j.ssc.2014.11.021,1,Title discusses related optical/physical data for CdGeAs2.
ri-CdGeAs2-2,10.1039_c4ce00817k,1,Title studies nonlinear optical properties of CdGeAs2.
ri-CdGeAs2-2,10.1063_1.109716,1,Title studies second-harmonic generation in CdGeAs2.
ri-CdGeAs2-2,10.1063_1.118179,1,Title discusses related optical/physical data for CdGeAs2.
ri-CdGeAs2-2,10.1063_1.122417,1,Title discusses related optical/physical data for CdGeAs2.
ri-CdGeAs2-2,10.1063_1.1653901,1,Title studies nonlinear optical properties of CdGeAs2.
ri-CdGeAs2-2,10.1063_1.1678930,1,Title discusses related optical/physical data for CdGeAs2.
ri-CdGeAs2-2,10.1063_1.1687338,1,Title studies nonlinear optical properties of CdGeAs2.
ri-CdGeAs2-2,10.1063_1.1835564,1,Title investigates optical absorption and transmission of CdGeAs2.
ri-CdGeAs2-2,10.1063_1.2158493,1,Title discusses related optical/physical data for CdGeAs2.
ri-CdGeAs2-2,10.1063_1.364706,1,Title discusses related optical/physical data for CdGeAs2.
ri-CdGeAs2-2,10.1063_1.370704,1,Title studies nonlinear optical properties of CdGeAs2.
ri-CdGeAs2-2,10.1063_1.5006660,1,Title investigates optical absorption and transmission of CdGeAs2.
ri-CdGeAs2-2,10.1063_1.89104,1,Title studies second-harmonic generation in CdGeAs2.
ri-CdGeAs2-2,10.1088_0953_8984_16_8_011,1,Title investigates optical absorption and transmission of CdGeAs2.
ri-CdGeAs2-2,10.1109_jqe.1972.1076982,2,Title reports linear optical properties of chalcopyrite semiconductor CdGeAs2.
ri-CdGeAs2-2,10.1109_jqe.1974.1068091,1,Title discusses related optical/physical data for CdGeAs2.
ri-CdGeAs2-2,10.1143_jjap.16.1723,1,Title discusses related optical/physical data for CdGeAs2.
ri-CdGeAs2-2,10.1364_ao.41.002299,1,Title studies second-harmonic generation in CdGeAs2.
ri-CdGeAs2-2,10.1364_josa.69.000730,1,Title discusses related optical/physical data for CdGeAs2.
ri-CdGeAs2-2,10.1364_ol.4.000055,1,Title discusses related optical/physical data for CdGeAs2.
ri-CdGeAs2-2,10.1364_ol.42.003920,1,Title discusses related optical/physical data for CdGeAs2.
ri-CdGeAs2-2,10.1364_ol.44.002867,1,Title discusses related optical/physical data for CdGeAs2.
ri-CdGeAs2-2,10.15330_pcss.23.4.728_740,1,Title discusses related optical/physical data for CdGeAs2.
ri-CdGeAs2-2,10.1557_s0883769400029043,1,Title discusses related optical/physical data for CdGeAs2.
ri-CdGeAs2-2,10.1557_s0883769400029092,1,Title studies nonlinear optical properties of CdGeAs2.
ri-CdGeAs2-2,10.3390_coatings12111778,1,Title discusses related optical/physical data for CdGeAs2.
ri-CdGeAs2-2,10.3390_cryst13081164,1,Title studies nonlinear optical properties of CdGeAs2.
ri-CdGeAs2-3,10.1002_advs.202106120,1,Title studies nonlinear optical properties of CdGeAs2.
ri-CdGeAs2-3,10.1002_pssa.2210570233,1,Title discusses related optical/physical data for CdGeAs2.
ri-CdGeAs2-3,10.1002_pssb.2221350220,1,Title discusses related optical/physical data for CdGeAs2.
ri-CdGeAs2-3,10.1007_bf00698031,1,Title studies second-harmonic generation in CdGeAs2.
ri-CdGeAs2-3,10.1007_s13538_016_0455_y,1,Title studies nonlinear optical properties of CdGeAs2.
ri-CdGeAs2-3,10.1016_0022_3697_70_90097_1,1,Title discusses related optical/physical data for CdGeAs2.
ri-CdGeAs2-3,10.1016_0030_4018_73_90316_7,1,Title studies thermal or damage properties of CdGeAs2.
ri-CdGeAs2-3,10.1016_0030_4018_74_90350_2,1,Title discusses related optical/physical data for CdGeAs2.
ri-CdGeAs2-3,10.1016_j.cossms.2008.07.001,1,Title studies nonlinear optical properties of CdGeAs2.
ri-CdGeAs2-3,10.1016_j.jcrysgro.2007.11.150,1,Title discusses related optical/physical data for CdGeAs2.
ri-CdGeAs2-3,10.1016_j.jcrysgro.2021.126060,1,Title investigates crystal growth and properties of CdGeAs2.
ri-CdGeAs2-3,10.1016_j.mtcomm.2022.103276,1,Title discusses related optical/physical data for CdGeAs2.
ri-CdGeAs2-3,10.1016_j.ssc.2014.11.021,1,Title discusses related optical/physical data for CdGeAs2.
ri-CdGeAs2-3,10.1039_c4ce00817k,1,Title studies nonlinear optical properties of CdGeAs2.
ri-CdGeAs2-3,10.1063_1.109716,1,Title studies second-harmonic generation in CdGeAs2.
ri-CdGeAs2-3,10.1063_1.118179,1,Title discusses related optical/physical data for CdGeAs2.
ri-CdGeAs2-3,10.1063_1.122417,1,Title discusses related optical/physical data for CdGeAs2.
ri-CdGeAs2-3,10.1063_1.1653901,1,Title studies nonlinear optical properties of CdGeAs2.
ri-CdGeAs2-3,10.1063_1.1678930,1,Title discusses related optical/physical data for CdGeAs2.
ri-CdGeAs2-3,10.1063_1.1687338,1,Title studies nonlinear optical properties of CdGeAs2.
ri-CdGeAs2-3,10.1063_1.1835564,1,Title investigates optical absorption and transmission of CdGeAs2.
ri-CdGeAs2-3,10.1063_1.2158493,1,Title discusses related optical/physical data for CdGeAs2.
ri-CdGeAs2-3,10.1063_1.364706,1,Title discusses related optical/physical data for CdGeAs2.
ri-CdGeAs2-3,10.1063_1.370704,1,Title studies nonlinear optical properties of CdGeAs2.
ri-CdGeAs2-3,10.1063_1.5006660,1,Title investigates optical absorption and transmission of CdGeAs2.
ri-CdGeAs2-3,10.1063_1.89104,1,Title studies second-harmonic generation in CdGeAs2.
ri-CdGeAs2-3,10.1088_0953_8984_16_8_011,1,Title investigates optical absorption and transmission of CdGeAs2.
ri-CdGeAs2-3,10.1109_jqe.1972.1076982,2,Title reports linear optical properties of chalcopyrite semiconductor CdGeAs2.
ri-CdGeAs2-3,10.1109_jqe.1974.1068091,1,Title discusses related optical/physical data for CdGeAs2.
ri-CdGeAs2-3,10.1143_jjap.16.1723,1,Title discusses related optical/physical data for CdGeAs2.
ri-CdGeAs2-3,10.1364_ao.41.002299,1,Title studies second-harmonic generation in CdGeAs2.
ri-CdGeAs2-3,10.1364_josa.69.000730,1,Title discusses related optical/physical data for CdGeAs2.
ri-CdGeAs2-3,10.1364_ol.4.000055,1,Title discusses related optical/physical data for CdGeAs2.
ri-CdGeAs2-3,10.1364_ol.42.003920,1,Title discusses related optical/physical data for CdGeAs2.
ri-CdGeAs2-3,10.1364_ol.44.002867,1,Title discusses related optical/physical data for CdGeAs2.
ri-CdGeAs2-3,10.15330_pcss.23.4.728_740,1,Title discusses related optical/physical data for CdGeAs2.
ri-CdGeAs2-3,10.1557_s0883769400029043,1,Title discusses related optical/physical data for CdGeAs2.
ri-CdGeAs2-3,10.1557_s0883769400029092,1,Title studies nonlinear optical properties of CdGeAs2.
ri-CdGeAs2-3,10.3390_coatings12111778,1,Title discusses related optical/physical data for CdGeAs2.
ri-CdGeAs2-3,10.3390_cryst13081164,1,Title studies nonlinear optical properties of CdGeAs2.
ri-CdGeP2-1,10.1002_advs.202106120,1,Title studies nonlinear optical properties of CdGeP2.
ri-CdGeP2-1,10.1002_pssa.2210570233,1,Title discusses related optical/physical data for CdGeP2.
ri-CdGeP2-1,10.1002_pssb.2221350220,1,Title discusses related optical/physical data for CdGeP2.
ri-CdGeP2-1,10.1007_s13538_016_0455_y,1,Title studies nonlinear optical properties of CdGeP2.
ri-CdGeP2-1,10.1016_0030_4018_73_90316_7,1,Title studies thermal or damage properties of CdGeP2.
ri-CdGeP2-1,10.1016_0030_4018_74_90350_2,1,Title discusses related optical/physical data for CdGeP2.
ri-CdGeP2-1,10.1016_j.cossms.2008.07.001,1,Title studies nonlinear optical properties of CdGeP2.
ri-CdGeP2-1,10.1016_j.ssc.2014.11.021,1,Title discusses related optical/physical data for CdGeP2.
ri-CdGeP2-1,10.1016_s0921_5107_02_00158_7,1,Title discusses related optical/physical data for CdGeP2.
ri-CdGeP2-1,10.1039_c4ce00817k,1,Title studies nonlinear optical properties of CdGeP2.
ri-CdGeP2-1,10.1063_1.109716,1,Title studies second-harmonic generation in CdGeP2.
ri-CdGeP2-1,10.1063_1.1678930,1,Title discusses related optical/physical data for CdGeP2.
ri-CdGeP2-1,10.1063_1.1687338,1,Title studies nonlinear optical properties of CdGeP2.
ri-CdGeP2-1,10.1063_1.370704,1,Title studies nonlinear optical properties of CdGeP2.
ri-CdGeP2-1,10.1063_1.5006660,1,Title investigates optical absorption and transmission of CdGeP2.
ri-CdGeP2-1,10.1063_5.0156144,1,Title discusses related optical/physical data for CdGeP2.
ri-CdGeP2-1,10.1109_jqe.1972.1076982,2,Title reports linear optical properties of chalcopyrite semiconductor CdGeP2.
ri-CdGeP2-1,10.1109_jqe.1974.1068091,1,Title discusses related optical/physical data for CdGeP2.
ri-CdGeP2-1,10.1364_josa.69.000730,1,Title discusses related optical/physical data for CdGeP2.
ri-CdGeP2-1,10.1364_josab.410454,1,Title studies vibrational/phonon properties of CdGeP2.
ri-CdGeP2-1,10.1364_ol.42.003920,1,Title discusses related optical/physical data for CdGeP2.
ri-CdGeP2-1,10.1364_ol.44.002867,1,Title discusses related optical/physical data for CdGeP2.
ri-CdGeP2-1,10.15330_pcss.23.4.728_740,1,Title discusses related optical/physical data for CdGeP2.
ri-CdGeP2-1,10.3390_cryst13081164,1,Title studies nonlinear optical properties of CdGeP2.
ri-CdGeP2-2,10.1002_advs.202106120,1,Title studies nonlinear optical properties of CdGeP2.
ri-CdGeP2-2,10.1002_pssa.2210570233,1,Title discusses related optical/physical data for CdGeP2.
ri-CdGeP2-2,10.1002_pssb.2221350220,1,Title discusses related optical/physical data for CdGeP2.
ri-CdGeP2-2,10.1007_s13538_016_0455_y,1,Title studies nonlinear optical properties of CdGeP2.
ri-CdGeP2-2,10.1016_0030_4018_73_90316_7,1,Title studies thermal or damage properties of CdGeP2.
ri-CdGeP2-2,10.1016_0030_4018_74_90350_2,1,Title discusses related optical/physical data for CdGeP2.
ri-CdGeP2-2,10.1016_j.cossms.2008.07.001,1,Title studies nonlinear optical properties of CdGeP2.
ri-CdGeP2-2,10.1016_j.ssc.2014.11.021,1,Title discusses related optical/physical data for CdGeP2.
ri-CdGeP2-2,10.1016_s0921_5107_02_00158_7,1,Title discusses related optical/physical data for CdGeP2.
ri-CdGeP2-2,10.1039_c4ce00817k,1,Title studies nonlinear optical properties of CdGeP2.
ri-CdGeP2-2,10.1063_1.109716,1,Title studies second-harmonic generation in CdGeP2.
ri-CdGeP2-2,10.1063_1.1678930,1,Title discusses related optical/physical data for CdGeP2.
ri-CdGeP2-2,10.1063_1.1687338,1,Title studies nonlinear optical properties of CdGeP2.
ri-CdGeP2-2,10.1063_1.370704,1,Title studies nonlinear optical properties of CdGeP2.
ri-CdGeP2-2,10.1063_1.5006660,1,Title investigates optical absorption and transmission of CdGeP2.
ri-CdGeP2-2,10.1063_5.0156144,1,Title discusses related optical/physical data for CdGeP2.
ri-CdGeP2-2,10.1109_jqe.1972.1076982,2,Title reports linear optical properties of chalcopyrite semiconductor CdGeP2.
ri-CdGeP2-2,10.1109_jqe.1974.1068091,1,Title discusses related optical/physical data for CdGeP2.
ri-CdGeP2-2,10.1364_josa.69.000730,1,Title discusses related optical/physical data for CdGeP2.
ri-CdGeP2-2,10.1364_josab.410454,1,Title studies vibrational/phonon properties of CdGeP2.
ri-CdGeP2-2,10.1364_ol.42.003920,1,Title discusses related optical/physical data for CdGeP2.
ri-CdGeP2-2,10.1364_ol.44.002867,1,Title discusses related optical/physical data for CdGeP2.
ri-CdGeP2-2,10.15330_pcss.23.4.728_740,1,Title discusses related optical/physical data for CdGeP2.
ri-CdGeP2-2,10.3390_cryst13081164,1,Title studies nonlinear optical properties of CdGeP2.
ri-CdGeP2-3,10.1002_advs.202106120,1,Title studies nonlinear optical properties of CdGeP2.
ri-CdGeP2-3,10.1002_pssa.2210570233,1,Title discusses related optical/physical data for CdGeP2.
ri-CdGeP2-3,10.1002_pssb.2221350220,1,Title discusses related optical/physical data for CdGeP2.
ri-CdGeP2-3,10.1007_s13538_016_0455_y,1,Title studies nonlinear optical properties of CdGeP2.
ri-CdGeP2-3,10.1016_0030_4018_73_90316_7,1,Title studies thermal or damage properties of CdGeP2.
ri-CdGeP2-3,10.1016_0030_4018_74_90350_2,1,Title discusses related optical/physical data for CdGeP2.
ri-CdGeP2-3,10.1016_j.cossms.2008.07.001,1,Title studies nonlinear optical properties of CdGeP2.
ri-CdGeP2-3,10.1016_j.ssc.2014.11.021,1,Title discusses related optical/physical data for CdGeP2.
ri-CdGeP2-3,10.1016_s0921_5107_02_00158_7,1,Title discusses related optical/physical data for CdGeP2.
ri-CdGeP2-3,10.1039_c4ce00817k,1,Title studies nonlinear optical properties of CdGeP2.
ri-CdGeP2-3,10.1063_1.109716,1,Title studies second-harmonic generation in CdGeP2.
ri-CdGeP2-3,10.1063_1.1678930,1,Title discusses related optical/physical data for CdGeP2.
ri-CdGeP2-3,10.1063_1.1687338,1,Title studies nonlinear optical properties of CdGeP2.
ri-CdGeP2-3,10.1063_1.370704,1,Title studies nonlinear optical properties of CdGeP2.
ri-CdGeP2-3,10.1063_1.5006660,1,Title investigates optical absorption and transmission of CdGeP2.
ri-CdGeP2-3,10.1063_5.0156144,1,Title discusses related optical/physical data for CdGeP2.
ri-CdGeP2-3,10.1109_jqe.1972.1076982,2,Title reports linear optical properties of chalcopyrite semiconductor CdGeP2.
ri-CdGeP2-3,10.1109_jqe.1974.1068091,1,Title discusses related optical/physical data for CdGeP2.
ri-CdGeP2-3,10.1364_josa.69.000730,1,Title discusses related optical/physical data for CdGeP2.
ri-CdGeP2-3,10.1364_josab.410454,1,Title studies vibrational/phonon properties of CdGeP2.
ri-CdGeP2-3,10.1364_ol.42.003920,1,Title discusses related optical/physical data for CdGeP2.
ri-CdGeP2-3,10.1364_ol.44.002867,1,Title discusses related optical/physical data for CdGeP2.
ri-CdGeP2-3,10.15330_pcss.23.4.728_740,1,Title discusses related optical/physical data for CdGeP2.
ri-CdGeP2-3,10.3390_cryst13081164,1,Title studies nonlinear optical properties of CdGeP2.
ri-CdS-1,10.1002_anie.200453822,0,"Title discusses RAFT, not CdS."
ri-CdS-1,10.1002_anie.200907021,0,"Title discusses Diluted Magnetic, not CdS."
ri-CdS-1,10.1002_pssa.2210150205,0,"Title discusses Optical properties, not CdS."
ri-CdS-1,10.1002_pssb.19690310146,2,Title reports refractive index and dispersion data for CdS.
ri-CdS-1,10.1002_pssb.2220700139,2,Title reports refractive index and dispersion data for CdS.
ri-CdS-1,10.1002_pssb.2220890210,1,Title discusses related optical/physical data for CdS.
ri-CdS-1,10.1002_pssb.2220900108,1,Title discusses related optical/physical data for CdS.
ri-CdS-1,10.1002_pssb.2220980243,2,Title reports refractive index and dispersion data for CdS.
ri-CdS-1,10.1002_pssb.2221410242,2,Title reports refractive index and dispersion data for CdS.
ri-CdS-1,10.1016_0022_0248_92_90857_f,1,Title studies nonlinear optical properties of CdS.
ri-CdS-1,10.1016_s0022_0248_00_00491_7,1,Title discusses related optical/physical data for CdS.
ri-CdS-1,10.1016_s1452_3981_23_18007_2,0,"Title discusses TOP, not CdS."
ri-CdS-1,10.1021_acs.chemmater.0c02593,0,"Title discusses Heterostructures in, not CdS."
ri-CdS-1,10.1021_acs.chemmater.6b02869,0,"Title discusses One-Pot Synthesis, not CdS."
ri-CdS-1,10.1021_acs.langmuir.7b01924,0,"Title discusses Functionalization of, not CdS."
ri-CdS-1,10.1021_acs.langmuir.8b02883,0,"Title discusses Colloidal Stability, not CdS."
ri-CdS-1,10.1021_acsnano.9b03552,0,"Title discusses When Like, not CdS."
ri-CdS-1,10.1021_cm900460j,0,"Title discusses Self-Assembled Structures, not CdS."
ri-CdS-1,10.1021_j100136a013,0,"Title discusses Surface effects, not CdS."
ri-CdS-1,10.1021_ja012576,0,"Title discusses Preparation of, not CdS."
ri-CdS-1,10.1021_ja047260r,0,"Title discusses Quantum Dots, not CdS."
ri-CdS-1,10.1021_ja074133x,0,"Title discusses Organic−Inorganic Nanocomposites, not CdS."
ri-CdS-1,10.1021_ja206776g,0,"Title discusses Lamellar Assembly, not CdS."
ri-CdS-1,10.1021_ja9908772,0,"Title discusses Pulsed Sonoelectrochemical, not CdS."
ri-CdS-1,10.1021_jacs.6b06443,1,Title discusses related optical/physical data for CdS.
ri-CdS-1,10.1021_jacs.6b13234,0,"Title discusses Tight Binding, not CdS."
ri-CdS-1,10.1021_jp1001989,0,"Title discusses Optical Properties, not CdS."
ri-CdS-1,10.1021_jp910489h,0,"Title discusses Fabrication of, not CdS."
ri-CdS-1,10.1021_jp9930402,0,"Title discusses Electrochemical Preparation, not CdS."
ri-CdS-1,10.1021_la0468139,0,"Title discusses Semiconductor Nanoparticle/Polystyrene, not CdS."
ri-CdS-1,10.1021_nn900373b,0,"Title discusses Bilayers as, not CdS."
ri-CdS-1,10.1038_s41427_018_0067_9,0,"Title discusses AgInS2, not CdS."
ri-CdS-1,10.1039_c4nr07134d,0,"Title discusses Colloidal synthesis, not CdS."
ri-CdS-1,10.1039_c9cp02433f,0,"Title discusses Effects of, not CdS."
ri-CdS-1,10.1063_1.112901,1,Title investigates optical absorption and transmission of CdS.
ri-CdS-1,10.1063_1.125250,0,"Title discusses Optical properties, not CdS."
ri-CdS-1,10.1063_1.1424321,0,"Title discusses An interatomic, not CdS."
ri-CdS-1,10.1063_1.1713754,0,"Title discusses Polar Properties, not CdS."
ri-CdS-1,10.1063_1.1735786,1,Title discusses related optical/physical data for CdS.
ri-CdS-1,10.1063_1.1771451,0,"Title discusses High-performance photorefractive, not CdS."
ri-CdS-1,10.1063_1.355161,0,"Title discusses Optical constants, not CdS."
ri-CdS-1,10.1063_1.360355,2,Title reports refractive index and dispersion data for CdS.
ri-CdS-1,10.1063_1.3659485,0,"Title discusses Enhanced photorefractive, not CdS."
ri-CdS-1,10.1063_1.369402,0,"Title discusses Photoinduced effects, not CdS."
ri-CdS-1,10.1063_1.4729468,1,Title discusses related optical/physical data for CdS.
ri-CdS-1,10.1080_02678292.2012.761735,0,"Title discusses DOBAMBC, not CdS."
ri-CdS-1,10.1080_02678292.2013.824122,0,"Title discusses Nanoparticles in, not CdS."
ri-CdS-1,10.1080_02678292.2016.1159344,0,"Title discusses Effect of, not CdS."
ri-CdS-1,10.1088_1464_4258_11_10_105201,0,"Title discusses Measurement of, not CdS."
ri-CdS-1,10.1088_1742_6596_286_1_012038,1,Title discusses related optical/physical data for CdS.
ri-CdS-1,10.1098_rspa.1961.0039,0,"Title discusses Dichroism and, not CdS."
ri-CdS-1,10.1098_rspa.1961.0106,0,"Title discusses The optical, not CdS."
ri-CdS-1,10.1103_physrev.143.501,0,"Title discusses Optical Band, not CdS."
ri-CdS-1,10.1103_physrevb.39.3337,0,"Title discusses nonlinear index of crystals, without CdS dispersion formula."
ri-CdS-1,10.1126_sciadv.adi6950,0,"Title discusses Direct photocatalytic, not CdS."
ri-CdS-1,10.1126_science.1097830,0,"Title discusses Selective Growth, not CdS."
ri-CdS-1,10.1143_jjap.31.742,0,"Title discusses Effect of, not CdS."
ri-CdS-1,10.12693_aphyspola.128.b_219,0,"Title discusses Fabrication and, not CdS."
ri-CdS-1,10.1364_ao.24.001147,2,Title provides Sellmeier equations for CdS.
ri-CdS-1,10.1364_ao.32.004223,1,Title discusses related optical/physical data for CdS.
ri-CdS-1,10.1364_josa.53.000496,2,Title reports refractive index and dispersion data for CdS.
ri-CdS-1,10.1364_ol.28.001957,0,"Title discusses Synchronously pumped, not CdS."
ri-CdS-1,10.1364_ome.8.001796,0,"Title discusses Growth and, not CdS."
ri-CdS-1,10.1364_opex.13.009235,0,"Title discusses Three-photon absorption, not CdS."
ri-CdS-1,10.3139_217.3729,0,"Title discusses PVA, not CdS."
ri-CdS-1,10.3390_ma14123307,0,"Title discusses PLD, not CdS."
ri-CdS-1,2012_Gru_nwald_Transferable_pair_potentials_for_CdS_and_ZnS_crystals_065707,1,Title discusses related optical/physical data for CdS.
ri-CdS-2,10.1002_anie.200453822,0,"Title discusses RAFT, not CdS."
ri-CdS-2,10.1002_anie.200907021,0,"Title discusses Diluted Magnetic, not CdS."
ri-CdS-2,10.1002_pssa.2210150205,0,"Title discusses Optical properties, not CdS."
ri-CdS-2,10.1002_pssb.19690310146,2,Title reports refractive index and dispersion data for CdS.
ri-CdS-2,10.1002_pssb.2220700139,2,Title reports refractive index and dispersion data for CdS.
ri-CdS-2,10.1002_pssb.2220890210,1,Title discusses related optical/physical data for CdS.
ri-CdS-2,10.1002_pssb.2220900108,1,Title discusses related optical/physical data for CdS.
ri-CdS-2,10.1002_pssb.2220980243,2,Title reports refractive index and dispersion data for CdS.
ri-CdS-2,10.1002_pssb.2221410242,2,Title reports refractive index and dispersion data for CdS.
ri-CdS-2,10.1016_0022_0248_92_90857_f,1,Title studies nonlinear optical properties of CdS.
ri-CdS-2,10.1016_s0022_0248_00_00491_7,1,Title discusses related optical/physical data for CdS.
ri-CdS-2,10.1016_s1452_3981_23_18007_2,0,"Title discusses TOP, not CdS."
ri-CdS-2,10.1021_acs.chemmater.0c02593,0,"Title discusses Heterostructures in, not CdS."
ri-CdS-2,10.1021_acs.chemmater.6b02869,0,"Title discusses One-Pot Synthesis, not CdS."
ri-CdS-2,10.1021_acs.langmuir.7b01924,0,"Title discusses Functionalization of, not CdS."
ri-CdS-2,10.1021_acs.langmuir.8b02883,0,"Title discusses Colloidal Stability, not CdS."
ri-CdS-2,10.1021_acsnano.9b03552,0,"Title discusses When Like, not CdS."
ri-CdS-2,10.1021_cm900460j,0,"Title discusses Self-Assembled Structures, not CdS."
ri-CdS-2,10.1021_j100136a013,0,"Title discusses Surface effects, not CdS."
ri-CdS-2,10.1021_ja012576,0,"Title discusses Preparation of, not CdS."
ri-CdS-2,10.1021_ja047260r,0,"Title discusses Quantum Dots, not CdS."
ri-CdS-2,10.1021_ja074133x,0,"Title discusses Organic−Inorganic Nanocomposites, not CdS."
ri-CdS-2,10.1021_ja206776g,0,"Title discusses Lamellar Assembly, not CdS."
ri-CdS-2,10.1021_ja9908772,0,"Title discusses Pulsed Sonoelectrochemical, not CdS."
ri-CdS-2,10.1021_jacs.6b06443,1,Title discusses related optical/physical data for CdS.
ri-CdS-2,10.1021_jacs.6b13234,0,"Title discusses Tight Binding, not CdS."
ri-CdS-2,10.1021_jp1001989,0,"Title discusses Optical Properties, not CdS."
ri-CdS-2,10.1021_jp910489h,0,"Title discusses Fabrication of, not CdS."
ri-CdS-2,10.1021_jp9930402,0,"Title discusses Electrochemical Preparation, not CdS."
ri-CdS-2,10.1021_la0468139,0,"Title discusses Semiconductor Nanoparticle/Polystyrene, not CdS."
ri-CdS-2,10.1021_nn900373b,0,"Title discusses Bilayers as, not CdS."
ri-CdS-2,10.1038_s41427_018_0067_9,0,"Title discusses AgInS2, not CdS."
ri-CdS-2,10.1039_c4nr07134d,0,"Title discusses Colloidal synthesis, not CdS."
ri-CdS-2,10.1039_c9cp02433f,0,"Title discusses Effects of, not CdS."
ri-CdS-2,10.1063_1.112901,1,Title investigates optical absorption and transmission of CdS.
ri-CdS-2,10.1063_1.125250,0,"Title discusses Optical properties, not CdS."
ri-CdS-2,10.1063_1.1424321,0,"Title discusses An interatomic, not CdS."
ri-CdS-2,10.1063_1.1713754,0,"Title discusses Polar Properties, not CdS."
ri-CdS-2,10.1063_1.1735786,1,Title discusses related optical/physical data for CdS.
ri-CdS-2,10.1063_1.1771451,0,"Title discusses High-performance photorefractive, not CdS."
ri-CdS-2,10.1063_1.355161,0,"Title discusses Optical constants, not CdS."
ri-CdS-2,10.1063_1.360355,2,Title reports refractive index and dispersion data for CdS.
ri-CdS-2,10.1063_1.3659485,0,"Title discusses Enhanced photorefractive, not CdS."
ri-CdS-2,10.1063_1.369402,0,"Title discusses Photoinduced effects, not CdS."
ri-CdS-2,10.1063_1.4729468,1,Title discusses related optical/physical data for CdS.
ri-CdS-2,10.1080_02678292.2012.761735,0,"Title discusses DOBAMBC, not CdS."
ri-CdS-2,10.1080_02678292.2013.824122,0,"Title discusses Nanoparticles in, not CdS."
ri-CdS-2,10.1080_02678292.2016.1159344,0,"Title discusses Effect of, not CdS."
ri-CdS-2,10.1088_1464_4258_11_10_105201,0,"Title discusses Measurement of, not CdS."
ri-CdS-2,10.1088_1742_6596_286_1_012038,1,Title discusses related optical/physical data for CdS.
ri-CdS-2,10.1098_rspa.1961.0039,0,"Title discusses Dichroism and, not CdS."
ri-CdS-2,10.1098_rspa.1961.0106,0,"Title discusses The optical, not CdS."
ri-CdS-2,10.1103_physrev.143.501,0,"Title discusses Optical Band, not CdS."
ri-CdS-2,10.1103_physrevb.39.3337,0,"Title discusses nonlinear index of crystals, without CdS dispersion formula."
ri-CdS-2,10.1126_sciadv.adi6950,0,"Title discusses Direct photocatalytic, not CdS."
ri-CdS-2,10.1126_science.1097830,0,"Title discusses Selective Growth, not CdS."
ri-CdS-2,10.1143_jjap.31.742,0,"Title discusses Effect of, not CdS."
ri-CdS-2,10.12693_aphyspola.128.b_219,0,"Title discusses Fabrication and, not CdS."
ri-CdS-2,10.1364_ao.24.001147,2,Title provides Sellmeier equations for CdS.
ri-CdS-2,10.1364_ao.32.004223,1,Title discusses related optical/physical data for CdS.
ri-CdS-2,10.1364_josa.53.000496,2,Title reports refractive index and dispersion data for CdS.
ri-CdS-2,10.1364_ol.28.001957,0,"Title discusses Synchronously pumped, not CdS."
ri-CdS-2,10.1364_ome.8.001796,0,"Title discusses Growth and, not CdS."
ri-CdS-2,10.1364_opex.13.009235,0,"Title discusses Three-photon absorption, not CdS."
ri-CdS-2,10.3139_217.3729,0,"Title discusses PVA, not CdS."
ri-CdS-2,10.3390_ma14123307,0,"Title discusses PLD, not CdS."
ri-CdS-2,2012_Gru_nwald_Transferable_pair_potentials_for_CdS_and_ZnS_crystals_065707,1,Title discusses related optical/physical data for CdS.
ri-CdS-3,10.1002_anie.200453822,0,"Title discusses RAFT, not CdS."
ri-CdS-3,10.1002_anie.200907021,0,"Title discusses Diluted Magnetic, not CdS."
ri-CdS-3,10.1002_pssa.2210150205,0,"Title discusses Optical properties, not CdS."
ri-CdS-3,10.1002_pssb.19690310146,2,Title reports refractive index and dispersion data for CdS.
ri-CdS-3,10.1002_pssb.2220700139,2,Title reports refractive index and dispersion data for CdS.
ri-CdS-3,10.1002_pssb.2220890210,1,Title discusses related optical/physical data for CdS.
ri-CdS-3,10.1002_pssb.2220900108,1,Title discusses related optical/physical data for CdS.
ri-CdS-3,10.1002_pssb.2220980243,2,Title reports refractive index and dispersion data for CdS.
ri-CdS-3,10.1002_pssb.2221410242,2,Title reports refractive index and dispersion data for CdS.
ri-CdS-3,10.1016_0022_0248_92_90857_f,1,Title studies nonlinear optical properties of CdS.
ri-CdS-3,10.1016_s0022_0248_00_00491_7,1,Title discusses related optical/physical data for CdS.
ri-CdS-3,10.1016_s1452_3981_23_18007_2,0,"Title discusses TOP, not CdS."
ri-CdS-3,10.1021_acs.chemmater.0c02593,0,"Title discusses Heterostructures in, not CdS."
ri-CdS-3,10.1021_acs.chemmater.6b02869,0,"Title discusses One-Pot Synthesis, not CdS."
ri-CdS-3,10.1021_acs.langmuir.7b01924,0,"Title discusses Functionalization of, not CdS."
ri-CdS-3,10.1021_acs.langmuir.8b02883,0,"Title discusses Colloidal Stability, not CdS."
ri-CdS-3,10.1021_acsnano.9b03552,0,"Title discusses When Like, not CdS."
ri-CdS-3,10.1021_cm900460j,0,"Title discusses Self-Assembled Structures, not CdS."
ri-CdS-3,10.1021_j100136a013,0,"Title discusses Surface effects, not CdS."
ri-CdS-3,10.1021_ja012576,0,"Title discusses Preparation of, not CdS."
ri-CdS-3,10.1021_ja047260r,0,"Title discusses Quantum Dots, not CdS."
ri-CdS-3,10.1021_ja074133x,0,"Title discusses Organic−Inorganic Nanocomposites, not CdS."
ri-CdS-3,10.1021_ja206776g,0,"Title discusses Lamellar Assembly, not CdS."
ri-CdS-3,10.1021_ja9908772,0,"Title discusses Pulsed Sonoelectrochemical, not CdS."
ri-CdS-3,10.1021_jacs.6b06443,1,Title discusses related optical/physical data for CdS.
ri-CdS-3,10.1021_jacs.6b13234,0,"Title discusses Tight Binding, not CdS."
ri-CdS-3,10.1021_jp1001989,0,"Title discusses Optical Properties, not CdS."
ri-CdS-3,10.1021_jp910489h,0,"Title discusses Fabrication of, not CdS."
ri-CdS-3,10.1021_jp9930402,0,"Title discusses Electrochemical Preparation, not CdS."
ri-CdS-3,10.1021_la0468139,0,"Title discusses Semiconductor Nanoparticle/Polystyrene, not CdS."
ri-CdS-3,10.1021_nn900373b,0,"Title discusses Bilayers as, not CdS."
ri-CdS-3,10.1038_s41427_018_0067_9,0,"Title discusses AgInS2, not CdS."
ri-CdS-3,10.1039_c4nr07134d,0,"Title discusses Colloidal synthesis, not CdS."
ri-CdS-3,10.1039_c9cp02433f,0,"Title discusses Effects of, not CdS."
ri-CdS-3,10.1063_1.112901,1,Title investigates optical absorption and transmission of CdS.
ri-CdS-3,10.1063_1.125250,0,"Title discusses Optical properties, not CdS."
ri-CdS-3,10.1063_1.1424321,0,"Title discusses An interatomic, not CdS."
ri-CdS-3,10.1063_1.1713754,0,"Title discusses Polar Properties, not CdS."
ri-CdS-3,10.1063_1.1735786,1,Title discusses related optical/physical data for CdS.
ri-CdS-3,10.1063_1.1771451,0,"Title discusses High-performance photorefractive, not CdS."
ri-CdS-3,10.1063_1.355161,0,"Title discusses Optical constants, not CdS."
ri-CdS-3,10.1063_1.360355,2,Title reports refractive index and dispersion data for CdS.
ri-CdS-3,10.1063_1.3659485,0,"Title discusses Enhanced photorefractive, not CdS."
ri-CdS-3,10.1063_1.369402,0,"Title discusses Photoinduced effects, not CdS."
ri-CdS-3,10.1063_1.4729468,1,Title discusses related optical/physical data for CdS.
ri-CdS-3,10.1080_02678292.2012.761735,0,"Title discusses DOBAMBC, not CdS."
ri-CdS-3,10.1080_02678292.2013.824122,0,"Title discusses Nanoparticles in, not CdS."
ri-CdS-3,10.1080_02678292.2016.1159344,0,"Title discusses Effect of, not CdS."
ri-CdS-3,10.1088_1464_4258_11_10_105201,0,"Title discusses Measurement of, not CdS."
ri-CdS-3,10.1088_1742_6596_286_1_012038,1,Title discusses related optical/physical data for CdS.
ri-CdS-3,10.1098_rspa.1961.0039,0,"Title discusses Dichroism and, not CdS."
ri-CdS-3,10.1098_rspa.1961.0106,0,"Title discusses The optical, not CdS."
ri-CdS-3,10.1103_physrev.143.501,0,"Title discusses Optical Band, not CdS."
ri-CdS-3,10.1103_physrevb.39.3337,0,"Title discusses nonlinear index of crystals, without CdS dispersion formula."
ri-CdS-3,10.1126_sciadv.adi6950,0,"Title discusses Direct photocatalytic, not CdS."
ri-CdS-3,10.1126_science.1097830,0,"Title discusses Selective Growth, not CdS."
ri-CdS-3,10.1143_jjap.31.742,0,"Title discusses Effect of, not CdS."
ri-CdS-3,10.12693_aphyspola.128.b_219,0,"Title discusses Fabrication and, not CdS."
ri-CdS-3,10.1364_ao.24.001147,2,Title provides Sellmeier equations for CdS.
ri-CdS-3,10.1364_ao.32.004223,1,Title discusses related optical/physical data for CdS.
ri-CdS-3,10.1364_josa.53.000496,2,Title reports refractive index and dispersion data for CdS.
ri-CdS-3,10.1364_ol.28.001957,0,"Title discusses Synchronously pumped, not CdS."
ri-CdS-3,10.1364_ome.8.001796,0,"Title discusses Growth and, not CdS."
ri-CdS-3,10.1364_opex.13.009235,0,"Title discusses Three-photon absorption, not CdS."
ri-CdS-3,10.3139_217.3729,0,"Title discusses PVA, not CdS."
ri-CdS-3,10.3390_ma14123307,0,"Title discusses PLD, not CdS."
ri-CdS-3,2012_Gru_nwald_Transferable_pair_potentials_for_CdS_and_ZnS_crystals_065707,1,Title discusses related optical/physical data for CdS.
ri-CdSe-1,10.1002_anie.200453822,1,Title investigates optical parametric processes in CdSe.
ri-CdSe-1,10.1002_anie.200907021,0,"Title discusses Diluted Magnetic, not CdSe."
ri-CdSe-1,10.1002_pssa.2210150205,0,"Title discusses Optical properties, not CdSe."
ri-CdSe-1,10.1002_pssb.19690310146,2,Title reports refractive index and dispersion data for CdSe.
ri-CdSe-1,10.1002_pssb.2220700139,0,"Title discusses The Spatial, not CdSe."
ri-CdSe-1,10.1002_pssb.2220890210,0,"Title discusses Comparison of, not CdSe."
ri-CdSe-1,10.1002_pssb.2220900108,0,"Title discusses A quantitative, not CdSe."
ri-CdSe-1,10.1002_pssb.2220980243,0,"Title discusses Additional Waves, not CdSe."
ri-CdSe-1,10.1002_pssb.2221410242,0,"Title discusses Size Effect, not CdSe."
ri-CdSe-1,10.1016_0022_0248_92_90857_f,0,"Title discusses Optical nonlinearity, not CdSe."
ri-CdSe-1,10.1016_s0022_0248_00_00491_7,0,"Title discusses The optical, not CdSe."
ri-CdSe-1,10.1016_s1452_3981_23_18007_2,1,Title discusses related optical/physical data for CdSe.
ri-CdSe-1,10.1021_acs.chemmater.0c02593,1,Title discusses related optical/physical data for CdSe.
ri-CdSe-1,10.1021_acs.chemmater.6b02869,1,Title discusses related optical/physical data for CdSe.
ri-CdSe-1,10.1021_acs.langmuir.7b01924,1,Title discusses related optical/physical data for CdSe.
ri-CdSe-1,10.1021_acs.langmuir.8b02883,0,"Title discusses Colloidal Stability, not CdSe."
ri-CdSe-1,10.1021_acsnano.9b03552,0,"Title discusses When Like, not CdSe."
ri-CdSe-1,10.1021_cm703406c,1,Title discusses related optical/physical data for CdSe.
ri-CdSe-1,10.1021_cm900460j,1,Title discusses related optical/physical data for CdSe.
ri-CdSe-1,10.1021_j100136a013,1,Title discusses related optical/physical data for CdSe.
ri-CdSe-1,10.1021_ja012576,1,Title discusses related optical/physical data for CdSe.
ri-CdSe-1,10.1021_ja0361749,1,Title discusses related optical/physical data for CdSe.
ri-CdSe-1,10.1021_ja047260r,0,"Title discusses Quantum Dots, not CdSe."
ri-CdSe-1,10.1021_ja074133x,0,"Title discusses Organic−Inorganic Nanocomposites, not CdSe."
ri-CdSe-1,10.1021_ja206776g,1,Title discusses related optical/physical data for CdSe.
ri-CdSe-1,10.1021_ja9908772,1,Title investigates optical parametric processes in CdSe.
ri-CdSe-1,10.1021_jacs.6b06443,1,Title discusses related optical/physical data for CdSe.
ri-CdSe-1,10.1021_jacs.6b13234,1,Title discusses related optical/physical data for CdSe.
ri-CdSe-1,10.1021_jp1001989,1,Title discusses related optical/physical data for CdSe.
ri-CdSe-1,10.1021_jp910489h,1,Title investigates optical parametric processes in CdSe.
ri-CdSe-1,10.1021_jp9930402,1,Title discusses related optical/physical data for CdSe.
ri-CdSe-1,10.1021_la0468139,0,"Title discusses Semiconductor Nanoparticle/Polystyrene, not CdSe."
ri-CdSe-1,10.1021_nl025596y,1,Title discusses related optical/physical data for CdSe.
ri-CdSe-1,10.1021_nn900373b,0,"Title discusses Bilayers as, not CdSe."
ri-CdSe-1,10.1038_s41427_018_0067_9,0,"Title discusses AgInS2, not CdSe."
ri-CdSe-1,10.1039_c4nr07134d,1,Title discusses related optical/physical data for CdSe.
ri-CdSe-1,10.1039_c9cp02433f,1,Title discusses related optical/physical data for CdSe.
ri-CdSe-1,10.1063_1.125250,1,Title discusses related optical/physical data for CdSe.
ri-CdSe-1,10.1063_1.1424321,1,Title discusses related optical/physical data for CdSe.
ri-CdSe-1,10.1063_1.1653673,1,Title studies nonlinear optical properties of CdSe.
ri-CdSe-1,10.1063_1.1703106,2,Title measures refractive indices of several crystals including CdSe.
ri-CdSe-1,10.1063_1.1713754,0,"Title discusses Polar Properties, not CdSe."
ri-CdSe-1,10.1063_1.1735786,0,"Title discusses Photoemission in, not CdSe."
ri-CdSe-1,10.1063_1.1771451,1,Title investigates optical parametric processes in CdSe.
ri-CdSe-1,10.1063_1.355161,1,Title discusses related optical/physical data for CdSe.
ri-CdSe-1,10.1063_1.359815,2,Title reports refractive index and dispersion data for CdSe.
ri-CdSe-1,10.1063_1.3659485,0,"Title discusses Enhanced photorefractive, not CdSe."
ri-CdSe-1,10.1063_1.369402,0,"Title discusses Photoinduced effects, not CdSe."
ri-CdSe-1,10.1063_1.4729468,0,"Title discusses Transferable pair, not CdSe."
ri-CdSe-1,10.1080_02678292.2012.761735,1,Title studies nonlinear optical properties of CdSe.
ri-CdSe-1,10.1080_02678292.2013.824122,0,"Title discusses Nanoparticles in, not CdSe."
ri-CdSe-1,10.1080_02678292.2016.1159344,1,Title studies nonlinear optical properties of CdSe.
ri-CdSe-1,10.1088_1464_4258_11_10_105201,0,"Title discusses Measurement of, not CdSe."
ri-CdSe-1,10.1098_rspa.1961.0039,1,Title discusses related optical/physical data for CdSe.
ri-CdSe-1,10.1098_rspa.1961.0106,1,Title discusses related optical/physical data for CdSe.
ri-CdSe-1,10.1103_physrev.143.501,0,"Title discusses Optical Band, not CdSe."
ri-CdSe-1,10.1103_physrevb.49.7262,1,Title discusses related optical/physical data for CdSe.
ri-CdSe-1,10.1109_jqe.1980.1070580,1,Title studies nonlinear optical properties of CdSe.
ri-CdSe-1,10.1126_sciadv.adi6950,0,"Title discusses Direct photocatalytic, not CdSe."
ri-CdSe-1,10.1126_science.1097830,0,"Title discusses Selective Growth, not CdSe."
ri-CdSe-1,10.1143_jjap.31.742,1,Title investigates optical parametric processes in CdSe.
ri-CdSe-1,10.12693_aphyspola.128.b_219,1,Title discusses related optical/physical data for CdSe.
ri-CdSe-1,10.1364_ao.32.004223,1,Title discusses related optical/physical data for CdSe.
ri-CdSe-1,10.1364_josa.53.000496,0,"Title discusses Refractive Indexes, not CdSe."
ri-CdSe-1,10.1364_ol.28.001957,1,Title investigates optical parametric processes in CdSe.
ri-CdSe-1,10.1364_ome.8.001796,1,Title investigates crystal growth and properties of CdSe.
ri-CdSe-1,10.1364_opex.13.009235,0,"Title discusses Three-photon absorption, not CdSe."
ri-CdSe-1,10.3139_217.3729,1,Title discusses related optical/physical data for CdSe.
ri-CdSe-1,10.3390_ma14123307,1,Title discusses related optical/physical data for CdSe.
